index_in_sae,label
0,water quality and systems
1,wine and winery terms
2,spatial connections and access
3,phrases after commas
4,mounting or exposing parts
5,qualifications and characteristics
6,origin or cause
7,lacking or absence of something
8,CppMethod compilation and Estimation
9,stating a desire
10,describing or representing relationships
11,taking advantage of opportunities
12,"cervical fracture, firm conviction, protein, American, He"
13,invention and devices
14,the + specific entity/concept
15,parts of sections or segments
16,section headers or list items
17,technical identifiers and abbreviations
18,US states and locations
19,bands and artists
20,is/was/are followed by descriptions
21,mathematical expressions
22,which or what clauses
23,mathematical summation expressions with indices
24,names of cities
25,"because, since, for this reason"
26,a number of
27,verbs followed by prepositions
28,wrap content layout
29,quantifiers followed by nouns
30,works or functions
31,book related concepts
32,explaining reasons
33,expressing possibility or potential
34,quantities and specific selection
35,UI framework and event code
36,procedures and requirements
37,sentence endings and new concepts
38,at followed by a word
39,biological expression and measurement
40,"towns, villages, and places"
41,negative outcomes or consequences
43,thoughts and feelings
44,code constructs ending in parenthesis
45,references and citations
46,defining functions or methods
47,C++ template type deduction
48,hormone and pituitary regulation
49,Australian national entities
50,"work, shifts, duties"
52,"strange, odd, or peculiar things"
53,social outings and family events
54,accuracy and inaccuracy
55,medical disease
56,sense of abstract concepts
57,referential connections
58,temporal context
59,proposed methods and estimators
60,causes states and properties
61,daily weekly monthly challenges
62,other followed by category
63,not to
64,role strength foundation development control
65,such element or view
66,let us
67,special characters and placeholders
68,parenthetical explanations or translations
69,programming language keywords
70,edges and borders
71,"graduated, skilled, qualified"
72,experiencevolumenumbercommand
73,regression and statistical analysis
74,rooms and spaces
75,need to
76,code and english code snippets
77,foreign language creation verbs
78,for purposes
79,direction and orientation
80,for us
81,indicated for treatment
82,types of
83,interchangeable parts or attachments
84,blindly perpetuated dogma
85,code and specific terms
86,CLI commands and updates
87,switch statements
88,past experience is strong
89,middle elements
90,concepts and descriptions
91,promotional prices and attractive offers
92,personal
93,rate of
94,future lessons and improvements
95,legal and code references
96,asking for a way to do something
97,objective-c class instantiation
98,little
99,increase
100,out of
101,relative followed by qualification
102,you are followed by verbs
103,nothing or except
104,"why, when, whether, that"
105,performed by someone or something
106,academic studies and literature
107,"date, time, citation, punctuation"
108,sports outcomes and technical terms
109,code punctuation and sequence
110,transition into
111,photos of people posing
112,"URLs, code, files, projects"
113,an official
114,programming code constructs
115,make sure to / ensure
116,fn upgrade
117,"human biological cells, beings, or entities"
118,encourage or recommend actions
119,market movements and levels
120,decision will
121,desire to act
123,"medical professionals, devices, and applications"
124,words after a/an
125,positions of authority
126,onboarding and rendering flags
127,venture funded startups
128,forms of 'to be' verbs
129,citations and references
130,list items separated by commas/and
131,words followed by prepositions
132,"Math.max, Math.min, get, array"
133,non-English or code fragments
134,class declaration and properties
135,configure https
136,collective groups and individuals
137,married or dealing with someone
138,names and titles
139,enhances abilities and characteristics
140,mixed language nouns and identifiers
141,game-related phrases
142,is/are/was followed by descriptions
143,legal motions
144,belonging to a group or category
145,numbers and text identifiers
146,organizational departments and units
147,nuclear energy and physics
148,mathematical vector notation
149,"pour, para, for"
150,injuries and ailments
151,financial revenue and guidance
152,necessary or required
153,number formatted
154,placebo-controlled questions
155,this is / this \[noun]
156,anniversary and birthday
157,future outcomes
158,knowing how to answer
159,"political party, administrator, period, ways, knots, uncontrolled, Christ, contractors, detect, scratch"
160,if return try for
161,HTML form elements
162,database access objects
163,produced or sent
164,legal and administrative terms
165,numerical timestamps
166,presence of
167,primary cause explanation
168,"formulas, citations, and punctuation"
169,"will, should, may followed by verbs"
170,like I said
171,mathematical equations and programming code
172,a or an followed by noun
173,dates and years
174,out of
175,Arabic script and code identifiers
176,future events
177,device is
178,"oxygen saturation, technical terms"
179,numbers and percentages in structured text
180,price hikes and increases
181,LaTeX math and code snippets
182,numbers
183,legal cases and administrative details
184,"role, category, files, width"
185,citation names
186,any structure or edge
187,technical terms start with letters
188,", or , and"
189,adjective-noun pairings
190,same
191,car racing and enthusiasts
192,action verbs followed by objects
193,numbers and durations
194,medical and healthcare exceptions
195,numerical data points
196,Czech language context
197,mathematical and statistical concepts
198,closing punctuation and brackets
199,descriptive adjectives
200,No visitor
201,locations like Zoom
202,somewhat or slightly
203,included accessories
204,"resistance, resistivity, times, variances increase"
205,phrases starting with prepositions
206,past time references
207,job titles and company names
208,online content or telephone
209,"places, organizations, technology"
210,"error messages following ""please"""
211,watching closely
212,phrases starting with prepositions
213,first instance or mention
214,control cells compared
215,professional services and web technologies
216,F1 game downloads
217,temporal indicators
218,code keywords and programming constructs
219,making a decision
220,actions taken to achieve this
221,"optional, null, or nil values"
222,statistical or mathematical notation
223,units of measurement
224,hexadecimal number followed by comma
225,contrast with negative outcomes
226,entities that provide or issue things
227,judges and authors state
228,"specific noun follows ""the"""
229,enterprise list data types
230,young associate
231,"unconsciousness, amnesia, drowsiness, altered judgement"
232,Proper nouns and technical terms
233,describing locations
234,on the
235,code representation
236,the conjunction nor
237,children and their activities
238,"thereafter, normal approximation"
239,light [modifier]
240,dialogue punctuated by quotes
241,phone calls and conversations
242,cause about
243,agreement or clarification
244,possessive pronouns followed by family members
245,"actions, intentions, and future capabilities"
246,"fluid barrier, thermal compression, Joseph Sanders"
247,dates and numbers
248,lists of
249,"drugs, Angels, vivo, ortho, scream"
250,our collective action
251,complaint or downside
252,describing characteristics or properties
253,programming syntax and keywords
254,programming code snippets
255,COMEX Division
256,mathematical notation with exponents
257,making a reservation or appointment
258,company names and associated terms
259,first of something
260,should be followed by recommendation
261,distance or proximity
262,consumer electronics brands
263,removing or removal
264,contribute to
265,just or simply followed by verb/adjective
266,failure to act properly
267,adjacency lists and graph edges
268,function calls ending expressions
269,domain-describing adverbs
270,"code: ""queued"", ""Response"", ""raw"""
271,organizational membership and affiliations
272,handmade items
273,visual inspection
274,technical descriptions or devices
275,manner in which
276,code igniter database queries
277,mathematical symbols and notation
278,"Lists new, other, classified, conclusion"
279,loss and sadness
280,starting point
281,code delimiters and multilingual metadata
282,constitutional punishment
283,theater and premieres
284,"area under, automated external, upper normal"
285,if followed by condition
286,negating verbs or states
287,musical performers and composers
288,words following definite article
289,code and data structures
290,border and frontier
291,enter or into places
292,"I remember, I excluded, I included"
293,complaints about services
294,current offer or discounts
295,formula fragments
296,code delimiters and programming terms
297,representation and delegation
298,"case, statements, MOTION"
299,code block endings
300,game results
301,conjunctions and list separators
302,"cap, pie, pen, tea"
303,quantities and units
304,git diffs and commits
305,attack and crime
306,initialization and setup
307,winner of contests
308,sensitize cells
309,"position, direction, or range"
310,roles or groups of people
311,promise or future
312,chapter designations
313,advertising and testimonials
314,by followed by various words
315,first inventions and subsequent events
316,inquiring about possibility or existence
317,temporal positioning
318,classification of medical and data entities
319,citation years and numbers
320,comparing two
321,"At the, at this"
322,phrases starting with specific words
323,file names and paths
324,structures and systems created
325,counts and quantities
326,medical procedures and applications
327,professions and roles
328,"Spanish ""que"" and programming constructs"
329,physical injuries and medical conditions
330,"Le Cam distance, Metropolis algorithm, McMillan equation"
331,times of day and durations
332,"that, so, whereas, when"
333,currency symbols and amounts
334,intellectual critique and debate
335,numbers and quantities
336,equally something else
337,numbers and measurements
338,rates of modified
339,chart layout and options
340,facilities and amenities
341,both X and Y
342,cover around or encase
343,"contractions like isn, doesn, aren"
344,punctuation and code delimiters
345,words with prefix trans
346,craft supplies and decorations
347,information about
348,determiner followed by noun/verb
349,comparisons and distinctions
350,tiredness and exhaustion
351,ability or capacity to perform actions
352,mathematical expressions
353,tracking or monitoring
354,waste resources
355,programming imports and identifiers
356,romantic fiction and legends
357,bracketed punctuation
358,legal or formal instructions
359,"Sweden, Swedish, Scandinavian"
360,plant growth and cultivation
361,mathematical and programming symbols
362,modern artificial
363,their following noun
364,variables and parameters
365,"simple, well, cases, later, means"
366,specific local associations
367,"Now, in order to"
368,"codes, company, lawyer, spain, waive"
369,console logging and error reporting
370,"vocational education, cruising speed, blood serum"
371,renewable energy and fuels
372,easier to facilitate
373,"syscall.Errno, android.view, lactam bridge, necessarily a"
374,specific examples and locations
375,shortage scarcity limited
376,start of a new sentence
377,foreign words and contexts
378,opening
379,code or configuration
380,vulgar shit
381,assignments and code structures
382,personality traits
383,Caribbean islands and country names
384,dates
385,pronoun followed by state verb
386,noun suffixes
387,violating laws and rules
388,so [adjective] that
389,print statements and code output
390,legal arguments or appellant contexts
391,reset and clear operations
392,initialization and decoding methods
393,STAT proteins
394,mathematical symbols and notation
395,"numbers, units, and citations"
396,filed augmentation of date
397,ghost number
398,sum of mathematical values
399,reasoning and seeking actions
400,friendly event matchups
401,mathematical variables and powers
402,use and applications
403,and is/are followed by descriptive
404,taxonomic family endings
405,Armenian and Georgian places
406,soaking liquids
407,really know how
408,version updates and availability
409,verbs in action
410,array initializers and expressions
411,enumeration and inclusion
412,legal citations referencing court cases
413,referencing previous statements
414,programming language constructs
415,technology and future
416,specifications and inclusions
417,Greek letters followed by symbols
418,code identifiers and delimiters
419,"correlations are, * and"
420,code structures with parentheses
421,documents and applications
422,'As' that begins clauses
423,better
424,"allegations, but they, justice serve"
425,acr commands and code structures
426,words followed by punctuation
427,copyright notices
428,locations and movement
429,scientific and foreign words
430,HTML href links
431,listing ordinal numbers
432,"made up of, made from, made for"
433,code blocks and structure
434,time spent in/with
435,"processes involving suffixes like -ation, -ification"
436,GUI components
437,the followed by nouns
438,United States government entities
439,"elements, substances, materials, compounds"
440,mathematical notation and code
441,names following university or show
442,Kannada words and names
443,winning free prizes
444,overall and general concepts
445,generating mechanical signals
446,referring to us or our
447,computational linear algebra structures
448,beneficial effects
449,semi- prefix and pseud
450,masculinity and male anatomy
451,journal abbreviations and citations
452,technical terms and definitions
453,in followed by context-setting phrases
454,story or case details
455,suggestions and proposals
456,The first
457,is/are/were followed by description
458,nearness and relationships
459,"numbers, letters, and common words"
460,first name followed by last name
462,actions by someone
463,background
464,body parts and concrete objects
465,cost benefits and savings
466,greek letters and abbreviations
467,these demonstrative pronouns
468,database identifiers
469,quoted speech
470,talking to or about
471,colon to question
472,states disappearing
473,computer professionals and science
474,trees and plants
475,theft and stealing
476,conclusions or consequences
477,inside or interior movement
478,"opposed, hinder, failure, lack"
479,types and examples
480,names starting with Mc
481,government and departments
482,REPORTED SPEECH
483,"injected IP, in search"
484,information and related items
485,sequences of actions
486,code parentheses and keywords
487,this topic or issue
488,math or code delimiters
489,"mathematical expressions, equations, or calculations"
490,"assigning roles, values, or identities"
491,in
492,long chain
493,significant differences or effects
495,contrary to common belief
496,Big Four audit
497,plugging pipe flow
498,special characters and programming constructs
499,pronouns followed by verbs
500,describing position and shape
501,asking for judgment
502,comparing items
503,"countries, languages, languages, chemicals"
504,official roles and job titles
505,easy to watch characters
506,quantities and qualities
507,what you can find
508,methods followed by toString
509,"filenames, code, or identifiers followed by punctuation"
510,leaving behind stress
511,percentages and groups of people
512,criminal sentencing
513,contrast or qualification
514,"numbers, paths, and medical conditions"
515,would be
516,sufficiently / enough
517,family and inheritance contexts
518,sports leagues and brands
519,a followed by number or symbol
520,to + verb or to + expression
521,web api queries
522,but this
523,same
524,foreign names and titles
525,greatly potentials
526,defendantprosecutorboyspersonnel
527,future intentions or plans
528,"inexpensive, cheap, cheaper"
529,place names
530,introduces description or attribute
531,processes and outcomes
532,subject's past actions
533,mathematical symbols and document labels
534,references and numbers
535,"properties, effect, value, Div, doc, Sites, Search, Json, Dir, for"
536,infinitive verb phrases
537,fabric and patterns
538,where or when something begins
539,exports and shipments
540,java. and javax
541,"Notification type, unsigned long, conditional on"
542,code syntax or punctuation
543,transferring or moving data
544,moving to a new place
545,urls and code
546,emergency
547,actions or future plans
548,participating in or founding something
549,academic papers and tables
550,directed edge
551,legal arguments and evidence
552,ending dialogue
553,denies or refuses to act/claim
554,MO
555,popularity
556,will followed by an action
557,take or provide information
558,latex formatting for symbols
559,variations and definitions
560,i2c adapter function
561,further
562,resistin
563,adding or presence of
564,"Austria, Vienna, Austrian nationality"
565,links() or who subsequently
566,"logic, data content, or system offers"
567,shaping condition qualitative change bodily background
568,check or checking a condition
569,quilts and fabrics
570,mathematical symbols and words
571,more extra additional further
572,tables with Greek letters and variables
573,total counts and summaries
574,self-reference
575,computational methods
576,sentence endings and lists
577,numerical periods
578,difference or variation
579,that followed by a verb
580,hospitality and dining venues
581,do/does/did followed by a word or not
582,"Wiccan, GLM, Star Wars, MI6, POPC, reed relays, high-sensitivity, rolling grooves, Araucaria, Bokor, primer3plus"
583,"clauses starting with ""that"""
584,professionals and practiced skills
585,confers benefit
586,lists of items
587,for the benefit
588,related to programming statements ending
589,hazard or negative outcome
591,latex commands and formatting
592,abbreviations and specific nouns
593,further details
594,wedding destinations
595,awards and prizes
596,knowing and understanding facts
597,important ally
598,what not to do
599,adding to collections
600,numbers and symbols
601,code and data manipulation
602,code structure punctuation
603,legal and technical citations
604,if/when clauses
605,GUIDs and identifiers
606,change and transition
607,-ing verbs followed by specific words
608,bibliographic references
609,"sometimes, the"
610,"value="" or href="""
611,show up or show that
612,common verb phrases
613,windows and drapes
614,enclosed structures with initial opening parenthesis
615,people quoted saying things
616,anyway after punctuation
617,conditional true statements
618,particularly among
619,rushed back or arrived
620,scientific and academic text
621,editing and modifying
622,academic citations for papers
623,how to
624,executive and leadership titles
625,students and academic programs
626,showing or revealing insights
627,social media platforms and accounts
628,specific entities and phrases
629,prepositions followed by words
630,requests for explanation or reference material
631,"family, cousins, grandchildren"
632,export default function
633,question marks or interrogatives
634,code control flow and execution
636,http links
637,composed of
638,DDT first
639,conjunctions and lists
640,possessives followed by words
641,mentions of problems or troubles
642,groups and their roles
643,formal request or information
644,technical detail
645,totalitarian Korean Soviet Union
646,verb call
647,such as / range of / variety of
648,price and cost
649,sitting
650,historical figures and places
651,benefit from
652,"great number, feet would, code variables"
653,one of
654,hypothetical consequences or suggestions
655,errors and not valid
656,"find, follow, copy, transporters"
657,nicknames and familial titles
658,edition or version
659,"He kept, Microsoft refuses"
660,image
661,religious creation stories
662,actor name
663,negative contractions
664,both...and contrast
665,section identifiers with dots
666,event that
667,enumeration and relation
668,medical and technical terms
669,punctuation and specialized terms
670,words related to function
671,asking questions whether how
672,discussing or talking about things
673,code comments and descriptions
674,ambulance calls and help
676,called a *Cartan scheme*
677,legal appellate proceedings
678,citation markers
679,special mathematical sequences
680,error code logging
681,the method will
682,connecting clauses with conjunctions
683,technical and natural language combinations
684,"encourages, encouragement, encouraging"
685,quoted words or phrases
686,covering topped
687,strategic market actions
688,"miRNA suppressed, down-regulating"
689,injected SC
690,"greetings, including hi, hello, hey"
691,"performance of, benchmarks, measuring"
692,first occurrence or final result
693,futuristic human technology
694,"we look, are, request"
695,expressing difficulty or failure
696,avoid or prevent negative states
697,Belgium and former colonies
698,pmid or image file
699,code parsing and execution
700,“
701,"massage, relaxation, wellness"
702,"one of, some of"
703,amounts and volumes
704,contracts and agreements
705,bringing items or people
706,explaining why or though
707,digits and punctuation
708,son of / daughter of
709,"artifacts, blur, and errors"
710,years and measurements
711,doctor
712,attendee interactions
713,punctuation and foreign characters
714,econometric research papers
715,one followed by context
716,occasional past actions
717,resource requirements and sharing
718,attacking vulnerable targets
719,questions about missing or possible
720,data processing and reduction
721,"I think, I believe"
722,conducted in experiments or studies
723,swear and switch
724,night and evening times
725,contrast and alternatives
726,for regulating apoptosis and risk
727,"JSON encoding, code context"
728,sentence beginnings
729,code snippet elements
730,pronoun subjects
731,if condition
732,interjections and punctuation
733,famous world figures
734,communicating expertise
735,comparing values
736,years associated with achievements
737,official documents and statements
738,female pronouns
739,argument point issue problem example
740,install to
741,key-value pairs
742,people and inhabitants
743,or alternatives
744,variable assignments with `mi`
745,http deadlock
746,city of
747,financial accounting standards
748,"legal or programming code with ""Commonwealth"""
749,variable formats and endings
750,details and specifics
751,introducing exceptions or limitations
752,the followed by nouns
753,unique followed by descriptive noun
754,color codes
755,api calls
756,outcomes and consequences
757,geographic places and administrative regions
758,numbers and division
759,initialization
760,"code snippets, punctuation"
761,suffering and horrific events
762,always a good
763,relief
764,commas and sentence dividers
765,the purpose or aim
766,words ending in an or ian
767,a or the followed by noun
768,profanity and frustration
769,"nor, neither"
770,programming code keywords
771,tumor dimensions
772,onset and threshold dynamics
773,vacations and getaways
774,respiratory morbidity and pulmonary conditions
775,because of or due to introducing a cause
776,people and roles
777,"German ""guten"" and similar endings"
778,code and technical notation
779,importance and necessity
780,prior treatment
781,numbers and punctuation
782,togetherness
783,HTML container elements
784,establish relationships or descriptions
785,government ministers and ministries
786,United States
787,dict A
788,programmatic enumeration and specification
789,identification based on criteria
790,memorials and ceremonies
791,parentheses
792,maryland and related locations
793,"output_format, shift, r, Stepper"
794,possible for
795,oil and petroleum
796,describing structure or procedure
797,Revelation and the Lamb
798,noun noun pairs
799,sentence beginnings after period
800,listing quantities of subjects
801,claimed unfairness or bias
802,punctuation followed by specific words
803,access to
804,accountable for
805,code closing symbols
806,lists/symbols followed by specific words
807,code structure and comparisons
808,scores and records
810,some of
811,"dictatorships, injustice, mistreatment"
812,always the same
813,fields and basedir with code structures
814,coordination and oversight
815,sexual abuse
816,explaining how much
817,full time prison
818,possessive determiners
819,both
820,special characters in scientific notation
821,web addresses
822,population counts
823,research findings and conclusions
824,code structure and data references
825,mathematical notation with greek letters
826,approximately numerical values
827,BorderLayout footer sections
828,field names and configurations
829,makes it possible
830,false states or imagination
831,first time; novel; new; unprecedented
832,is looked as described
833,words before possessive pronouns
834,architecture and numbering
835,"but, instead, as"
836,reporting results
837,"contrasting statements using ""while"""
838,"legitimation, legitimated, legitimize"
839,salt and seasoning
840,witness testimony and questioning
841,and followed by items
842,. . 
843,physical motion and gravity
844,"definitely, plainly"
845,found after search
846,fill and empty
847,proper names and 'i'
848,copyright (C)
849,legal and technical terms
850,government and law
851,no credible reason
852,remaining components
853,dimensions or layout specifications
854,numbers and code separators
855,specific items or classifications
856,origin or method
857,digits in code and citations
858,installation program code
859,for Mac
860,"shop near, weather bug, Super Kyurenoh"
861,pronoun/noun followed by specific token
862,leading to indications or pain
863,average or median values
864,those conditions not classified
865,initializing FileInputStream instances
866,contact information
867,"""In"" followed by specific details"
868,review
869,mathematical equations and operations
870,referring to text sections or lines
871,customer satisfaction and needs
872,look for
873,for me personally
874,conclusion and contrast
875,municipal and local government
876,error codes and messages
877,Holiday Mansion
878,finding or liking things
879,is available
880,fight results and scores
881,which followed by a verb
882,He said/continued/added
883,import and package declarations
884,in phrase beginnings
885,talking about
886,specific entity followed by descriptor
887,variables raised to powers
888,technical and descriptive terms
889,selling
890,liquids and solutions
891,"WriteLiteral, trailing, terminals"
892,representatives invited
893,body expressions and reactions
894,spoken languages
895,participating and differentiating words
896,idx:
897,a description of characters
898,scientific and medical terms
899,examples and explanations
900,which
901,economic loss
902,attributable to the reason
903,state or availability
904,comparison operators and code syntax
905,"vision, research, life, cells"
906,Germany and German places
907,common phrase beginnings
908,prescribed requirements
909,noun phrase qualifiers
910,security services and warnings
911,mathematical expressions with greek letters
912,acts of removal
913,technical properties or measurements
914,"chio, io, kio"
915,indicating presence or absence
916,part of
917,"for any, of the"
918,late April
919,links and urls
920,empty areas
921,unknown or unspecified information
922,formatting code snippets
923,work out math problems
924,code comments and blocks
925,case comparison
926,unused
927,words preceding nouns
928,explaining what something means
929,technical definitions and components
930,declaring oneself
931,geographic directions and locations
932,thanks to
933,"i.e., and, such as"
934,code statement terminators
935,dollar amounts and finance terms
936,years ago today
937,discussion topics and focus
938,legal and official events
939,code structures before return/exit
940,boolean outcomes
941,HTML/XML tags and code markers
942,"private gathering, security, property, citizens, email"
943,communication and separation
945,positive social interaction
946,"documentation, articles, and cases"
947,percentages and fractions
948,hard or difficult to
949,sounds like comparison or description
950,negative outcomes or failures
951,"decreased, increased, expression"
952,names and identifiers
953,profanity
954,html tag structure
955,Kentucky topics
956,numbers followed by punctuation or operators
957,me asking for advice
958,academic proceedings proceedings statistics
959,most or majority
960,"cruising speed""}, {""cruising""}, {""speed change""}"
961,Google searches
962,followed by prepositions
963,former professions and roles
964,"functional, economical, competitive"
965,shell commands and prompts
966,mathematical expressions and symbols
967,religious and programming contexts
968,people
969,legal colloquy
970,URLs and network paths
971,code defines and assertions
972,abbreviations for technical terms
973,variable assignment
974,macro definitions that extract bitfields
975,. sentence start
976,introducing a quote
977,years and dates
978,"approved at, Tesla gave, async:"
979,time references and numbers
980,We followed by a verb
981,"State, County, Company, Regiment, Church, College"
982,then vs today
983,coming or arriving
984,utility code and sexual content
985,temporal references
986,iterating over collections
987,pronoun followed by auxiliary verb
988,asking questions
989,legal states or outcomes
990,numbers of people
991,previously mentioned or established details
992,entities described with prepositions
993,and the
994,"in fact, indeed, actually"
995,"measure, evaluate, represent"
996,permanent and long-term
997,story titles or podcast names
998,contrast or concession after when
999,. or test followed by common word
1000,state descriptions
1001,LaTeX math packages
1002,negative states and associated individuals
1004,questions or statements starting with interrogatives
1005,ryl also
1006,qualities and states
1007,change in
1008,image file paths
1009,"intervention, habits, needs, literacy, marriage"
1010,labels and categories
1011,any and all
1012,break schedule priority
1013,expectation handling
1014,road names and designations
1015,defining test blocks
1016,patent numbers and citations
1017,arithmetic sequences
1018,other languages
1019,"outside, other, beyond, after, given"
1020,self-similar patterns
1021,phrases with prepositions
1022,behavioral therapy for anger
1023,there was no
1024,"numbers, units, and dates"
1025,legal cases and circumstances
1026,URLs and reddit posts
1027,legal citations or mathematical equations
1028,physical or physically
1029,magic and its context
1030,abstract concepts or relationships
1031,label and mark
1032,hexadecimal values and delimiters
1033,contrast or concession
1034,all of them
1035,relationship phrases
1036,start of content when
1037,links with doi
1038,names in news reports
1039,photo and numbers
1040,"numbers followed by 2, 0, or comma"
1041,report and reporting
1042,`style` or `alone`
1043,no matter how
1044,"do more, do so, did something"
1045,lists and dates
1046,not or without
1047,list items or conditions
1048,"nonexistent, unjustified"
1049,supra and id citations
1050,speaking positions
1051,mathematical notation and academic papers
1052,float and double data types
1053,standalone punctuation marks
1054,programming code and technical terms
1055,group name
1056,healthy outcomes
1057,"Gender, Sex, or distribution"
1058,recalling past events and facts
1059,health and diet choices
1060,programming entities followed by code syntax
1061,but and and conjunctions
1062,equations and fractions
1063,codes or abbreviations following numbers
1064,Firebase programming concepts
1065,Ontario
1066,. Just
1067,legal citations and numbers
1068,worthy and capable
1069,outputting echo
1070,s) United States no basis
1071,block or remove
1072,code and programming elements
1073,HTTP after punctuation
1074,"technical, financial, or developmental concepts"
1075,law books and reference
1076,act of producing
1077,visitors and guests
1078,health and biological states in individuals
1079,indicates fact or claim
1080,SSH2_MSG_KEXINIT
1081,"similarly, alike, equally, additionally"
1082,person followed by action
1083,OutputStream and file output
1084,ideal condition or preference
1086,latex math symbols
1087,"words following ""and"""
1088,introducing clauses or explanations
1089,"yet, never been"
1090,advise/advice
1091,technical academic concepts
1092,crafts and tutorials
1093,years
1094,parts and components
1095,separators and unrelated text
1096,movement towards someone attacked
1097,research studies and their results
1098,system features and benefits
1099,makes it possible
1100,words followed by comma
1101,progressions and changes
1102,set and get programming calls
1103,"verb ""demonstrated"" or ""employed"""
1104,followed by a verb
1105,Argentina and Argentine
1106,giving credit or financial credit
1107,resulting or resultant
1108,states of being
1109,numeric digits
1110,"superlative, ranking, largest"
1111,start of narrative section
1112,parallel entities and their relationships
1113,pending legislation and ongoing studies
1114,stated that
1115,satisfies (...)
1116,high + descriptive word
1117,"lecture, address, presentation"
1118,C++ code snippets
1119,childhood development and exposure
1120,this article
1121,combining and collecting
1122,"code, math, and variables"
1123,"winners will, wanted to, when"
1124,prone to or capable of
1125,"j followed by cy, lst, PATH, or FL"
1126,one
1127,helping people achieve goals
1128,Turkish words
1129,save
1130,specific named regions
1131,function displays
1132,code examples and errors
1133,useful for indicating actions
1134,comparison or contrast
1135,postoperative patient management and discharge
1136,"numerical, categorical, binary"
1137,codes and identifiers
1138,further object
1139,"first appearances, specific events"
1140,Germany and war outbreak
1141,actions and sequences
1142,"fear, apprehension, prejudice"
1143,for which we refer
1144,clauses begun by where
1145,purpose or reason
1146,professional experience and qualifications
1147,located north
1148,irreducible root systems
1149,surname prefixes
1150,parametric Markov faithful RG accident
1151,contrasting conjunctions
1152,BFS medical treatments
1153,return
1154,designs and blueprints
1155,biological species classifications
1156,verb particle combinations
1157,code syntax and keywords
1158,relative levels
1159,on the or a
1160,class definitions
1161,numbers and scientific terms
1162,diagrams and quantities
1163,importance and relevance
1164,terms separated by commas
1165,relative scale of smallness
1166,formed in
1167,news sources like IANS or Reuters
1168,ordinal numbers
1169,in various contexts
1170,`with open` or `with self`
1171,helpless predicament
1172,"anyway, certainly, and similar adverbs"
1173,speed and duration
1174,names and foreign words
1175,household appliance descriptions
1176,names of people or groups
1177,sports results and achievements
1178,"HTML entities, quotes, code snippets"
1179,this followed by a noun phrase
1180,latex math syntax
1181,"Dim sum, cars, America, Chinese, matter, pacific"
1182,starting businesses or entrepreneurial ventures
1183,concluding therefore
1184,career requirements and hardships
1185,understand policies / better education
1186,presence of not
1187,life
1188,"pointers, objects, references"
1189,trail condition and status
1190,negated verbs
1191,words followed by specific endings
1192,determiners and adjectives before nouns
1193,"industry, industrial activities, and companies"
1194,but or contrastive conjunctions
1195,multi-lingual concepts
1196,percentage of turnover
1197,unnamed or unidentified
1198,absolute and absolutely
1199,numbers and citations
1200,U.S. Patent references
1201,technical terms ending sentences
1202,view/understanding
1203,financial investments
1204,specific details found in texts
1205,of course
1206,debug mode with property descriptors
1207,`self.` code access
1208,game quests and walkthroughs
1209,mathematical sequences and code
1210,registered trademark symbols
1211,"Wilson, cigarettes, defendant, data"
1212,mathematical or programmatic symbols
1213,past descriptions
1214,appendix sections
1215,make us more competitive globally
1216,numbers preceded by bracketed or hyphenated ranges
1217,list item connector
1218,sentence start after punctuation
1219,technical or scientific specifications
1220,property access or method calls
1221,artistic and musical talent
1222,superconducting proximity effect
1223,conjunctions after comma
1224,`false` and `nil` followed by `;`
1225,following a description
1226,what your needs Understandings
1227,creating or obtaining results
1228,what followed by verbs/adverbs
1229,medical and biological locations
1230,features that allow
1231,qualities and states
1232,+
1233,political and social policy debate
1234,Resource management names
1235,programming code snippets
1236,topic or subject matter
1237,separating list items
1238,mathematical notation
1239,large numbers and quantities
1240,sudden change or definition
1241,discussion of or about
1242,polymer and plastic materials
1243,isolated background or illustration
1244,"preceded by ""Category:"""
1245,not what
1246,"HTML tags and words like ""My"""
1247,code delimiters and punctuation
1248,introduction of a problem or a contrast
1249,mathematical symbols and greek letters
1250,frequent actions
1251,affirmative responses
1252,numbers and quantities
1253,numbers and proportions
1254,continued
1255,handling code exceptions
1256,regulated during crisis
1257,"For the, Uganda"
1258,Even despite not
1259,offered for free
1260,future expectations or plans
1261,colors following 'colored' or 'turned'
1262,negative numbers or words
1263,average followed by measure
1264,useful alternative tool
1265,St. followed by names
1266,I try to do
1267,technical terms and code
1268,and then verbs
1269,why other idle
1270,Unicode characters
1271,celestial bodies and orbital mechanics
1272,time to
1273,numbers followed by units
1274,mathematical notation and programming terms
1275,willingness to act
1276,programming keywords and libraries
1277,I following verbs
1278,getting serious
1279,introducing lists of reasons/methods
1280,exculpatory evidence or leniency
1281,idiomatic word endings
1282,adverbs followed by prepositions
1284,if you want
1285,both or neither
1286,import and include statements
1287,still in use today
1288,pouring cold water
1289,foreign language suffixes
1290,Germanic place names
1291,exhibition dedicated
1292,contrastive conjunctions
1293,associated with defining or creating
1294,"breeding, racing, Fordham, season"
1295,possessive or contraction apostrophe
1296,connecting clauses and lists
1297,advantages and disadvantages
1298,similar concepts and comparisons
1299,asking questions with is or how
1300,the following negative events and crises
1301,"bail_out, out:"
1302,if clauses
1303,unit areas
1304,variable name or mathematical symbol
1305,HTML structures and code snippets
1306,"monte scam, rum trade, Rankine Cycle"
1307,xml/code attributes
1308,you followed by in
1309,in a
1310,connecting words
1311,"compensate, balance, outweigh"
1312,discussing or explaining sections
1313,cmd switch
1314,consequence and contrast words
1315,et al
1316,include different
1317,"word, letters, and keywords"
1318,probability and likelihood
1319,creates environments or atmosphere
1320,past states and events
1321,even though
1322,Drosophila melanogaster immunity
1323,research sampling ethics
1324,text before punctuation
1325,gameplay mechanics and narrative
1326,and followed by a word
1327,mathematical expressions involving numbers
1328,rooms and structural parts
1329,code blocks and programming constructs
1330,code logic and keywords
1331,blockage and accumulation
1332,transaction begin and lock
1333,donations and charity
1334,reporting verbs followed by `and that`
1335,"county, district, parish, tribal divisions"
1336,"meanwhile, presently, prediction"
1337,μmol Si per milliliter
1338,subjects stating something
1339,latex environments and figures
1340,administrative divisions
1341,scientific and biological terms
1342,keys and labels
1343,death and retirement dates
1344,funding and hiring
1345,durations and time periods
1346,prison and arrest
1347,places and programs
1348,technical phrases or code
1349,UI component text handling
1350,squid
1351,number 3
1352,groups of individuals or patients
1353,president and related political office
1354,big + significant outcomes
1355,results obtained and observed
1356,medical and technical terms
1357,code ending in e) or err followed by punctuation
1358,shortness
1359,person titles followed by names
1360,code functions and specifications
1361,specific following tokens
1362,stream or channel
1363,image manipulation and data operations
1364,number followed by closing parenthesis
1365,questions starting with you or your
1366,scheduled meetings and interviews
1367,"global, local, repeated, providers"
1368,then followed by a verb
1369,coffee and tea
1370,proposals and nominations
1371,"Collect terms, give variable"
1372,errors and mistakes
1373,"plaintiff, defendant, customer, Majesty"
1374,resource identifiers
1375,specific years
1376,code blocks and programming constructs
1377,docstring delimiters like '''
1378,early time periods
1379,list or array structure
1380,completed assembly
1381,commands in code
1382,introduces a note
1383,past tense verbs followed by states
1384,field definitions
1385,limiting words
1386,one or other
1387,only
1388,and/where clauses
1389,use of 'actually'
1390,reporting speech or statements
1391,was becoming
1392,body language and key terms
1393,let / to / order phrases
1394,"posted on Friday, March 12th, 2010"
1395,html input elements
1396,future events and dates
1397,criteria and conditions
1398,of noun phrases
1399,software industry and events
1400,assumptions followed by consequences
1401,"harassment, detected"
1402,future dates and events
1403,formatting or code delimiters
1404,blood disorders and clotting
1405,US southern states
1406,"requesting, urging, advising"
1407,birthplace of Man
1408,`mathbb` or `return`
1409,sports coaches and teammates
1410,"private keys, mailing lists, monoclonal antibodies, select committees, concentration camps"
1411,people with titles or names
1412,when compared to
1413,codes and numbers
1414,polite closings and names
1415,pharmaceutical formulations and synthesis
1416,company names
1417,dreams can be realized
1418,had followed by noun or adjective
1419,personal pronouns
1420,ui Diff
1421,subjects and verbs
1422,plural nouns followed by state/action verbs
1423,numbers and time durations
1424,words preceding by
1425,code comments
1426,"index, loops, and hex values"
1427,setting up something
1428,".com, .edu, numbers, code"
1429,list of items
1430,public method declarations
1431,buying acquiring shares
1432,while doing something else
1433,whether or not
1434,art museums and collections
1435,"concluding, arguing, or opining"
1436,code execution and explanations
1437,@ or R. resource identifiers
1438,others
1439,help and assistance
1440,basketball statistics
1441,phrases with specific outcomes
1442,i think / believe expressions
1443,events until a certain time
1444,introducing concrete examples
1445,risk or lack of comfort
1446,immigration and deportation
1447,it followed by verb
1448,adopt or adopted
1449,technical terms and figures
1450,updates
1451,Personensuche
1452,"products, medications, or drugs"
1453,places and amenities
1454,chair and seat descriptions
1455,quoted strings
1456,legal documents and citations
1457,"point, photo, free energy"
1458,hypothetical and conditional statements
1459,problems and difficulties
1460,words ending in 'ow'
1461,bed and adjacent beds
1462,java constructors
1463,technical terms and code snippets
1464,locations and branches
1466,hexadecimal codes and identifiers
1467,in some number
1468,another
1469,categories of items
1470,legal entities and filings
1471,per second
1472,specifically or namely
1473,calculating prime factors
1474,legal citations or gene expression
1475,mathematical function definitions
1476,prepared from
1477,"divide, split, allocate"
1478,possessives or contractions
1479,when clauses
1480,Devin Nunes (R-CA)
1481,narrative elements
1482,is followed by explanation
1483,month or months
1484,error messages and technical terms
1485,purpose or category introducer
1486,affirmations following punctuation
1487,introducing an example
1488,comparison and indication
1489,"warrant, presumed, respond, deleted, improve"
1490,legal proceedings and statutes
1491,particle and layer related terms
1492,"company names, historical figures, political blocs"
1493,review Sagar
1494,"red, javascript, true"
1495,conditional keywords and code endings
1496,looking at
1497,to followed by specific terms
1498,Named days and movements
1499,space probes and planets
1500,closing parentheses sequences
1501,holes in
1502,"bionic, ridding, chuffed, feisty, Slinky"
1503,percentages
1504,advocating for a preferred action
1505,young people
1506,states and locations after 'of'
1507,variable assignment and mathematical expressions
1508,culmination or conclusion after time
1509,example and epitome
1510,the word with
1511,celebrations and festive events
1512,biological terms
1513,place names and dates
1514,certain and various categories
1515,travel destinations and transport
1516,imports and tariffs
1517,official titles followed by speech
1518,shell commands and scripts
1519,context and following punctuation
1520,the <noun>
1521,introduces explanation or purpose
1522,mathematical greek letters and symbols
1523,conjunctions or transitions
1524,structural syntax
1525,programming annotations and keywords
1526,sending data or requests
1527,higher or bigger values
1528,names followed by verbs
1529,code estimation
1531,software
1532,code-related punctuation and symbols
1533,second harness
1534,opposition to authority
1535,the followed by specific nouns
1536,initially or first
1537,locations and spaces
1538,written as follows
1539,asking for definitions
1540,digital locations
1541,previously
1542,"scientific names, often fungi"
1543,shaped wiring
1544,processing financial transactions
1545,TRAIL induced response
1546,items followed by dates or classification
1547,found that
1548,any other
1549,"state, states, stateManager"
1550,code syntax delimiters
1551,data structures like List and Map
1552,code variables and parameters
1553,strategic alliances and geopolitical relations
1554,initial conditions and distribution
1555,code blocks with if/then/else and return
1556,universities and research institutions
1557,ANTLR grammar and syntax
1558,"boolean conditions starting with ""is"""
1559,"""is"" or ""was"" following certain words"
1560,without followed by a qualifier
1561,"characterization, consideration, properties, statistics"
1562,integral and normalization
1563,version
1564,with a person's family or friends
1565,description suffixes and words
1566,"words like ""there"""
1567,module or plugin
1568,participles and their following words
1569,further investigation
1570,legal parties
1571,The followed by teams
1572,according to
1573,holding hostage or in place
1574,frequency and quantity
1575,program code and formal writing
1576,it's a
1577,Slavic language account code verification
1578,foreign language words
1579,framed as a problem or issue
1580,plenty of
1581,'/' or 'reading' or 'logic'
1582,"starts with ""only"" or ""nor"""
1583,circuitry and control systems
1584,control flow and returns
1585,Club was prosecuted; Cross recipient
1586,default value or setting
1587,intake passages
1588,quantities and fractions
1589,happy states and actions
1590,common goose or dead children
1591,had no
1592,code punctuation and symbols
1593,"offer, loan, deal"
1594,conjunctions and punctuation
1595,list items or enumeration
1596,conjunctions and their typical following words
1597,separators and varied words
1598,nested quotation marks
1599,\textsuperscript{th}/\textsubscript{th}
1600,finding things that are labeled or located
1601,donald trump's claims and actions
1602,"prime, is, reverse, phone, void, first"
1603,accessing object properties
1604,attraction and desire
1605,dash followed by explanatory phrase
1606,comparative magnitude
1607,iterator manipulation and operations
1608,common articles followed by significant words
1609,modernization and updates
1610,"royal family, Prince Harry"
1611,after or following chronological events
1612,"answer me, until added"
1613,vertical movement or orientation
1614,critical importance
1615,in [preposition]
1616,enumeration markers
1617,mathematical statements following have
1618,the same
1619,connecting words and phrases
1620,programming and code constructs
1621,forgiveness and authority
1622,group followed by specific context
1623,using methods to predict
1624,"take care, take advantage, take up"
1625,you agree or understand
1626,"judge gun, tooth blade"
1627,scores and catches
1628,conjunctions and disjunctions
1629,trends
1630,prevent or include after words like 'to'
1631,"currently, presently, at this time"
1632,future modals after subjects
1633,cylindrical tube or stem shape
1634,peace was settled
1635,"therapy sessions, system failure"
1636,foreign language words
1637,have cardiovascular diseases
1638,plant breeding selections
1639,private declarations
1640,best thing
1641,died or passed away
1642,"death, loss, or passing away"
1643,html button elements
1644,references to figures and objects
1645,mathematical notation and code
1646,job employment professions
1647,"lists, numbers, or code syntax"
1648,expectation and disappointment
1649,congratulations and celebrations
1650,places and things
1651,closing punctuation followed by new sentence
1652,warnings and threats
1653,surveillance and privacy
1654,your and keywords for activities
1655,legal and technical actions
1656,code and special characters
1657,testing and deserialization
1658,accompanying with this
1659,United States
1660,a or an followed by a noun
1661,introducing a name or definition
1662,"agent choosing, host recovery"
1663,code syntax elements and punctuation
1664,conviction
1665,"same, per, particular"
1666,Massachusetts 1st Cir. legal contexts
1667,assignment and code snippets
1668,This
1669,legal and factual statements
1670,cultural and social contexts
1671,learning and cognitive abilities
1672,sports related achievements and awards
1673,premier or important descriptors
1674,children and family
1675,Buena Bintang Center Canonical Park
1676,code keywords and constructs
1677,numbers and +/- ranges
1678,"code, math, and scientific text"
1679,prior to or following events
1680,play games
1681,nationality followed by profession
1682,more followed by elaboration
1683,objective-c method signatures
1684,file extensions and code snippets
1686,return
1687,on lists
1688,parenthetical symbols and values
1689,code identifiers
1690,limited to a specific
1691,Cambodian Khmer Rouge
1692,SIG signals and abbreviations
1693,We verb
1694,explaining findings or exceptions
1695,"all, every, both"
1696,gradual change over time
1697,increasing or successive dates
1698,medication and pharmaceutical research
1699,start of discovery or acquisition
1700,companies and organizations
1701,if ... then ... existence
1702,intentionally causing unrest or pretending
1703,managing exploitation and conservation
1704,salad
1706,transformation network
1707,Kashmir and Chinese content
1708,listing or specifying conditions
1709,descriptive adjectives followed by specific nouns
1710,quantities and magnitudes
1711,research papers
1712,subpoena or investigation documents
1713,synthesizer
1714,from x to y transitions
1715,citizenship approval granting
1716,welcome to
1717,pronoun followed by common verb
1718,"CPU cores, cortex, cells, diastolic"
1719,counting growing still
1720,transition words
1721,non- concept
1722,conversational filler words
1723,code identifiers and functions
1724,assembly versioning information
1725,code syntax and structure
1726,"materials, services, and supplies"
1727,handling callbacks and functions
1728,features of places or vehicles
1729,closing punctuation followed by new clause
1730,execute and implement actions
1731,ground state or crews
1732,state but not yet
1733,pronoun followed by verb or noun
1734,"calculate, evaluate, express, rearrange"
1735,Magento code snippets
1736,future conditional events
1737,technical terms and concepts
1738,destination
1739,clock signals and testbenches
1740,equipping with structure or properties
1741,years ago
1742,creating or designing things
1743,"species, foreign words"
1744,which or and
1745,sequences of numbers
1746,programming code and functions
1747,water flowing downstream
1748,legal proceedings and chemical compounds
1749,Mercury propulsion
1750,looking for evidence
1751,"everyday life, news, and activities"
1752,"Trump, democracy, elections"
1753,give and hand
1754,data and conclusions
1755,code and website elements
1756,override or instead
1757,way followed by a specific word
1759,three years
1760,"nouns followed by ""that"""
1761,introducing enumerations
1762,earn your business
1763,listing multiple items
1764,scout leaders and Quaker community
1765,time (months) and counts
1766,Oh
1767,existence and prevalence
1768,past actions or states followed by consequence
1769,"arterial source, yet another, have commonly"
1770,pronoun followed by verb
1771,between or among languages
1772,describing specific details
1773,days like today
1774,closing punctuation and brace
1775,my or me
1776,"situation, features, file, name, number"
1777,vulnerable populations and related issues
1778,lack or inadequacy
1779,years and anniversaries
1780,"Sith, with, 3, shared"
1781,numerical identifiers and versions
1782,words starting with pre
1783,"structured parameters, code, and multiple languages"
1784,navigation and travel paths
1785,exact or perfect qualifying
1786,list separators or introductory punctuation
1787,mathematical and code identifiers
1788,words starting with res
1789,mommy and daddy at school
1790,first name last name
1791,achieving resolution and improvement
1792,status effects
1793,"not..., but."
1794,providing answers to questions
1795,"last, first, superlatives"
1797,request or inquiry
1798,numbers and periods
1799,adverbs ending in ly
1800,older and newer versions
1801,legal citations with numbers
1802,"class/variable definition: String, name, Future, error"
1803,scientific abbreviations and acronyms
1804,code and programming constructs
1805,"X by X, X-wise, X on X"
1806,"I am, she is, he is"
1807,i'm / i am
1808,\+ followed by a number
1809,public class or report
1810,purpose or state
1811,programming string literals
1812,`</`
1813,chip scanner
1814,collect and gather
1815,month and year data
1816,"criteria, recording, impairments, constraints"
1817,ImageMagick Maybe
1818,"can watch, add, see, toggle"
1819,would have + past tense verbs
1820,obligations and requirements
1821,OVERRIDE and MATCH identifiers
1822,special characters and code delimiters
1823,logic blocks and code structures
1824,sentence punctuation and start of phrases
1825,not X but Y
1826,chanting with
1827,months and years
1828,code and mathematical expressions
1829,file paths or code separators
1830,former leader
1831,strategy and approach descriptions
1833,fall or drop
1834,correctness or incorrectness
1835,citizenship and residency requirements
1836,can be
1838,code blocks and structures
1839,". ? images news Available""},""TOP_ACTIVATING_TEXTS"":""\n-consuming. Q:    Drawing a rotating triangle    I want to fill a triangle in Android using the Canvas class. The way I\n, JJ., . ? news vivo images Available <ctrl63>"
1840,criticism or questioning necessity
1841,adapt existing or original concepts
1842,calls to action
1843,defeating enemies
1844,subjected to
1845,multiplication operations with numbers
1846,opinion and belief abbreviations
1847,signifying intention or purpose
1848,comma or zero followed by idx
1849,format strings and functions
1850,É a vez do
1851,one feature of
1852,equations with variables
1853,affirmative action
1854,reporting new information
1855,when indicated or if properly
1856,Jesus Remember Me
1857,scores and grades
1858,diagrams and figures
1859,visual depictions
1860,nouns followed by specific words
1861,this type of variables
1862,the court
1863,dates and times
1864,statement . adjust to him with experience 
1865,chemical elements and symbols
1866,adjectives and descriptions
1867,until
1868,walking pedestrians downtown
1869,"friend, friends, friendship"
1870,intervention and device outcomes
1871,unsolicited notifications and calls
1872,"filing petitions, motions, applications"
1873,economic and domestic spaces
1874,institution names and locations
1875,Machiavellian incompetence
1876,"optional, repeated, fixed data fields"
1877,legal citations or references
1878,code comments and identifiers
1879,relieve from burden
1880,they are
1881,private String declaration
1882,we are
1883,past tense descriptions
1884,HTML links and tags
1885,code structures and variables
1886,cellular dermal
1887,character / characters
1888,"* sigh, repeated math terms, or specific suffixes"
1889,level of
1890,distribution and fate
1891,conjunctions followed by different clauses
1892,scala and partitions
1893,citations and references
1894,legal and regulatory text
1895,sandwich composition
1896,"rapid results, fast answers"
1897,initials followed by punctuation
1898,programming language constructs
1899,Introducing new information or transitions
1900,parties and events
1902,next and what follows
1903,manual actions or inspection
1904,instructions for details
1905,difficulty or hard to
1906,numbers and measures
1907,introduces conclusion
1908,"pronouns followed by ""has"", ""is"", ""was"", ""makes"""
1909,numbers including zero
1910,specific columns and numbers
1911,placement and positioning
1912,code and sequence math
1913,"goals, dreams, objectives, vision"
1914,navigate settings menus
1915,french words and phrases
1916,phone numbers or contact information
1917,purpose or next action
1918,"slight scratches, marks, bruising"
1919,months and years
1920,qui / which / va
1921,extracted board disease 9
1922,previous or earlier items
1923,descriptive phrases after certain words
1924,"rules, regulated, to, error, extracts, ideal"
1925,Phys. Rev. volume numbers
1926,"usage of ""in"""
1927,professional associations and organizations
1928,describes compositions or inventions
1929,how to get information
1930,words ending in ound
1931,variables followed by equals signs
1932,"federal system, IoT applications, secondary schools"
1933,Tobago expatriate singers
1934,medical conditions and programs
1935,dates and abbreviations
1936,"code utilities, subtypes, javascript, or units"
1937,comparable things or instances
1938,improved water
1939,technical terms and concepts
1940,transitioning between ideas
1941,numbers and citations
1942,interstate designations and interchanges
1943,principal and sole
1944,Phys. Rev. D
1945,still plus ongoing state
1946,lists of examples
1947,"numerics, versions, and code"
1948,numerical values or quantities
1949,alone or only
1950,mathematical and code syntax
1951,people in social groups
1952,positive descriptors of people or roles
1953,what can or could be done
1954,code assignments and values
1955,aviators
1956,"a square, has the"
1957,mathematical expressions with variables
1958,known risks and uncertainties
1959,constructor calls with parenthesis
1960,appropriate/correct technical terms
1961,sport club names
1962,Let code definition
1963,music album releases
1964,noun followed by related noun
1965,human
1966,noun followed by description/action
1967,of or for
1968,codes and error messages
1969,words ending in ery or etry
1970,foreign words and coding tokens
1971,visitor parameter
1972,competition
1973,impact of
1974,spin-off series
1975,get; set;
1976,programming constant declarations
1977,street names and locations
1978,throughout the
1979,printing and printers
1980,main + key aspect
1981,proper nouns and names
1983,special characters and punctuation
1984,legal or defining contexts
1985,orgasm began
1986,classification and identification
1987,counts of people or cases
1988,forms of to be followed by verbs
1989,"code, math, and symbol prefixes"
1990,Pakistan and Pakistani places
1991,speculative phrasing
1992,error unless status code
1993,code structures and data manipulation
1994,good followed by common phrases
1995,consequence or conclusion
1996,seeking clarification
1997,these are people
1998,particles and their interactions
1999,academic and professional titles
2000,"By, For, From, Via prepositions"
2001,programming constructs including tuples
2002,xml tags and definitions
2003,international and table contexts
2004,construction and rigs
2005,"key-value pairs, coordinates"
2006,foreign words with accents
2007,stock prices and trading
2008,numbers and abbreviations
2009,conditional clauses or specific states
2010,closing parentheses or braces
2011,daily professions
2012,negative contractions
2013,figures and tables references
2014,whether thisresented moreproblem whereinherent in
2015,special terms and links
2016,academic degrees
2017,scientific studies and effects
2018,code and markup elements
2019,evaluations and assessments
2020,list and code snippets
2021,check conditions and code
2022,assigning labels or titles
2023,citations and references
2024,the [noun]
2025,award and event types
2026,how to and how it
2027,string concatenation and methods
2028,positive attributes or quality
2029,numbers in citations and bibliographies
2030,"grow, grown, growing, growth"
2031,connects or joins
2032,such as in lists or examples
2033,specialized terms or identifiers
2034,other or another followed by noun
2035,something
2036,industries and sectors
2037,numbers and lists
2038,function return statements
2039,failure to act or consider
2040,"announcement, slip, challenge, unexpected"
2041,legal abbreviations
2042,they followed by a verb
2043,past states or origins
2044,"energy help, based group, PDF reader, / reward"
2045,determine change
2046,code snippets and symbols
2047,build up
2048,questioning location or direction
2049,numbers preceded by punctuation
2050,physics equations with hbar
2051,URLs
2052,proceed to proberesignation of minister
2053,Chinese names and surnames
2054,smaller cars and motorcycles
2055,descriptors and nouns
2056,"names, places, and technical terms of diverse origin"
2057,Category: Wikidata entities
2058,pagination and cursor navigation
2059,grew up in
2060,3 followed by in
2061,traditional categories
2062,asking questions or seeking information
2063,technical terms or code identifiers
2064,Abbreviation parts
2065,spatial relationships to paths
2066,conditional variable declarations
2067,words of caution or warning
2068,scientific categories and terms
2069,technical termsforeign languagesscientific names
2070,biological entities and financial groups
2071,journal.pone
2073,that...had been...that started...that are...that must.
2074,introducing specific reasons or conditions
2075,letters B or b in formulas
2076,as part of an action
2077,initiating contact or communication
2078,lists connected by and
2079,places and locations
2080,code structure and file paths
2081,judicial candidates
2082,people and groups
2083,"SIGCONT, SIGCH, SIG, continued, suspended"
2084,"faire du, faire un"
2085,alternating between things
2086,"periods, eras, and times"
2087,possessive + body part
2088,organizations and institutions
2089,linking conjunctions and layout components
2090,if I recall correctly
2091,determiner noun phrases
2092,percentages and symbols
2093,mathematical/code structures
2094,make it possible
2095,program or programme
2096,authorized function
2097,structured data and code elements
2098,code structure syntax
2099,in the
2100,sentence endings followed by new sentences
2101,code syntax and mathematical notation
2102,first person and other pronouns
2103,again and reiterate
2104,mathematical expressions and code fragments
2105,citations and references
2106,al-Kirmani
2107,geospatial data
2108,authors and citations
2109,sentence ending punctuation
2110,streaming movies and shows
2111,java package names
2112,have a
2113,calls people or things
2114,sequence annotation (numbers/letters)
2115,knowledge and realization
2116,events and invitations
2117,concept of alone or only
2118,condition for or of
2119,conditional statements
2120,source code comments and imports
2121,developing strategies and plans
2122,purpose or mission
2123,asking for advice or help
2124,"rpm, 6, strength"
2125,colorectal cancer or additional information
2126,unicode character codes
2127,connecting words
2128,final extension step
2129,ordinal positions
2130,enjoying pleasant activities
2131,money spent or used
2132,selected or chosen items
2133,correcting or rectifying things
2134,activity and associated place
2135,phrases indicating opposition or support
2136,code loops and entities
2137,events before a date
2138,specific attributes and qualities
2139,pronouns and past events
2140,no doubting or denying
2141,blogging and web content
2142,basic or beginning words
2143,concepts with preceding or succeeding prepositions
2144,career beginning education apprenticeship
2145,code and mathematical notation
2146,control systems and ECUs
2147,increases or decreases
2148,successful or unsuccessful attempts
2149,list of things
2150,extract text blocks
2151,search engine
2152,programming language syntax and keywords
2153,choices and alternatives
2154,allowed or disallowed actions
2155,month followed by year
2156,part of life
2157,events soon after
2158,explains reasons
2159,tryvisitor
2160,"starting sentences with ""well"""
2161,words starting with non-
2162,introduces observations or outcomes
2163,mathematical expressions with symbols and parentheses
2164,improvement and suggestions
2165,assignment or replacement
2166,organized events and hearings
2167,based on
2168,polite requests and thanks
2169,seeing what
2170,import statements and libraries
2171,company subsidiaries
2172,restaurant and dining experiences
2173,realized or noticed
2174,"foreign, technical, and factual expressions"
2175,words followed by prepositions
2176,spiritual feelings
2177,links and visuals
2178,"scientific code, growth, or deficiency"
2179,electrical LTD left cobalt Holstein
2180,following therapy or treatment
2181,classification of terms
2182,common abbreviations and prefixes
2183,conjunctions followed by new clauses
2184,people killed in conflict
2185,moving to the next step
2186,that the
2187,"including, equivalent, constituting"
2188,past events
2189,mathematical or programming notation
2190,is warranted
2191,research it
2192,cylindrical containers and objects
2193,diversity and university mentions
2194,descriptive features of places
2195,"amount of, claims under, years of"
2196,words followed by specific words
2197,code and UI elements
2198,award or prize nominations
2199,adjectival phrases separated by commas
2200,code and markup structures
2201,hit the news
2202,punctuation and code delimiters
2203,Mercury sales representation
2204,manifests as visible
2205,definitions and identifiers
2206,established organisations with ambitious plans
2207,petition and other formal works
2208,mathematical symbols and equations
2209,daily dosage and administration
2210,directly
2211,posting comments and replies
2212,images and descriptions
2213,do you questions
2214,code-related syntax
2215,ordinals used for dates and rankings
2216,code annotations and technical terms
2217,URLs and references
2219,what followed by the next word
2220,a followed by a noun
2221,"maximum, minimum, or more than"
2222,"river of faith, pool of farmers"
2223,return statements
2224,class and enum declarations
2225,dates with months
2226,Math or pre-processing terms
2227,API endpoint detection and calls
2228,variable declarations and assignments
2229,famous or infamous
2230,"projection, injection, acronyms"
2231,abstract concepts and their descriptions
2232,imaging and scanning
2233,introduces or clarifies definitions
2234,ending or closing actions
2235,bibliographic citations and greetings
2236,states of being or connection
2237,written documents and reports
2238,expressions of gratitude and well wishes
2239,technical programming terms
2240,"spontaneous, automatic, or voluntary processes"
2241,"the more, the more"
2242,html or code structure
2243,desire and attainment
2244,"clue how, -type"
2245,entertainment careers
2246,arrow functions and code blocks
2247,code case try break
2248,assuming or mathematical expressions
2249,T followed by digit or name
2250,sports events or programming
2251,"semiconductor, Website, VGA"
2252,historical periods and centuries
2253,conclusion indicates or confirms
2254,JSON structure delimiters
2255,growth opportunities in markets
2256,ideal characteristics and requirements
2257,"confirmation, confidence, config"
2258,comma followed by code elements
2259,programming and technical terms
2260,national team names and countries
2261,gifts and awards
2262,"or, never, impossible, completely"
2263,"people, tribes, and inhabitants"
2264,travel entry and arrival
2265,receive attention
2266,calculation and solving problems
2267,seeing or hearing
2268,differential diagnosis causes
2269,network device connections
2270,image pixel processing
2271,ated layout
2272,trucks and drivers
2273,dredge shrimp
2274,copy number or future projects
2275,need to understand
2276,special characters in formulas or code
2277,mathematical fractions and exponents
2278,code-related terms
2279,scientific kits and equipment suppliers
2280,"""These"" followed by nouns"
2281,end of quotes
2282,calculate the remainder
2283,code comments and copyright notices
2284,influences interactions
2285,national laws and authorities
2286,"circumstances, reasons, or challenges"
2287,calendar events
2288,sources and origin
2289,factor or part of
2290,table separators
2291,end of citation
2292,performance and improvement
2293,equation or account references
2294,related and corresponding
2295,contrast or otherwise
2296,adjacent or surrounding
2297,months and seasons
2298,"money, financial, dollar amounts"
2299,experience in multiple languages
2300,"key-value pairs, number, result"
2301,mathematical expressions with sqrt
2302,", code"
2303,reasons for importance
2304,names and specific identifiers
2305,people gathering in places
2306,mathematical or code definitions
2307,attempt to
2308,return to text
2309,enum cases and classifications
2310,conduct + action
2311,scientific measurements and biology
2312,advertising and campaigns
2313,"times ) or ""to"" then"
2314,"they got, someone in, have been"
2315,as far as I know
2316,end of sentence punctuation
2317,position and location
2318,academic positions and departments
2319,economic growth and decline
2320,placed near tooltip
2321,his or his own
2322,know that or know I
2323,structured formatting elements
2324,intensifiers
2325,Polish geographical categories
2326,"Department between, give rise"
2327,acquiring or signing
2328,husband/wife relationship
2329,"constructor, beta"
2330,15th-century Portuguese explorer
2331,keyword WHERE in SQL
2332,specific programmatic terms and identifiers
2333,questions about math or context
2334,closing parenthesis or brace
2335,of numbers
2336,construction work and contractors
2337,days of the week
2338,change over time
2339,scientific conditions and measurements
2340,religious figures and worship
2341,as followed by descriptive phrase
2342,avoiding inconvenience or difficulty
2343,else if statements
2344,code assertions
2345,regardless of prior conditions
2346,C++ scope resolution operator ::
2347,especially important contrast
2348,programming code elements
2349,events opening or selected
2350,not only... but also
2351,college and university names
2352,entity and its function
2353,recommendations
2354,HIV subtypes
2355,names and titles
2356,numbers and acronyms
2357,clinical reference and coverage
2358,"code definitions involving void, constructor, or name"
2359,"nunc pro tunc, per se, in vivo"
2360,numbers and years
2361,clauses like that which
2363,comparing money and quantities
2364,code delimiters and coordinates
2365,standard and unified
2366,"actions, tasks, steps"
2367,programming and math contexts
2368,tokens following articles or symbols
2369,structure and reference labels
2370,code and data attributes
2371,"code elements, commands, and structure"
2372,"sell out, other types, of DM"
2373,romanized names
2374,they followed by a verb
2375,"links, variety"
2376,New Jersey
2377,entrepreneurship and startups
2378,"grief, sadness, and pain"
2379,opinion and belief system
2380,public static final declarations
2381,intent to act
2382,contrast with following clause
2384,D.R. or Dr. followed by body parts
2385,comparing fractions or numbers
2386,scientific or technical terms
2387,time and distance to walk/drive
2388,"promote racial hysteria, discussion, use"
2389,locations or references
2390,relationships and states of change
2391,economic collapse
2392,"lambda expressions, code objects"
2393,LaTeX document structure
2394,eventual outcome
2395,"east, west, north, south regions"
2396,"forms of ""to be"""
2397,executeAsync
2398,improvised fixes and creations
2399,percentages and calculations
2400,ranges of numbers
2401,article followed by a word
2402,stating outcome or intent
2403,word followed by descriptor
2404,java/c# libraries and code constructs
2405,comparisons using than
2406,anti prefix
2407,"standard measure, implementation, or deviations"
2408,opera stage roles
2409,future possibilities and decisions
2410,aged or older adults
2411,racing with increase
2412,legal document prefixes
2413,"conclusions with ""thus"""
2414,saving from ruin or destruction
2415,name entity recognition
2416,foreign language words
2417,i followed by verbs
2418,HTML structure and elements
2419,code structures and methods
2420,names followed by surnames
2421,inclinations and preferences
2422,error handling or specific programming terms
2423,numerical and symbolic sequences
2424,dialogue punctuation
2425,implementing code and math
2426,box border radius shadow
2427,in addition
2428,word endings
2429,defining variables like Name
2430,code syntax and tags
2431,order processing
2432,multiple of 5?
2433,indicates time or date
2434,contact me
2435,detecting or capturing input
2436,disliking or rather liking something
2437,october and autumn festivals
2438,$.ajax({
2439,ratings and feedback
2440,cells showing TRAIL response
2441,this time
2442,quotes followed by sentences
2443,general anesthesia
2444,Δ followed by metrics
2445,past actions of people
2446,mathematical/programming symbols
2447,acronym definitions
2448,park concessions and visitor areas
2449,"Kenya, ability"
2450,overall future research
2451,invitation and recruitment
2452,ComVisible
2454,negated unexpected actions
2455,html tags and punctuation
2456,sections with numbers
2457,"strike, call, cut, shot"
2458,mile (density)
2459,includes / including
2460,determiners followed by a descriptive word or category
2461,mathematical expressions
2462,context acquisition and usage
2463,when or if
2464,affirmative action hire
2465,as a / as the / as followed by participle
2466,"`StatefulWidget`, `StatelessWidget`, `IBOutlet`"
2467,thread list patterns
2468,asking for a solution
2469,we and you statements
2470,X followed by hyphen or number
2471,code punctuation and keywords
2472,explicit series
2473,color and appearance descriptions
2474,speaking with someone
2475,mathematical expressions with symbols
2476,"hemocyte,ecdysone,genes,microarray"
2477,investigate why or whether
2478,"chance, opportunity, permission"
2479,funeral
2480,demonstrative pronouns
2481,in this or in addition
2482,programming code declarations
2483,addition and contrast conjunctions
2484,cells inconcentration (
2485,lists of items
2486,citations and references
2487,numbers and units
2488,residential development
2489,describing how something is done
2490,continuing again
2491,has been
2492,specific details or categories
2493,improve outcomes or situations
2494,hexadecimal codes and numbers
2495,neither proxy nor Shelves
2496,what are
2497,insistence and argument
2498,quantifying multiplicative changes
2499,leading clauses and conjunctions
2500,"chromosome, code, math, class, programming"
2502,following specific items or phases
2503,traits and skills
2504,market downturn or collapse
2505,code syntax elements
2506,helm and Kubernetes deployments
2507,"respectively, both, each"
2508,"but, though, however"
2509,Canadian statistics and percentages
2510,"infection, study, or medical evaluations"
2511,code and scientific notation
2512,"skip navigation, reset, base URI"
2513,Dodirnite %1$@ za prihvaćanje
2514,be/are/were + participle
2515,"busy, scheduling, and workload"
2516,verbs followed by prepositions/articles
2517,news headlines and articles
2518,"absence, negation, or removal"
2519,foreign words and phrases
2520,buildings and homes
2521,family lineage and names
2522,numbers of people
2523,increasingly more and more
2524,applicant applications review
2525,phrases ending with too or either
2526,medical diagnosis and surgical procedures
2527,making contrasts with unlike
2528,if followed by pronoun or consequence
2529,tree and stand variables
2530,conditional tokens and subsequent syntax
2531,change and progression
2532,Academic references ending in proper nouns
2533,structured technical text
2534,create/generate/export files or data
2535,technical and foreign terms
2536,proper nouns and abbreviations
2537,plus or minus values
2538,adding more
2539,like comparisons or scientific terms
2540,terabytes per
2541,"hip hop, engineer, lending companies, anticancer, antioxidant activity, Mud Bath"
2542,code snippets and symbols
2543,order to succeed
2544,unsupervised pattern analysis
2545,baseball pitcher
2546,"code, math, or property listings"
2547,attribute names and declarations
2548,sampling at intervals
2549,storing information into structures
2550,well and clear
2551,"paths, ordinals, and technical terms"
2553, practice
2554,resemble or like following descriptors
2555,i.e
2556,the pronoun it
2557,how are things going
2558,"life, obesity, sexuality, smoking, RNA"
2559,church and parish
2560,any followed by a noun
2561,case citations
2562,buying and purchasing
2563,technical and patent language
2564,time or duration
2565,comma followed by words
2566,violence and horror
2567,former roles
2568,"oncology tumours, synthesis steps"
2569,grammatical corrections
2570,phrases indicated by em dashes
2571,under specific conditions
2572,dates and timestamps
2573,pro prefix and related words
2574,scientific names of organisms
2575,technical and operational language
2576,storing and possessing data and property
2577,piecewise linear or polynomial functions
2578,"XML attributes like width, id, layout_weight"
2579,code or programming constructs
2580,pre- or post-
2581,end of a sequence
2582,`Collection` `copying` `in new`
2583,mathematical expressions and code contexts
2584,last days or final years
2585,"programming, legal, and scientific contexts"
2586,code utilities and methods
2587,numbers and symbols
2588,medical conditions and treatments
2589,your life or career
2590,not yet
2591,efficiently and faster
2592,technical terms and symbols
2593,equation labels
2594,qualities of something
2595,people or things on the move
2596,concern or possibility regarding jurors
2597,fleeing or escaping danger
2598,code definition or assignment
2599,is/was followed by description
2600,syscall_broker/broker_process.h
2601,operators
2602,species habitat and location
2603,NY NJ Connecticut Bronx Brooklyn
2604,for (int i =
2605,case numbers and identifiers
2606,online pharmacy and purchase
2607,"weekly news, events"
2608,academic citations and research papers
2609,between two clauses
2610,journal names followed by numbers
2611,thread ID
2612,assistant and deputy titles
2613,"reply, respond, acknowledged"
2614,URLs and file extensions
2615,monthly subscription or membership
2616,identifies patients at risk or outcomes
2617,"over what, desolate hill"
2618,components or variables in code
2619,assurances of integrity and privacy
2620,return or refund policy
2621,political causes and consequences
2622,lists of items
2623,if conditions
2624,architects and buildings
2625,types of
2626,proceedings
2627,boolean and bool
2628,named after
2629,"note, acknowledgement, example, proof, attention"
2630,visual symbols or representations
2631,consequences of 'so'
2632,also followed by verb
2633,participate or be involved
2634,this and these
2635,"adopted by, on appeal, translated from, filed for"
2636,code comments and licenses
2637,preposition followed by noun
2638,organic reactions
2639,qualification or eligibility
2640,romantic relationships and marriage
2641,Sampling profiler state
2642,scoring quantitative measurements
2643,RDF identifiers and metadata
2644,stage or criteria
2645,instance or instant followed by specific terms
2646,in plasma
2647,assignment or identifier
2648,selected input area direct data file name hyper algebras
2649,Inverse Least
2650,without
2651,vote counts and majorities
2652,"cleaning, copying, creating, detecting"
2653,"git, Postgres, Birth, first"
2654,reporting speech
2655,reflexive pronouns
2656,read or get exclusive stories
2657,plural nouns followed by verbs
2658,Mr. followed by names
2659,anchored or moored
2660,capitals and cities
2661,repeating something
2662,it is
2663,a followed by types of things
2664,EMF object creation
2665,was
2666,specific words or phrases
2667,upload
2668,common programming methods
2669,bibliographic citations
2670,mathematical equations and structures
2671,adverbs ending in -ly
2672,word action
2673,form / forming chemical ethers or substituted positions
2674,"Notepad++, C++ editing"
2675,then or now
2676,random numbers and symbols
2677,mathematical operations `x` value
2678,Specific nouns
2679,line or lines
2680,code structure and programming terms
2681,starting dates or periods
2682,population and
2683,programming variable assignments
2684,appointing someone to a position
2685,city names followed by entity
2686,cities and brands
2687,reasons why
2688,indefinite articles and following words
2689,parenthetical phrases and lists
2690,institutional and geographical affiliations
2691,German articles followed by nouns
2692,scientific citation numbers
2693,tool of or to
2694,logos and visuals
2695,limitations in studies
2696,capable of great potential
2697,"""in a"" or ""in an"" followed by adjective"
2698,wild type and real time
2699,habitual states or possessions
2700,presented in
2701,core programming language identifier
2702,famous names and people
2703,historical periods and inventions
2704,costs and complexity reduction
2705,He scored
2706,identifying patient characteristics
2707,numbers and dates
2708,"own, his, her, their"
2709,download or purchase
2710,and followed by verb
2711,descriptive visual adjectives
2712,hex codes after commas
2713,immediately following
2714,code and math notation
2715,announcing salvationLord saidmeaningfully distinguishedAccording to
2716,end quotated text
2717,abstract nouns ending in -tion
2718,recommendations or requirements
2719,settled and stable
2720,whether and presence of specific cases
2721,salutations and official titles
2722,memory and inheritance
2723,convert and transform
2724,activities
2725,discussing upcoming events or topics
2726,positive outcomes and effects
2727,political and legal terms
2728,"money, figures, and entities"
2729,references and links
2730,outcomes after risk or success
2731,phone numbers
2732,explaining why or causes
2733,intermediate frequency unit
2734,cybersecurity exploits and information gathering
2735,the + [business/entity/place noun]
2736,decided to try
2737,trust and distrust
2738,impressive adjectives
2739,comparisons using than
2740,proper nouns and technical terms
2741,prediction intervals
2742,predicting future consequences
2743,"conditional clauses with ""you"""
2744,"geographic, technical, and political entities"
2745,incorporating weak
2746,causing harm or damage
2747,demonstratives like those
2748,locations and examples
2749,citation and section labels
2750,"code endings and ""ídź"", ""Audiodateien"""
2751,"solve, evaluate, multiply"
2752,created by person identifier
2753,season or duration
2754,one about
2755,ability to do
2756,states of flavivirus
2757,verbs followed by that
2758,time concepts or places
2759,HTML element IDs
2760,idx and code values
2761,decorative or faux items
2762,Bangladesh and related geography
2763,"save, prove, undermine, become"
2764,DOI identifiers
2765,index position
2766,"customer, operator, subscriber, regulator"
2767,[concept] [following word]
2768,project completion
2769,how questions and requests
2770,as followed by prepositions
2771,date or citation separator
2772,"basis, good, superior"
2773,places and regions
2774,search results and outcomes
2775,reached maximum levels
2776,"kind of, such as, according to"
2777,methods and pathways
2778,"divorce, epilepsy, earthquake"
2779,programming constructs
2780,depending on choices
2781,musical instruments or sports positions
2782,unpublished aspiring creators
2783,raw data or precursor material
2784,superior soft-tissue resolution
2785,telling you what to do
2786,you are / really / liked
2787,` and `beta` code/math syntax
2788,abstract concepts and emotions
2789,programming code and libraries
2790,"places, entities, or concepts"
2791,hexadecimal notation
2792,comprehensive overview
2793,new ideas and creative concepts
2794,US government entities
2795,workplace employee and employer relations
2796,past fiscal year
2797,manufacturers and their products
2798,"names like ýazguly hojageldiyev, dzyaloshinskii, frohlich"
2800,programming language constructs
2801,code and technical terms
2802,stop or end
2803,rates and variation
2804,condemnation and outrage
2805,calculating mathematical expressions
2806,geopolitical entities and medical terms
2807,words like that and those
2808,mathematical expressions with symbols
2809,impartiality fairness neutrality judge jury
2810,pronouns and people
2811,citations with years
2812,slack request verification
2813,verbs indicating further information
2814,months or mathematical indices
2815,medical terms and anatomy
2816,words ending in 'on'
2817,archaic spellings
2818,"cubic meters, square meter, squared density"
2819,past events and outcomes
2820,improvised solutions
2821,tokens following common starters
2822,indefinite articles
2823,technical code or abbreviations
2824,"aviation, automotive, and hockey related topics"
2825,multilingual tokens with following punctuation or words
2826,relative error or percentage
2827,"disinfect, steel, condiments, stool, pressure, Pb"
2828,"data sources, research, academic papers"
2829,describes categories and their state or attributes
2830,names of people
2831,number following colon
2832,"special characters, code `{`, `[`, `(`, `\`, numbers, `shake`"
2833,possessive pronouns and determiners
2834,invoice number
2835,discussing research and analysis
2836,arrested and legal proceedings
2837,seeing amazement or impression
2838,"visuals, color, scales"
2839,presidency could
2840,his appeal
2841,then followed by action
2842,diabetic ketoacidosis
2843,describes features
2844,welcoming any visitor or feedback
2845,tightlacing Tight end
2846,numbers and abbreviations
2847,real or true (in various languages)
2848,code indexing and loop variables
2849,potential exists
2850,code structure and delimiters
2851,night and moonlight
2852,code and natural language contexts
2853,assigned to treatment groups
2854,diabetes and insulin
2855,+ signs and math symbols
2856,events and repetitions
2857,who verb
2858,exacerbate and reinforce existing states
2859,however introducing contrast
2860,mathematical and code snippets
2861,getters and setters
2862,polite requests and offers
2863,numbers and quantities
2864,"wants, needs, and expectations"
2865,"commas and ""anymore"""
2866,opening or premiere events
2867,professional titles and names
2868,"section specifically, using MPS, initial transcript"
2869,spec
2870,succeeds or excess weight
2871,function/method endings
2872,to + verb
2873,amounts and percentages
2874,warranty and guarantee
2875,concern about something
2876,"trial, inquest, hearings"
2877,OpenGL and shaders
2878,"have, has, had, having"
2879,quantifiers and frequency
2880,expressing hope
2881,competition or opposition
2882,reasonable followed by noun
2883,names followed by actions/statements
2884,numbers and punctuation
2885,features or unit
2886,link to content
2887,hexadecimal numbers and numbers
2888,ever
2889,behind this/the
2890,conjunctions and punctuation followed by introduction
2891,TFT displays in electronics
2892,referencing figures and diagrams
2893,legal document endings
2894,"programming ""this"""
2895,mediation and peace intervention
2896,positive descriptive adjectives
2897,lock and locked state
2898,"code snippets, mathematical expressions, markup"
2899,request and provide
2900,"choice, condition, or exclusion"
2901,alternatives after whether
2902,during
2903,legal citations or place names
2904,"added social, gain additional, statistical significance"
2905,AP direction
2906,ranges with 'between' or 'from'
2907,uniform structure
2908,multilateral diplomatic agreements
2909,publication citing numbers
2910,social groups and belonging
2911,quantities and comparisons
2912,the + country/place names
2913,archaic characters and foreign words
2914,numeric lists ending in comma
2915,version numbers and releases
2916,section headers and formatting
2917,revenue as billions
2918,take funds away
2919,"make sure, such that, was discharged"
2920,tables with frequency and percent
2921,betting on odds
2922,place names and institutions
2923,tiff remains
2924,mathematical equations and symbols
2925,mathematical expressions and symbols
2926,greek letter mu
2927,access rights and permissions
2928,our understanding and knowledge
2929,IGListAdapter
2930,connectors and listing
2931,expectations using toBe
2932,deadline and closing dates
2933,"1980s, 1990s, 1970s, 1960s, 1950s, 19th Century"
2934,"restricting words, especially ""only"""
2935,the ACO
2936,conflict of interests
2937,importance and significance
2938,numbers and codes
2939,which is or which version
2940,list enumeration
2941,cars and automobiles
2942,mathematical and technical terms
2943,"namely, including, viz, list introduction"
2944,detection and suppression
2945,"ease, efficiency, simplifying"
2946,legal orders and declarations
2947,"words starting with ""super"""
2948,Sega Game
2949,prepositions followed by articles or nouns
2950,renewal and extension
2951,feeding and killing
2952,fact of / fact that
2953,sequences after question words
2954,similar language categories
2955,method/attribute access
2956,code syntax and structure
2957,"a sequel, knowledge, particular frequency"
2958,hidden blessing or advantage
2959,"outside of, The average, TFAP, reducibility"
2960,quantifying states and durations
2961,technical and academic terms
2962,"by the way, incidentally, FYI"
2963,programming keywords and modifiers
2964,family roles and relationships
2965,legal citations and abbreviations
2966,spatial areas or locations
2967,"object sender, EventArgs"
2968,video content or footage
2969,"anomalous bubble, volume, patients"
2970,with or without
2971,code comments and programming constructs
2972,data types and programming constructs
2973,after certain prepositions
2974,"HTML tags, or proper nouns"
2975,multi rule visitor
2976,"return lst, return out, available datasets"
2977,that + clause
2978,liquid containment and transport
2979,explaining how things are done
2980,attributes and characteristics
2981,the + concrete noun
2982,political activists
2983,has or have
2984,numbers and quantities
2985,competitive advantage and winning
2986,"residence halls, schools, places"
2987,numbers followed by parentheses
2988,interactions and relationships
2989,adding to
2990,mathematical expressions and code syntax
2991,shops and stores
2992,"""table"": value mappings"
2993,negative reasons or consequences
2994,broadcast media communication
2995,programming code and UI elements
2996,negative sentiment and evaluations
2997,Swift variable and optional declarations
2998,"sentences ending in periods, following conjunctions"
2999,mathematical notation and symbols
3000,so much/many and such
3001,sentence ending punctuation
3002,sample comprising
3003,hyphens and asterisks
3004,location or description followed by context
3005,Director Award
3006,configure session start HTML user
3008,universities in California
3009,process steps or stages
3010,forms ending in 'is' or 'was'
3011,again
3012,stories and fiction
3013,.com domains
3014,comparisons of degree
3015,elevated enzyme levels
3016,numbers and calculations
3017,PHP object instantiation and namespace usage
3018,welcome and hospitality
3019,interpersonal relationships
3020,roman numerals or ordinals
3021,quantization or typesetting relations
3022,course and court
3023,method call after dot or arrow
3024,using other Kyu
3025,group followed by list of
3026,specific words followed by punctuation
3027,current events
3028,imagine scenarios
3029,state of being or not being
3030,names of people and their associated surnames
3031,professions followed by names
3032,fight against problems
3033,activities and self-improvement
3034,"code, programming, config"
3035,linked with or to
3036,anthropological accounts
3037,programming keywords and structures
3038,section numbers and references
3039,"volume of, in, adjustment, rendering"
3040,end of dialogue
3041,nginx code and C programming
3042,local geographic entities
3043,protected areas and listed sites
3044,sake clarity finding
3045,"new, Support, or Type"
3046,past tense actions that affected something
3047,descriptive text
3048,successor or replacement
3049,out of
3050,incubation and post-incubation steps
3051,Taiwanese locations
3052,code and punctuation
3053,surnames and company suffixes
3054,numbers followed by punctuation or other digits
3055,"income, revenue, earnings"
3057,until a time bound
3058,"destroying, crushing, killing"
3059,physical appearance and attire
3060,extensive features and offerings
3061,edge [ or repeated
3062,acts of service
3063,unstable angina
3064,computers and devices
3065,words following commas
3066,end of sentence punctuation
3067,favorite or preferred
3068,more comparative phrases
3069,function return values
3070,specific nouns followed by punctuation
3071,electric guitar
3072,introduces clauses
3073,"URLs, links, and references"
3074,found to be necessary
3075,"tech beginners, maven"
3076,entry and movement into
3077,Ballymena and Northern Ireland
3078,gain or take something
3079,section headers and lists
3080,death and mortality
3081,typical or expected characteristics
3082,checking variable types
3083,CBS
3084,counting
3085,GATCAC sequence
3086,programming data structures
3087,especially or including
3088,player contract signings and career moves
3089,legal and quantitative terms
3090,technology and its applications
3091,technical and linguistic concepts
3092,news media and numbers
3093,school grades and early education levels
3094,investigation and exploration
3095,farm animals
3096,concepts and subjects
3097,visibility and hiding
3099,conclusions or therefore statements
3100,the word only
3101,terms of perspective
3102,export statements
3103,ends of clauses
3104,code punctuation and keywords
3105,news production and journalism
3106,rivers and lakes
3107,technical components and concepts
3108,introduces examples
3109,generation and age groups
3110,preposition followed by noun
3111,to + verb infinitives
3112,flat descriptions
3113,code syntax for attributes and values
3114,Formation and Seattle
3115,listing conditions or specifications
3116,each item
3117,published works
3118,childhood or adolescence
3119,might depending on circumstances
3120,wishes to
3121,middle class
3122,size and dimensions
3123,mathematical expressions and code syntax
3124,redistributing or distributing
3125,material and notification
3126,how and why
3127,statistical significance threshold
3128,name and title
3129,moving forward
3130,chess championships and tournaments
3131,average quantities
3132,evaluation of statements
3133,considérons utilisons product
3134,faced with being subjected to
3135,describing characteristics or causes
3136,"protecting, protection, filtered, insulated, monitor"
3137,"finished reading, on the, of the"
3138,contained within or attached
3139,code closing punctuation followed by plus
3141,motor rotation
3142,numbers after bracketed citations
3143,"verbs followed by ""by"""
3144,cli and related words
3145,auxiliary verbs and clauses
3146,AP category or entity
3147,their origin or value
3148,states conditions outcomes qualities
3149,court system contexts
3150,biography and personality
3151,temporal sequences or periods
3152,technical processes and sequence
3153,chamber and related equipment
3154,probability calculations
3155,ref value
3156,surf and skate activities
3157,scores and results
3158,descriptive attributes
3159,suitable or adequate
3160,mathematical and programming constructs
3161,mathematical sequences and continuation
3162,reporting verbs and temporal indicators
3163,agreement or confirmation
3164,they or their
3165,"transition, anonymous, left, or geo prefixes"
3166,returned
3167,developing something
3168,Repeated optional fields and SIG errors
3169,describing states or qualities
3170,titles and references
3171,has/have been followed by a participle
3172,It + verb + descriptive word
3173,marriage and spouses
3174,music deals
3175,because it's
3176,fighting and attacking
3177,otherness
3178,sub-categories or nested structures
3179,market economic risk
3180,early historical accounts
3181,documentation titles and web pages
3182,events and actions
3183,general descriptive words
3184,how tasks are done
3185,relationship between
3186,a description of an item
3187,mathematical expressions and symbols
3188,names with surnames
3189,transportation and driving people
3190,"hence, leads, so"
3191,artistic concepts and artists
3192,I did / wondering / used necessary
3193,increasing and decreasing
3194,numbers and quantities
3195,common nouns
3196,coordinates with labels
3197,"expressing confidence, interest, concern"
3198,not followed by action or state
3199,code closing braces
3200,facebook pages
3201,competition and regulatory investigations
3202,July and summer months
3203,fruit and vegetables
3204,collections and lists
3205,wanting or desiring something
3206,words followed by specific concepts
3207,limited or scarce offers
3208,mathematical expressions
3209,parsing json
3210,city or municipality names
3211,strange mysteries
3212,describing attire and clothing
3213,"i could, i would, i want"
3214,repeat or again
3215,quotes containing non-English phrases
3216,"figures, statistics, and quantities"
3217,specific parameters or values
3218,as a
3219,marry outside
3220,HTML document structure
3221,negative or reduction
3222,lung surgery
3223,instead of
3224,external links and categories
3225,chemical and related substances
3226,reporting and quoting
3227,"entities, places, concepts"
3228,if applied
3229,names and surnames
3230,"trade, shop, or commerce"
3231,explaining the
3232,express preference or intention
3233,"written by, detail of, biography of, about me"
3234,"grabbing, fighting, and struggling"
3235,regulation of
3236,beyond capacity
3237,signing
3238,international code and text
3239,down to
3240,function/method calls
3242,expressed desires or opinions
3243,female line
3244,technical terms and proper nouns
3245,"locally, overseas, vitro, vivo"
3246,legal citations and identifiers
3247,new problem
3248,latest game download
3249,operating hours and open status
3250,\[label]
3251,resource cleanup and termination
3252,contrast and conjunctions
3253,data structure identifiers
3254,increased obesity rates
3255,"programming, license text, multilingual words"
3256,adjective followed by specific nouns
3257,annual events
3258,words starting with 'imp'
3259,groupoid initialized
3260,material composition
3261,Mercury and pending actions
3262,organization names and roles
3263,at the
3264,describing verb actions
3265,suburb and county names
3266,machines and possibilities
3267,others or more
3268,subject followed by verb
3269,electoral and political positions
3270,Mediterranean diet
3271,listing item or detail
3272,citations and references
3273,emergency backup instructed
3274,"so that, so much, so far"
3275,can followed by a verb
3276,ads and advertising
3277,deliver or delivery
3278,nutrition and food preparation
3279,following prepositions
3280,UI buttons and icons
3281,authors and historical figures
3282,"complementary medicine, economic"
3283,of the
3284,imaginary worlds and realms
3285,technical terms and citations
3286,locations in a house
3287,"applicable provisions, proliferation ["
3288,and followed by conjunctions
3289,"hiding, concealment, hidden items"
3290,numbers in ranges
3291,:// url separator
3292,surface adhesion
3293,file attributes and sizes
3294,"section, purpose, guide, arrangement"
3295,names and titles after the
3296,section titles and references
3297,technical code snippets
3298,negation following certain words
3299,scientific identifiers and citations
3300,do that/those/it/this
3301,organization and methods
3302,"spaces, locations, layers, systems, processes, acids"
3303,change or status
3304,"intervention, decision, appeal, allegation"
3305,state statutes and government
3306,smash followed by braces or parentheses
3307,responsibility for
3308,states change or vary
3309,body parts and anatomy
3310,instructions and cautions
3311,comment markers and opening brackets
3312,short acronyms and initialisms
3313,"and, or"
3314,programming language declarations
3315,points and specific items
3316,programming code constructs
3317,decent nonetheless
3318,making a decision
3319,proper names and their actions
3320,code conditionals and comparisons
3321,satisfying conditions or equations
3322,modal followed by verb
3323,augmented reality virtual reality
3324,foreign words and error codes
3325,copyright notices
3326,generational difference
3327,units of time
3328,actions and states
3329,currency symbols and code
3330,"blubber, booh-hoo"
3331,Facebook acceptance and terms
3332,event
3333,ratios and fractions
3334,people with disabilities or illnesses
3335,function of quantified variables
3336,mathematical and code notation
3337,spend time or duration
3338,logging
3339,pronouns for people
3340,specific topics and technologies
3341,"preposition ""for"""
3342,"serves as, STAT3, language identifiers"
3344,saving actions
3345,academic and scientific lists
3346,the followed by a noun
3347,parts of lists
3348,family members
3349,advantage of
3350,angel of YHWH placed himself
3351,accustomed to doing things
3352,database creation
3353,conditions to earn or advance
3354,leased to
3355,word beginnings
3356,equivalence and comparison
3357,number of times
3358,programming identifiers and punctuation
3359,among others
3360,difference calculations
3361,"burning, burned, burnt"
3362,programming keywords
3363,historical contexts and awards
3364,code blocks and constants
3365,sudden arrivals after transition
3366,environmental impact and planning
3367,donations and charity gifts
3368,numerical citations and references
3369,"question starters (who, what, when, why, how)"
3370,legal phrases and statements
3371,literal vs metaphorical language
3372,mathematical formulas or codes
3373,as ... as possible
3374,and verb sequence
3375,in this way or case
3376,overall conclusions
3377,"establish a, allows for, such as"
3379,this followed by specific items
3380,racing and race results
3381,prepositions followed by nouns or adjectives
3382,sequences like 780_5781
3383,"announcement, significant, milestone, confirmation, discovery, move"
3384,in or pin or spin or min
3385,numbers and measurements
3386,Latinate suffixes
3387,kid friendly places
3388,pictured events and places
3389,science and math contexts
3390,HTML input tags
3391,accompanying or alongside
3392,changechanging
3393,STAT signaling pathways
3394,"people like X, X such as Y"
3395,if all faith
3396,crying and tears
3397,delay or wait times
3398,positive praise and endorsement
3399,abrupt onset
3400,citations and references
3401,additional items or further details
3402,every cent
3403,comparison of degrees and states
3404,differences and comparisons
3405,population census data
3406,apologizing or saying sorry
3407,measures of extent and scale
3408,chief police officers
3409,statistical charts and graphs
3410,"advice, instructions, recommendations"
3411,at the same time
3412,"forms, discourse, plainte, Cyfarwyddwr"
3413,mathematical and code syntax
3414,academic papers and journals
3415,production and assembly concepts
3416,mathematical and programming keywords
3417,mathematical expressions and code
3418,references and categories
3419,code and data structures
3420,function foo(bar)
3421,kitchen
3422,acting with purpose
3423,"thyroidism, Burundi, Brunswick Township"
3424,lists and enumerations
3425,saving then increase or optimize
3426,skin conditions in animals
3427,"associated with ""also"""
3428,their mothers' estates
3429,potential consequences or outcomes
3430,"ever, over, all else"
3431,how something appears or is depicted
3432,image alignment attribute
3433,reflection of copying
3434,"hundreds, thousands, millions, billions"
3435,meat and poultry
3436,news from officials
3437,"unless, except, absent, without"
3438,religious conversion
3439,numbers followed by units
3440,"page number, title, or size"
3441,financial viability and decline
3442,"wild type, ""type"""
3443,sports scores and outcomes
3444,mathematical expressions and code snippets
3445,percent followed by of
3446,".prod, .description, .commission"
3447,contribution
3448,blocking progress
3449,trailing after
3451,professions and activities
3452,winning a championship or title
3453,rebellion and revolt
3454,came to
3455,who have / receive the / support of
3456,"estimating, return, throw, color, constitutional"
3457,join
3458,introduces conditions or examples
3459,photographs and pictures
3460,measuring progress and outcomes
3461,biographical details about men
3462,"ending in ize, ial, or nalorwords ending in ization, ional, or serial"
3463,first-person actions and states
3464,"sickness, illness, cold symptoms"
3465,presidents or governments in power
3466,"revolution, authenticity, physical"
3467,category or type descriptors
3468,"names, quotes, and punctuation"
3469,honest or frank statements
3470,List abbreviations ending in P
3471,mountain ranges and plateaus
3472,weather and temperature descriptions
3473,declarative or interrogative statements followed by punctuation
3474,.
3475,code blocks
3476,introduces explanation or observation
3477,connected to
3478,requests for help or comment
3479,various other numerous
3480,script brace
3481,research studies development
3482,"otherwise, else, lest"
3483,legal citations and notes
3484,code assignments and declarations
3485,"""quite"" followed by an adjective or adverb"
3486,names and surnamess
3487,turbulent fluid dynamics
3488,alive status code
3489,"youth, teens, adolescents"
3490,bibliographical citations
3491,code processing and non-english words
3492,"rooms, ambiance, interiors"
3493,church and Christian ministry
3494,symbolic mathematical equations
3495,"historical, code, and arabic words"
3496,"lists of entities, codes, or technical terms"
3497,rumors and speculation
3498,that followed by many words
3499,"examples, comparisons, etc"
3500,religious worship and scientific terms
3501,invented new things or discoveries
3502,"but, still"
3503,classroom teacher pupils
3504,features and their characteristics
3505,code property setters
3506,code identifiers
3507,organizational departments or teams
3508,pp followed by at
3509,list items and categories
3510,reducing or decreasing
3511,code comments and declarations
3512,specializes in technical or scientific content
3513,mathematical symbols and notation
3514,people's names
3515,in the
3516,prepositions and conjunctions
3517,script loading bootstrap jQuery
3518,publication details or numerical data
3519,names joined by and
3520,from or in locations
3521,public speaking and statements
3522,structured phrases
3523,foreign words and qualifiers
3524,code identifiers and values
3525,particulate matter detector
3526,lot of
3527,code and programming terms
3528,spatial extent and boundaries
3529,positive personal qualities
3530,declaring names or messages
3531,holidays in Italy
3532,committee meetings and discussions
3533,positive social atmosphere
3534,think of nested parentheses
3535,determiner followed by noun
3536,lessons learned
3537,assignments and related programming terms
3538,"parenhetical "", ("""
3539,"h before > or """
3540,location and time comparison
3541,very bad quality
3542,continue until / unless
3543,job titles and their descriptions
3544,insurance policies and companies
3545,final responses
3546,articles followed by words
3547,motor control and api methods
3548,ranking and rating
3549,official positions and roles
3550,there there there
3551,paper organized as follows
3552,fire-heat pattern
3553,Δ or ↓ followed by nouns
3554,mathematical symbols and latex commands
3555,"County, District, Township, Place"
3556,remote learning and communication
3557,feasibility of accelerating
3558,business and industry
3559,"known as, known for, regarded as"
3560,references and citations
3561,"settlement discussions, defendant, matter with"
3562,ngx http code
3563,numerical ranks and positions
3564,quantity then word
3565,technical or non-english sequences
3566,professional roles and actions
3567,"noun followed by of, in, or punctuation"
3568,giving providing huge resources
3569,phrasal verbs with up
3570,speaking and talking
3571,introducing summary or core meaning
3572,if you
3573,problem updates and resolutions
3574,whether a or one
3575,when
3576,scientific measurements and dynamics
3577,system configuration flags and constants
3578,numbers followed by parentheses
3579,"query, q, Q"
3580,many other entities
3581,stuck or trapped
3582,mathematical and comparison values
3583,technical codes and identifiers
3584,inserting or adding elements
3585,getting religious
3586,symbols and conjunctions
3587,specialized technical terms
3588,locations and rooms
3589,legal and procedural language
3590,instead of
3591,URLs
3592,customer and cashier interactions
3593,"proposed, developed, published, released a"
3594,references for context
3595,"itself, himself, herself, themselves"
3596,more than quantity or degree
3597,mostly
3598,testified
3599,number 5
3600,live or real-time followed by a described context
3601,"talk, chat, code, math, and biological terms"
3602,"casting, operator, harvest, olives"
3603,responsive sensing applications
3604,reptiles and amphibians
3605,Java Collections
3606,free adaptation
3607,semiconductor device manufacturing
3608,actions and their consequences
3609,code delimiters and programming terms
3610,logger messages and debug output
3611,Aviation control plane FIG
3612,luck and fortune
3613,combination of
3614,author surnames in academic texts
3615,pay for or worth the
3616,WordPress installation
3617,geographic locations: cities and countries
3618,describing past states
3619,code snippets and special characters
3620,types of establishments and their locations
3621,deals with
3622,con words and prefixes
3623,work and its following words
3624,control of or authority over
3625,professional domains and roles
3626,plots of scientific data
3627,hexadecimal strings and identifiers
3628,places and objects
3629,following verbs
3630,relative clauses and specifications
3632,code and scientific terms
3633,common words and phrases
3634,technical terms and foreign words
3635,record and object identification
3636,legal section citations
3637,mathematical symbols and notation
3638,following or with
3639,"calculations, estimates, and figures"
3640,temporal antecedents
3641,exercised that right
3642,accountkit send code
3643,static declarations in code
3644,states and cities
3645,posted by everyone
3646,mathematical variables and indices
3647,"randomized, rejected, true/false outcomes"
3648,punctuation and conjunctions
3649,statistical tests or study design
3650,code definitions preceded by underscores
3651,causality and consequence
3652,well as an interjection
3653,persistence and determined traits
3655,pronouns followed by verbs
3656,scientific and technical terms
3657,time and dates
3658,migration and deportation
3659,styles of variety
3660,padding and cushioning
3661,specific nouns and events
3662,numbers and common abbreviations
3663,potential scenarios
3664,A in citations
3665,first priority
3666,yes/no questions
3667,forms of 'to be' followed by descriptors
3668,listing list items with commas
3669,results obtained or retrieved
3670,backers and donors
3671,maintaining remission or disease control
3672,estimated allele frequencies
3673,nominated for awards
3674,challenge or dispute
3675,usage and help
3676,states and control
3677,no followed by absence or negation
3678,fragile beginnings of marriage
3679,concept of something new
3680,quoted titles and song names
3681,actions that lead to specific outcomes
3682,"structures, parameters, functions, appearances"
3683,Of and among phrases
3684,alcohol and alcoholic beverages
3685,citations and code
3686,plenary power
3687,Field definitions and types
3688,sentiment and interest among groups
3689,group consisting of
3690,connecting items
3691,fire variations
3692,Weather statistics policy customer
3693,Is or shape or Ireland or space
3694,mathematical expressions followed by clauses
3695,click place order
3696,explicit sexual content
3697,family and relatives
3698,enumerated items connected by 'and'
3699,feeling alone or comforted
3700,car models and types
3701,end of sentence and start of new topic
3702,committed or dedicated
3703,"probability parameters $(\nu, \gamma)$"
3704,programming keywords like public static func
3705,proofs and documents
3706,everything better
3707,"stabilized, activated, identifying"
3708,as with
3709,"change, affect, or alter"
3710,volleyball court
3711,what is the
3712,numbers and single quotes
3713,describes habits or past actions
3714,Knud Lund-Sørensen
3715,"digital age, workplace, marketing, cities"
3716,elimination rounds and stages
3717,dashes and connectors
3718,"debt, level, rate, prices, frequency"
3719,"demonstrated, needed, provided"
3720,"procuring, advocating, recommending"
3721,So I or So the
3722,class definitions and code nouns
3723,syscall error codes
3724,Forms of address and titles
3725,conflict of interest
3726,borrowing or sharing
3727,in a table
3728,"horror, spooky, haunted, monsters"
3729,"concluding that, showed that, identified the"
3730,counting and variables
3731,mathematical notation
3732,descriptive words
3733,code constructs
3734,numbers and units
3735,founder and owner
3736,conjunctions and lists
3737,to + verb infinitive
3738,page numbers after citations
3739,contrasts with
3740,code and home features
3741,darkness and death
3742,objects with counts or features
3743,rental and leasing of housing
3744,contrasting clauses or descriptions
3745,"genre, classical, alternative"
3746,expressing interest or liking
3747,movie and film
3748,"fatty water, content"
3749,linking then
3750,currency values
3751,method sender classmanager
3752,speech and audio
3753,list operations and indexing
3754,rates per hour or year
3755,"levels, locate, particular"
3756,phone numbers
3757,introduces relative clauses
3758,of or for
3759,azure http context
3760,html structure and navigation
3761,prepositions of location or containment
3762,string variable declarations
3763,programming languages
3764,reporting what was said
3765,come and destination
3766,Thailand and Thai places
3767,passion and purpose
3768,finding information
3769,programming language keywords and symbols
3770,android activity dimensions
3771,function calls and state getters
3772,website navigation links
3773,reporting verbs like said
3774,import java or android
3775,HTML tags and technical terms
3776,numerical references and citations
3777,repeat this procedure
3778,photovoltaic solar energy
3779,descriptive modifiers
3780,font collections and libraries
3781,"just, but, however"
3782,"sampling date, undefined, but, Sanders, quality, chicken, functional, *Arterivirus*, *Malus*"
3783,of followed by capitalized words
3784,numeric comparisons
3785,verifying attribution
3786,"federal system, HC services"
3787,NYC locations and affiliations
3788,null and comparison operators
3789,code structure tokens
3790,of the
3791,location or direction
3792,formation à distance
3793,StaticResource
3794,percentages
3795,other or second
3796,carry out
3797,who he his
3798,mathematical equations and figure labels
3799,numerical or code-like strings
3800,Page (
3801,whose behalf
3802,usability and acceptability
3803,foreign languages and code snippets
3804,casino gambling
3805,groups of people and their actions
3806,"purpose or audience after ""for"""
3807,searching for items
3808,year or years
3809,tribes. found that
3810,"selection, identification, estimation, models"
3811,Android fragment creation
3812,while/when followed by verbs
3813,"recording, measuring, neuroscience, stimulation"
3814,reduces applicability; shifts; connected
3815,start or begin
3816,and following words
3817,mathematical symbols and code assignments
3818,legal citations with preceding numbers
3819,descriptive words followed by related nouns
3820,heavyweight athletes or large fighters
3821,frequency of
3822,social media punctuation and conventions
3823,proper nouns
3824,ticking time-bomb
3825,periods of time
3826,conditional outcomes
3827,medical routes or methods
3828,special characters and mathematical notation
3830,hold/receive/received + article/noun
3831,"introduced by ""where"""
3832,registry keys and variables
3833,technical abbreviations and scientific terms
3834,latex symbols and citations
3835,calls to parent class methods
3836,days and months
3837,about / approximately
3838,attribute
3839,"code, technical, and foreign words"
3840,"phrase starting with ""of"""
3841,mathematical expressions with Greek letters
3842,versus or compared
3843,quotes and contrasting ideas
3844,preposition + noun
3845,"no longer, no good, no fun"
3846,conditions and states
3847,preposition following words
3848,most concerns
3849,ends up/turns out/result is
3850,technical systems and objects
3851,the followed by specific nouns
3852,country name prefixes
3853,citations and figures
3854,necessity or sufficiency followed by purpose
3855,technical documentation descriptions
3856,online marketplace shopping
3857,standing there
3858,public method and class declarations
3859,code and technical terms
3860,quantities of things
3861,duration and enjoyment
3862,closing remarks or signatures
3863,each unit of something
3864,sentence endings and what follows
3865,attack and violence
3866,system and technical terms
3867,graphql development
3868,P-minimality assumptions and related formalism
3869,parametric completeness
3870,American poets and poetry
3871,environment and environmental contexts
3872,return
3873,autorest / MyBatis generation
3874,healthcare insurance management
3875,numbers and quantities
3876,silgegenwechsel
3877,male and female mating
3878,acr commands
3879,outcomes and findings
3880,efforts to achieve a goal
3881,end of sentence transition
3882,technical and scientific terms
3883,to the X
3884,pull up
3885,future plans
3886,phrases within specific contexts
3887,paths to resources
3888,shell scripting constructs
3889,days of the week and times
3890,financial figures and country names
3891,brilliant form
3892,use of
3893,efficacy and results
3894,sorting code elements
3895,New Zealand
3896,identifiers and assignments
3897,"beautiful, gorgeous, attractive, elegance"
3898,family members and actions
3899,mood and atmosphere
3900,saving and filing information
3901,Vpn RegistrationVia
3902,there
3903,universities and affiliations
3904,code imports and modules
3905,events that happened
3906,such
3907,again
3908,"saying goodbye, hello, or anything"
3909,crash and disaster
3910,involved in
3911,code snippets punctuation
3912,multi-lingual terms
3913,motivation and achievement
3914,is/was followed by state or condition
3915,requires descriptors
3916,programming and multilingual contexts
3917,dates and months
3918,"v words, v followed by consonants"
3919,arrows correspond
3920,it is
3921,code and foreign languages
3922,formal declarations and instructions
3923,"groups, patients, planes, RSV, symbols"
3924,describes a state or result
3925,"Shishi,"
3926,quantitative measures and estimates
3927,providing visual examples
3928,sure
3929,dates and numbers followed by comma
3930,"air, sky, and related phenomena"
3931,#define macro arguments
3932,men's sports
3933,aquatic habitats and measurements
3934,list items and arguments
3935,team member scores
3936,information that helps
3937,regular
3938,references to notes
3939,no longer or not just
3940,names followed by actions
3941,policy schedule
3942,legal citations
3943,legal questions and citations
3944,java code objects
3945,referencing details or explanations
3946,HTML/markdown headings
3947,packing and carrying items
3948,numbers and equations
3949,data and information transfer
3950,multilingual examples
3951,interest for reason
3952,possessive clauses describing nouns
3953,should have
3954,epidemiological risk associations
3955,getting or providing services
3956,dates and specific nouns
3957,music and musicians
3958,code and technical language
3959,legal and social change
3960,medical analysis acronyms and names
3961,"programmatic structure with keys like 'cur', 'idx', 'code'"
3962,you want or need
3963,magnetic field
3964,solving problems or failures
3965,noun followed by verb describing action
3966,decimal numbers and symbols
3967,among viewers
3968,JSON structure and code configuration
3969,reference to equations and figures
3970,test and prototypes
3971,"response, heater, multicast, conventional packaging, racially discriminatory"
3972,the [noun]
3973,police information and actions
3974,joining concepts with and or nor
3975,filling or calling functions
3976,"cave, underground"
3977,progress and positive outcomes
3978,programming language keywords
3979,"Te Kani Kingi, ity property, a signal"
3980,father and mother figures
3981,common punctuation and delimiters
3982,ascertaining facts
3983,id and idx identifiers
3984,letting someone know or do
3985,density functional theory
3986,"foreign ""according to"""
3987,in mind
3988,cities after prepositions
3989,numbers and rates
3990,"programming context, abbreviations, and numbers"
3991,"section numbers, headings, or labels"
3992,code instantiation and methods
3993,whether how what
3994,names or introductory phrases
3995,"_packed, _repeated, CPU_IDX, CONN_POLICY, V_CONN_POLICY, V_CPU_IDX, ValidateXsd"
3996,financial and money matters
3997,code delimiters and identifiers
3998,reporting official statements
3999,is discovered
4000,around
4001,"still running, driving, working"
4002,products and features
4003,profanity and insults
4004,end of sentence or list item
4005,specific continuations
4006,the importance of
4007,period polynomials
4008,response to
4009,punctuation and symbols
4010,selecting elements from lists
4011,"pages, volumes, and years"
4012,entrance with
4013,French and France
4014,Salesforce IDs
4015,nudity ban
4016,reviewers and authors' names
4017,got to
4018,bathroom and shower related concepts
4019,common divisors and math formulas
4020,code terminators
4021,"numbers, fractions, and 'Family'"
4022,happy followed by positive outcome
4023,citations and file paths
4024,file paths
4025,according to legal sections
4026,hexadecimal object identifiers
4027,method calls and declarations
4028,early or late stages
4029,locals alike
4030,age of
4031,supplier invoices
4032,as or than
4033,"code, math, academic, and foreign text"
4034,legal case names and codes
4035,"Brampton, Bravia, Cruce"
4036,"websites, online services"
4037,sentence starts
4038,I would statements
4039,comprises crushing
4040,IPv4 and IPv6 addresses
4041,sentence starters
4042,NSF grants and funding codes
4043,common programming identifiers
4044,quantum mechanics expectation values
4045,wt %arcminmt .mg
4046,"my own, suggestion, question"
4047,bioinformatics and genomic analysis
4048,providing information or help
4049,"host, IO, manager"
4050,donor transplant
4051,about which
4052,technical terms and code
4053,conjunctions and punctuation
4054,specific mathematical expressions
4055,legal case outcomes
4056,climate change
4057,"currently, prior, of his projects"
4058,narrative antagonists and characters
4059,describing origins or process
4060,Diagrams and if statements
4061,thrill and pleasure
4062,the followed by noun or number
4063,"proper nouns, names"
4064,// API parameters
4065,variable assignments and declarations
4066,`cur` followed by colon value
4067,medical and technical terms
4068,and/or conjunctions preceding businesses
4069,software and system features
4070,"XML tags, control codes"
4071,of Turkmenistan
4072,"""new"" followed by nouns"
4073,specific types of documents or records
4074,gratefulness and gratitude
4075,from offers ODI
4076,high quality performance and efficiency
4077,o followed by specific punctuation or words
4078,recycling and waste disposal
4079,-al/-ical suffixes
4080,hexadecimal numbers
4081,magnetic field and flux
4082,highest quality
4083,adverse events or side effects
4084,"timeline following ""by"""
4085,text separators
4087,"titles, names, and specific entities"
4088,prime factors or composite
4089,"legal, political, and technical terms"
4090,with followed by diverse words
4091,leaving comments
4092,combining words
4093,number 9
4094,mathematical formulas
4095,social media and communication channels
4096,"obtain, degrade, blackmail, disrupting, interfere, destroy"
4097,code declarations and blocks
4098,factors contributing to outcomes
4099,ctypes.unsigned_long
4100,thermotolerance assays
4101,file paths and imports
4102,before the event
4103,conditions and environments
4104,than and as comparisons
4105,endings and negative outcomes
4106,states of being or occurrence
4107,seasonal allergic rhinitis
4108,questions ending with contractions
4109,"for example, In"
4110,identifying songs
4111,"partial loss, block, support"
4112,second followed by a noun
4113,citations with [@... ]
4114,initial state or sequence
4115,As a
4116,legal address
4117,interview questions and answers
4118,there was/consistent with
4119,supreme court citations
4120,book titles and names
4121,spread and formation
4123,th prefix
4124,something necessary
4125,taxonomic description and naming
4126,calculating or estimating values
4127,"lists joined by ""and"""
4128,"sued, threatened, or harmed"
4129,privilege to work
4130,web url email parent identifier
4131,set operations
4132,css properties and code
4133,failure and unsuccessful outcomes
4134,decide or deciding about an action
4135,first time
4136,overcome problems
4138,specific named things
4139,mathematical and scientific terminology
4140,this
4141,qualifying statements and possibilities
4142,RX transmission power
4143,Islamic laws
4144,primary function or providing services
4145,pronouns followed by verbs or contractions
4146,thin wire
4147,age or duration
4148,somatic symptoms or physical pain
4149,cognitive and mental states
4150,both positions or values
4151,contractions and numbers
4152,levels of concentration and expression
4153,and let
4154,available for a period
4155,overhead or ceiling
4156,"maximum, minimum, and ranges"
4157,suggests that
4158,end of sentence/clause
4159,repeated times or procedure
4160,start of foreign language phrases
4161,government bodies and courts
4162,... ellipsis and question marks
4163,punctuation and subsequent word
4164,expectation and consequence
4165,"`we`, `what`, `which`, `will`"
4166,foo/ or Y)
4167,remold rebuild repurpose
4168,day delivery
4169,continuation or containment
4170,number 4 in mathematical contexts
4171,actions to clean
4172,production and filmed scenes
4173,figure labels
4174,please and polite requests
4175,"foreign possessive pronouns ""our"""
4176,analyze and analysis
4177,top rankings and lists
4178,Rev
4179,function calls and programming constructs
4180,bringing people in
4181,disagreeing with claims
4182,"nonsense, certainly, phrase"
4183,closing code blocks
4184,"kinds of, types of, up to"
4185,proving effectiveness or success
4186,code keywords followed by punctuation
4187,"learning, study, or control concepts"
4188,by or via method
4189,sports team spectators
4190,recently or lately
4191,"but, therefore, however, nonetheless"
4192,college sports freshmen
4193,travel and trips
4194,"Archives, documents, records"
4195,mathematical variables and percentages
4196,email address and sending
4197,neighborhoods and residents
4198,html tags and mathematical symbols
4199,risk and danger
4200,javascript asynchronous patterns
4201,programs that get
4202,percentages and ratios
4203,adjective deep
4204,assistance and guidance
4205,code block start syntax
4206,the late 8th century
4207,personal reactions and emotions
4208,fraudulent activity after commas
4209,government agencies and authorities
4210,both ... and
4211,presidents' political actions
4212,variable assignment
4213,complement conditions interactions limitation
4214,browser names
4215,"decision, state, or action followed by consequence"
4216,C++ initialization and exception handling
4217,rather ... than a comparison
4219,possessive pronouns
4220,code comments and licensed text
4221,type of
4222,houses and residences
4223,character names
4224,to followed by degree or purpose
4225,witness or document reports
4226,"founder, degrees, basis, outlined, ideal"
4227,mucilage from flowers
4228,interaction and contract
4229,reasoning and conditions
4230,scientific papers and code
4231,"beserta, wraz, junto, and, with"
4232,phrases linking nouns to following words
4233,abundance and quantities
4234,conjunctions and connectors
4235,there is/are/exists
4236,`Mysql` `php` `javascript` `html` code snippets
4237,stock and company tickers
4238,questions and inquiries
4239,fixed numeric types
4240,concession or contrast
4241,"submission prices, shopping list, order of stories, description, list of nominees, song list, contents"
4242,citation start or end
4243,death and passing away
4244,solving equations with numbers
4245,specific names and technical terms
4246,'@' followed by identifiers
4247,"reticles, smoothers, radars, greases, decoders, allocable"
4248,inside or outside
4249,individual instances
4250,"in this regard, in this context, in this case"
4251,mathematical expressions
4252,applied or credited
4253,"essential, vital, required"
4254,disrupting or undermining outcomes
4255,information into
4256,"settings, procedures, or levels"
4257,concepts and processes
4258,Court agrees
4259,code structure elements
4260,cellular components and properties
4261,combines
4262,enumerating items or points
4263,(year) citations
4264,citations and legal/technical documents
4265,code identifiers and syntax
4266,places and time
4267,psoriasis and skin disorders
4268,God
4269,development and strengthening
4270,it is the
4271,the act of wearing
4272,android development context
4273,by [name]
4274,violence and abuse
4275,sing along to classics
4276,map keys and entries
4277,measurements and units
4278,technical terms and connectors
4279,making assumptions or approximations
4280,sequences indicating temporal shifts
4281,list of countries
4282,defines or means
4283,identifiers and codes
4284,"hermaphroditism, undiagnosed, probes, Biosystems"
4285,list element access
4286,sufficiency and solutions
4287,programming languages and frameworks
4288,numbers in academic citations
4289,tables or server configuration
4290,criminal actions occurred
4291,preposition introducing topic
4292,Angular and TypeScript code
4293,system error and archaic spellings
4294,determiner followed by noun
4295,I'll verb
4296,including and except
4297,"best places, services, or lists"
4298,since
4299,organizations and government bodies
4300,java exceptions and contexts
4301,faculty advisers
4302,Went Home
4303,introducing suggestions or permissions
4304,or something
4305,phrases connecting entities with prepositions
4306,mauvaise reponse fausse
4307,pronoun + verb/preposition
4308,j = or k $
4309,identifying specific details
4310,Americans about f-ed up
4311,programming library names
4312,"distribute (content, materials, work, data)"
4313,deficiency conversion signal letters
4314,types of scenarios or approaches
4315,javascript module exportsor class definitions
4316,effects on function or viability
4317,"coverage, what it pays for"
4318,competition and rivalry
4319,"cyclists, virions, crocheters, photoregulation, public relations"
4320,saying thank you
4321,pronouns
4322,food items and their preparations
4323,electing insteadused instead
4325,consists of / composed of
4326,subject and its statement
4327,return values
4328,past-tense past participles
4329,access or passage across bridges
4330,http and https URLs
4331,numbers and percentages
4332,"GUIDs, IDs, and version numbers"
4333,programming and english words
4334,hexadecimal data structures
4335,null or empty values
4336,avoiding negative outcomes
4337,hexadecimal numbers and code
4338,code identifiers and values
4339,leaders all
4340,visual display and layout
4341,TV shows and series
4342,you're / you are
4343,syscall error codes
4344,academic definitions and theorems
4345,medical prefixes/suffixes
4346,"Holiday Mansion, Offshore, Nation"
4347,example of
4348,code and structured text
4349,record deal or breaker
4350,"mathematical, code, and abbreviations"
4351,programming context
4352,numbers and figures
4353,quantity or multiplicity
4354,rates of outcomes observed
4355,Turkey and Turkish nationality
4356,millions of Americans
4357,data validation and navigation
4358,like this/that/you/name
4359,decline or decrease
4360,biographical facts or structured data
4361,"hexadecimal numbers and code""},    `0x` prefixes often appear before hexadecimal numbers"
4362,but theybut nonethelessbut nevertheless
4363,reporting information
4364,function identifiers and programming contexts
4365,after action or event completion
4366,cDNA synthesis and generation
4367,"tickets, passes, and membership"
4368,having a
4369,punctuation and sentence endings
4370,linking words with and or
4371,code and numbers
4372,technical or specific labels
4373,numbers and formulas
4374,numbers after 2
4375,drought and water
4376,does not
4377,states of 'is' or 'happened'
4378,probability of picking items
4379,"pheres, circles, preacher, Program"
4380,static `asset``.` `script` `/` `test` `type` `/%user/` `kept under` `false `}`
4381,' followed by common words
4382,descriptive qualifiers
4383,profit and money
4384,numbers and 'algorithm'
4385,"hoped, envisioned, thought, expectations"
4386,local organizations and businesses
4387,following `do`
4388,formulating future plans and strategies
4389,mathematical expressions and code syntax
4390,obtained from or derived from
4391,news and updates
4392,scientific properties and measurements
4393,numbers and units
4394,names and acronyms
4395,U.S. Patent numbers
4396,numbers and punctuation
4397,c# or .net system components
4398,bond length and electrons
4399,It will
4400,attributions and positive feedback
4401,quantified events and outcomes
4402,possessive pronoun followed by noun/number
4403,architectural design and facilities
4404,contract breach and termination
4405,parsing and scraping
4406,action adequacy
4407,configuration settings and code access
4408,layers and domains
4409,accident or issue following word
4410,legal citations and code formatting
4411,possibility or typical description
4412,.com domains
4413,already in place
4414,Danish customs
4415,numbers and quantitative details
4416,code and foreign words
4417,Click here to references
4418,other or another item
4419,"possessions, confiscation, and acquiring"
4420,parking lots and tickets
4421,cat. no. or name derived
4422,"basketball, junior, doubles"
4423,within expect orLens
4424,""" analysis"""
4425,positive adjectives
4426,starting words after punctuation
4427,"complementary, elementary, gas, rummy"
4428,months and years
4429,character encoding and language
4430,missing out
4431,not only
4432,consisting of or involving
4433,interview
4434,Go function definitions
4435,knowledge and information
4436,descriptive phrases in context
4437,stress and pressure
4438,in [location/group]
4439,"sometimes, usually"
4440,money and codes
4441,not preparing
4442,seamless topography and bathymetry
4443,writing
4444,special characters followed by programming terms
4445,introducing contrast or negative information
4446,listing items with conjunctions
4447,finding information and making choices
4448,"sequences starting with ""another"", ""fancy"", ""speculate"", ""one"""
4449,"operating HT, not as"
4450,encouraging awareness and action
4451,specific nouns and categories
4452,mainly includes or factors
4453,zero or 0
4454,phrases starting with about the this
4455,fishing and hunting
4456,"ratings, levels, and papers"
4457,sequence or series
4458,"specific words following ""the"" or ""their"""
4459,services to people and places
4460,data and specific formats
4461,home to
4462,possessive 's
4464,multilingual technical and legal terms
4465,`master` code structures
4466,multilingual difference
4467,pharmaceuticals and cancer
4468,table: value pair
4469,investing in decentralized finance
4470,changing or variable attributes
4471,fixed and published entities
4472,time and mathematical expressions
4473,market and shopping
4474,goal or aim
4475,the [description]
4476,negative commentary on people
4477,css and javascript selectors
4478,game machine code
4479,legal documents and appeals
4480,mathematical calculations and equations
4481,conjunction and sequence
4482,code or urls
4483,names and legal references
4484,components and their functions
4485,to determine
4486,romantic proposals
4487,mathematical condition grouping
4488,specific entities and contexts
4489,JSON structure fragments
4490,quantities expressed as ratios
4491,* followed by w
4492,code constructs
4493,"""of"" followed by quantities and approximations"
4494,contrasting conjunctions
4495,"code syntax, parameters"
4496,number 4 in citations
4497,peripheral or central
4498,training
4499,lambda functions and complex types
4500,chemical concentrations and buffers
4501,comma followed by journal
4502,`at System`
4503,being and having
4504,programming context configuration and event handling
4505,set or add
4506,conditional outcomes
4507,return statements after if
4508,JSON/XML deserialization
4509,gated communities and estates
4510,enter to specify
4511,states of becoming
4512,estimate quantities and status
4513,produce lighting
4514,"scheduling, queues, priorities, flags"
4515,legal citations and foreign words
4516,egypt and egyptian things
4517,'this' or 'that' followed by verbs
4518,mathematical notation with indices
4519,Peugeot logo and lion imagery
4520,beginning sentences
4521,offsets and positions
4522,climate change and warming
4523,expressions of fondness or passion
4524,conjunctions and listing
4525,describing artistic works and styles
4526,past actions or events
4527,online portal access
4528,"one side, other side, both sides"
4529,without or not
4530,absence of concepts
4531,names appearing after personal titles
4532,India and Indian cities
4533,offside goal or penalty
4534,"RT, T, SIOC, TIOC, RTM"
4535,addresses and contact details
4536,impeding or interfering with function
4537,role of
4538,descriptive suffixes and their following words
4539,section and subsection headings
4540,doing or happening
4541,code terminators
4542,agreement and affirmation
4543,legal citations and numbers
4544,British entities and context
4545,conjunctions and family relationships
4546,asking questions
4547,fatal outcomes and death
4548,first instance or goal
4549,considering the
4550,citation markers like [@pgen.
4551,Mariah Carey
4552,resident and living situations
4553,if conditions
4554,from module import
4555,mathematical notation and parameters like sigma
4556,contact information and hotlines
4557,list item separators
4558,mathematical expressions with variables
4559,even some
4560,now or today
4561,was suitable
4562,"header, emission, regulations"
4563,can be interpreted
4564,ending punctuation and conjunctions
4565,wife and marriage
4566,units of measurement or titles
4567,progressive decrease or tapering
4568,leaving or left behind
4569,greetings and family memories
4570,navigation bar and success messages
4571,listing facts and figures
4572,"java, android, programming, mathematics, symbols"
4573,sleep
4574,fix issues and improvements
4575,extracting request data and body
4576,theoretical physics actions
4577,api documentation JSDoc
4578,binding and interaction
4579,have heard or been
4580,names of known people
4581,"research, documents, or formal items"
4582,"preparing, repairing, finishing"
4583,company announcements
4584,"laid down, fell onto"
4585,numbers starting with 9
4586,sub prefix in compound words
4587,health statistics and mortality
4588,words starting with str
4589,discloses or reported findings
4590,pressure and shear stress scaling
4592,if the
4593,numbers like 5
4594,their possessives
4595,multiply by
4596,transforming states or forms
4597,forms of the verb to be
4598,legal citations ending in P.2d or P.3d
4599,"kind of, sorta, a bit"
4600,places and entities
4601,alternatives or options
4602,conditions enabling action
4603,cases of
4604,"killed, died, victims"
4605,numerical identifiers
4606,graphics and game code structure
4607,charged particle
4608,at the cost of
4609,evaluating and scoring systems
4610,modal verbs
4611,that follows clause introducer
4612,code functions and definitions
4613,specifying quantities
4614,technical and scientific terms
4615,"state of being, condition"
4616,Apple products and technology
4617,"mathematical inequalities $ (\leq, \|, |) $"
4618,reported incidents
4619,code syntax and structure
4620,city names after comma or period
4621,business metrics and numbers
4622,numerical arguments in code
4623,combining
4624,future events and outcomes
4625,professional details and specifications
4626,foreign or technical terms
4627,declarations of temporary variables
4628,"Mexican poet, observed temporal"
4629,mathematical derivatives and calculus
4630,challenges and needs
4631,station and related contexts
4632,return value type
4633,describing state or quality
4634,transitioning to new topic
4635,paired with or matching
4636,following common words verbs and definitions
4637,quotes titles
4638,the [concept]
4639,medical and technical terms
4640,courtesy of sources
4641,who cares
4642,categories and official websites
4643,paths and identifiers
4644,"are set, accessible, given, all"
4645,"inline math, variables, currency"
4646,descriptive terms for domains
4647,opening quotes
4648,sequences of numbers and letters
4649,technical field
4650,HTML tags and comparisons like greater than
4651,quantifiers followed by specific terms
4652,airlines and flights
4653,authenticity and truthfulness modifiers
4654,Error codes and technical terms
4655,LaTeX math notation
4656,loop index or counter
4657,quantities and proportions
4658,sources and contributions
4659,roles followed by instructions
4660,"a given, a particularThis phrase captures the consistent pattern observed: the neuron activates when texts use phrases like ""a given X"" or ""a particular Y"", where X and Y are specific nouns or concepts"
4661,"incur costs, leads to, factories"
4662,pokemon fanfiction
4663,travel attractions and tours
4664,groups of people or entities
4665,"copyright, thanks, terms of use"
4666,"capillary action, drift direction"
4667,killed or injured
4668,Names followed by titles
4669,schedule an eye exam
4670,universal
4671,mathematical/technical symbols
4672,answering questions or replies
4673,inevitable or impossible
4674,location and access
4675,phrases with 'of'
4676,food decay and preservation
4677,body parts and their descriptions
4678,go
4679,especially particular points
4680,meeting strangers
4681,"law enforcement, arrest, judicial process"
4682,nobility and titles
4683,mathematical expressions and function calls
4684,technical programming context including `self` and `max`
4685,goto statements for exiting
4686,listing favourite things
4687,"transmission, spread, transfer"
4688,scientific and technical terms
4689,sequence calculations
4690,expressions of thanks
4691,legal defendant/appellant/petitioner
4692,destructive events
4693,file extensions
4694,estimating or assuming parameters and rates
4695,common domain endings
4696,"some exceptions ""However"""
4697,names and naming actions
4698,return keyword
4699,programming descriptions
4700,hours later
4701,foreign words
4703,technical terms and code snippets
4704,mathematical expressions and operations
4705,(uncredited)
4706,introduces lists or items
4707,mathematical sums
4709,automatic or context
4710,"JSON, XML, C++, Go, and scientific literature"
4711,mathematical formulas and citations
4712,descriptive words followed by nouns
4713,dosage and stock quantities
4714,"legal, technical, or mathematical contexts"
4715,specific nouns
4716,numbers four through nine
4717,mathematical expressions and code snippets
4718,hashtags and numbers
4719,adaptation or explanation
4720,X of Y phrases
4721,start of sentences or quotes
4722,tasks and tests
4723,android xml attributes
4724,past states and hypothetical outcomes
4725,when clauses
4726,small
4727,nowadays
4728,practical application and consequence
4729,`[` and attributes
4730,hands and fingers
4731,forms and validation
4732,"specifics after ""any"""
4733,numerals and short words
4734,technical and foreign words
4735,"BW, residents, learn"
4736,watching media
4737,UUIDs and alphanumeric codes
4738,early developmental hemocytes metamorphosis
4739,agreement with results
4740,chemical and biological compounds
4741,creating new objects
4742,code punctuation delimiters
4743,correcting defects and deficiencies
4744,gained knowledge
4745,programming method calls
4746,study aims and findings
4747,Spanish and English prepositions
4748,: or %
4749,code structure or keywords
4750,list items separated by ampersands
4751,"not true, actually, to be"
4752,alternatives and conditions
4753,standards and accreditation
4754,directions and positions
4755,spreading religious missions
4756,converting into a state
4757,achieve goals and objectives
4758,own followed by a noun
4759,return or back
4760,"conflict, dispute, struggle"
4761,programming keywords and symbols
4762,"A car, Let c, percentage is"
4763,modification and installation
4764,public constructor code
4765,checking equality or type
4766,"exporting to, those disclosed, detector able"
4767,medical treatment and health
4768,equal employment discrimination harassment
4769,countries and official matters
4770,conviction as
4771,update or edit
4772,will
4773,code completion and questions
4774,evaluative adjectives
4775,removing unwanted elements
4776,button type
4777,mathematical calculations and results
4778,weather conditions
4779,international movement and extradition
4780,pertaining to linking words
4781,property acquisition and ownership
4782,AI function calls
4783,professionalism and ethics in canons
4784,placeholders and unresolved tasks
4785,media series and shows
4786,strategic goals and plans
4787,code structure or function calls
4788,numbers and code delimiters
4789,iterating over sequences
4790,while loops
4791,university course degrees
4792,fields and their domains
4793,recruitment
4794,Japanese and English conjunctions
4795,conditional code
4796,partial or incomplete progress
4797,Appointed counsel
4798,"sequence, then, next, further"
4799,"beginning with ""a"""
4800,at locations and events
4801,impacts and effects
4802,with descriptive elements
4803,code structures and phrases
4804,describing importance or state
4805,mathematical and code structures
4806,actions and outcomes
4807,Programming code block keywords
4808,concepts and categories
4809,diagnostic confirmation and monitoring
4810,fly developmental stages
4811,"gate dielectric, et al"
4812,technical content is
4813,distinguishing between things
4814,predicting scientific models and data
4815,economic and societal terms
4816,"commas, periods, parentheses"
4817,code fragments or tags
4818,coordinates and constants
4819,reflexive pronouns and conjugations
4820,offers context
4821,conditional execution
4822,Japanese and Malay phrases
4823,descriptor followed by noun
4824,contrast or addition
4825,start of sentence
4826,but far
4827,forum and thread discussions
4828,restoration
4829,programming keywords and context
4830,otherwise or consequence
4831,french pronoun il
4832,mathematical and programming contexts
4833,Massive hemorrhage
4834,mentioning languages
4835,sequences followed by abbreviations/numbers
4836,apostrophes followed by t or s
4837,this material
4838,not or rather than
4839,investor reporting
4840,locations and street names
4841,"writers, theorists, movements"
4842,scores or points with numbers
4843,research using data records
4844,criminal offenses and convictions
4845,county government offices and services
4846,html anchor tags and buttons
4847,food and eating
4848,words followed by to
4849,actions followed by preposition or object
4850,"Lohan, L Location, Lentinula, Loman"
4851,"satisfied, holds, strict"
4852,bedroom design and decor
4853,syscall constants and values
4854,legislation and rules
4855,"may be, cooperation with"
4856,"hypothetical, transactional contexts"
4857,last names of people
4858,introducing items
4859,different correspondence
4860,o followed by number or identifier
4861,drawable image paths
4862,roles and affiliations
4863,What is
4864,code segments and natural language
4865,NY Times Saturday Best Fan Artist
4866,connecting distinct concepts
4867,follow and its conjugations
4868,comparative degrees
4869,describing states or methods
4870,system failure
4871,initial and later on
4872,place order then
4873,the following
4874,war and historical conflicts
4875,former and current leaders
4876,"considered as, binding, abbreviated as, suffered from, resulting in"
4877,written report or findings
4878,convert to HTML
4880,programming identifiers and technical terms
4881,poor and vulnerable populations
4882,something someone
4883,group or section
4884,adding properties to objects
4885,spans of years
4886,"return, echo, public, in code"
4887,recombinant proteins and biological entities
4888,these days
4889,you asking questions
4890,scoring position
4891,alleged or purported statements
4892,electric vehicles
4893,code closing punctuation
4894,JSON keys and values
4895,specific organizations and roles
4896,given access to read
4897,staunch supporter
4898,numbers and code delimiters
4899,LaTeX DOT-like syntax
4900,"you, I, he, court followed by verbs"
4901,like
4902,known as or called
4903,animals
4904,applying and preparing surfaces
4905,proud of accomplishments or best efforts
4906,"BH3-only, BHLH, BH"
4907,"same, unchanged, reused, recycled"
4908,"PA-E, W-2, ARPA-E"
4909,is also
4910,abstract concepts and phenomena
4911,"sirve para, configuration:, as modified"
4912,opposing or allied groups
4913,java component/class definitions
4914,Harry Potter
4915,preceding 'the'
4916,"Table 1, data, JSON, XML"
4917,inheritance and estates after death
4918,UI dialog fragments
4919,recommending something
4920,because
4921,woodworking and furniture
4922,closing punctuation or code
4923,offering services gladly
4924,across the
4925,bottom of the print
4926,possessive determiners
4927,specific roles and actions
4928,changes can propagate
4929,clothing and measurements
4930,urban city locations
4931,the specific thing
4932,"legs, limbs, and measurements"
4934,words ending in AY or EY
4935,words followed by hyphen
4936,"quantity, relation, or differentiation"
4937,specific entities or concepts
4938,programming identifiers and syntax
4939,medical and technical subjects
4940,whichever choice
4941,adverbs ending in ly
4942,words ending in ty
4943,calcium influx
4944,legislators and congress members
4945,code syntax delimiters
4946,obtain or achieve objective
4947,technical notation or phrases
4948,who followed by a verb
4949,scientific species names endings
4950,each instance of technical concepts
4951,technical terms and acronyms ending with parenthesis
4952,give rise to opportunities
4953,negation of qualities
4954,types of
4955,code structure and delimiters
4956,new [entity]
4957,meeting people and activities
4958,proceed or continue
4959,"diversity, OS, UP, YES"
4960,frequent occurrences
4961,names with generational suffixes
4962,cpu identifiers
4963,"Allah doeth, Allah carries"
4965,interjections expressing strong emotion
4966,San Diego and Yemen
4967,foreign language or programming terms
4968,and no
4969,Family property
4970,that followed by words
4971,objects and their components
4972,spatial proximity
4973,code controller
4974,"energy, bills, costs, storey"
4975,"however, but, although"
4976,mathematical expressions and code snippets
4977,starring actors
4978,"coating, surfaces, protects electrical, motorcycle, resins"
4979,change and renewal
4980,or at least
4981,listing resources and services
4982,"manner, way, degree, scale, location"
4983,technical documentation
4984,any or some
4985,usingconditionsmethods
4986,President or he speaks
4987,sequence ending) Amazon
4988,concepts and phrases
4989,accordance with / vector detecting
4990,surnames or names
4991,experimental samples and replicates
4992,counting children after had
4993,bridge and crossings
4994,intensifiers
4995,dates and time references
4996,code comments and declarations
4997,At/On phrases
4998,university professor or scientist
4999,risk pregnant women medical advice
5000,possessive or responsible entities
5001,closing bold tag followed by comma or tag
5002,such introducing examples
5003,years and months
5004,programming errors and code
5005,hexadecimal codes and data structures
5006,"Hillary, Brewer, Grid, Reviews, on Wednesday"
5007,references and code
5008,locations and availability
5009,configuration labels and properties
5010,It followed by verbs
5011,could also
5012,assignment of variables or data structures
5013,game flags and parameters
5014,problems with requirements
5015,starts of quoted text / after observed
5016,measurements including ratios
5017,when followed by a condition
5018,ngx http probe include directives
5019,"all-encompassing, widespread"
5020,how many
5021,website addresses
5022,board and forward
5023,ask or inspect further
5024,legislative votes and majorities
5025,inspirational and moving words
5026,conditional clauses
5027,"(yes, no) or settings (0 or 1)"
5028,scenes and sequences
5029,classification by subtype
5030,the applicant
5031,choose or select
5032,numbers and code constructs
5033,transfer of ownership or position
5034,increase incidence of hip
5035,common word pairs
5036,losses and preliminary efficacy
5037,reasonably
5038,authors and copyright holders
5039,suggesting or talking about
5040,prepositional phrases indicating location or relation
5041,sentence connectors
5042,sql queries in code
5043,to followed by a verb
5044,academic subjects and degrees
5045,mathematical notation and code syntax
5046,conjunctions and prepositions
5047,qualities and measurements using conjunctions
5048,statements with concessions
5049,"associations with ""of"""
5050,"repeated, optional, packed fields"
5051,to this or that effect
5052,mathematics and mathematicians
5053,in a way
5054,"verbs of desire or action after ""to"""
5055,testing could
5056,com efforts
5057,online platform or website
5058,pronouns in interactions
5059,must followed by verb
5060,package imports and azure services
5061,function calls and assignments
5062,history and time
5063,tourist attractions and locations
5064,a/an/the followed by noun
5065,words about remembrance and tribute
5066,sound creation or arrangement
5067,olfactory perception and smells
5068,draw attention / emphasize
5069,command line arguments
5070,"that introduces, that must, that suggested"
5071,for easy or optimal
5072,static code structure
5073,latex math mkern slash smash
5074,dedicated tunnel
5075,specific qualifiers
5076,areas and regions
5077,"adjective endings including ious, ed"
5078,mathematical notation and symbols
5079,Voyager with numbers and units
5080,word/number sequences
5081,geographic locations and countries
5082,advice and questions to you
5083,field numbers or sequences
5084,gives rise to
5085,distance and approaching
5086,radio buttons and checkboxes
5087,after accepting
5088,following punctuation
5089,scientific and technical terms
5090,of a kind
5091,groups and organizations
5092,diverse audiences and markets
5093,tracing diagnostic inspection
5094,Esteemed NHS clients
5095,special characters and greek letters
5096,legal requirements and arguments
5097,country and state
5098,the USSR
5099,not to say
5100,references to figures and external sources
5101,it applies
5102,foreign language words and symbols
5103,UL mode
5104,gamers and esports
5105,unlikely heroes
5106,homogeneous polynomials
5107,extend or extent
5108,well followed by positive descriptors
5109,identifying persons or entities
5110,jointly with or partnered
5111,names and relationships
5112,news reporting and publishing
5113,veil between
5114,words relating different concepts
5115,jury deliberations and verdicts
5116,even skeptical
5117,website urls and http
5118,programming code initialization
5119,code punctuation and symbols
5120,women the time
5121,river names
5122,pointing out problems and drawbacks
5123,places and people in the world
5124,mathematical notation or code
5125,"Ukrainian people, places, and ancestry"
5126,participation in activities
5127,lists with repetition
5128,stability and consistency
5129,qualitative descriptors
5130,"saying, bet, chance, consequently, spite"
5131,programming language constructs
5132,"programming syntax, e.g., `in` followed by `if` or `case`"
5133,question marks or asking how
5134,"dates, months, years, quarters"
5135,code syntax and structure
5136,authors and institutions
5137,explanation
5138,"introducing clauses after ""that"""
5139,logging to console
5140,education and its contexts
5141,names followed by birth dates
5142,numerical sequences or descriptive adverbs
5143,tax calculations
5144,dominance and ruling
5145,design and architecture
5146,"has blamed, those encountered"
5147,online bank
5148,numbers followed by units or punctuation
5149,includes or supplemented
5150,date/time formats and code comments
5151,string and punctuation
5152,baseline and time
5153,biological terms including omics
5154,stadiums and venues
5155,in favor of
5156,programming constructs
5157,collaboration or working with others
5158,those collected
5159,song titles and reviews
5160,javascript code constructs
5161,too much or that much
5162,mathematical expression variables
5163,unique identifiers and timestamps
5164,MongoDB database commands
5165,numerical experiments
5166,"facility, structure, piece, agent, species, outcome"
5167,wireless transmission power
5168,"- class, - to, - Awesome"
5169,flawed hardware
5170,trust and reliability
5171,many other ways
5172,its followed by attribute
5173,"code, numbers, and punctuation"
5174,"medical conditions, automotive, or system components"
5175,center or center of
5176,various languages and specific concepts
5177,lists of categories or entities
5178,relating to or about
5179,political topics and issues
5180,low/high + descriptive noun
5181,company names followed by specialties
5182,academic fields and departments
5183,it's been a while
5184,celebrity tax problems
5185,"similarly, 同样, Similarly"
5186,"conferences, festivals, and awards"
5187,exceptions or contrasts
5188,mathematical notation with symbols
5189,degree or quality
5190,list or sequence of tokens
5191,On the contrast or day
5192,Act to a man
5193,side of
5194,winner!
5195,to followed by verb
5196,respective corresponding whichever
5197,to the floor
5198,0x followed by hex or numbers
5199,starts clauses or lists
5200,special character quotes
5201,being + -ing
5202,overall or general summaries
5203,in phrases
5204,especially
5205,lacking insight or vulnerable
5206,humidity and moisture
5207,names after punctuation
5208,drainage and circulation of fluids
5209,the [entity/concept]
5210,"end of sentence connectors like thus, however"
5211,alien subject
5212,code structure and naming
5213,return statements
5214,per unit
5215,sequence starting clauses
5216,articles following names
5217,apparently or states conclusions
5218,part of corporate relationships
5219,technical contexts and URLs
5220,possessive plurals
5221,defining functions
5222,official reports and administration
5223,asking questions and expressing uncertainty
5224,section headings
5225,private keyword in code
5226,layout arrangement and margins
5227,pronouns or personal references
5228,"got some, grid to, F PG, _{0}"
5229,foreign words and punctuation
5230,about or for
5231,numbers in lists
5232,one followed by a verb
5233,api version parameters
5234,place names and structures
5235,comparative quantities or degrees
5236,citations like [@CRXX]
5237,"West, western, Frontera, bar"
5238,time and conditions
5239,South African legal proceedings
5240,multilingual words and proper nouns
5241,said
5242,actions or past events
5243,represent and representation
5244,incrementing variables
5245,I expressing opinion or action
5246,"biological molecules, factors, receptors"
5247,parent and child
5248,"mathematical subscripts $x_{t}, y_{i}$"
5249,kind or measure
5250,on top of
5251,months and days
5252,Dan era
5253,fish and wine
5254,current state or status
5255,functions and capabilities
5256,markup tag closing bracket
5257,foreign languages and specific contexts
5258,phrases involving specific entities
5259,future potential therapies
5260,pronouns in many languages
5261,legal and professional roles
5262,disinfecting contamination control
5263,lists items or conclusions
5264,component or element
5265,single letters or variables
5266,numbers and comparisons
5267,possessing or whose
5268,able to do something
5269,introducing a premise or condition
5270,news publications
5271,possessive 's'
5272,"keep her, keep it, list of"
5273,steps in a process
5274,indices and codes
5275,surname or maiden name
5276,numbers and specific terms
5277,"proper nouns, technical terms"
5278,scientific references and code logs
5279,SQL FROM clauses
5280,list headers and items
5281,law enforcement reporting
5282,legal or medical contexts
5283,numerical citations
5284,method or characteristic
5285,technical acronyms and abbreviations
5286,"dependence, concentration, rate, redshift, field"
5287,social media campaign
5288,unlawful administrative conduct
5289,during temporal phrases
5290,"historical, scientific, or standardizing terms"
5291,bold vectors and math notations
5292,silver jewelry
5293,he had
5294,in followed by common words
5295,post meaning after
5296,opposition and arguments
5297,times with am/pm
5298,"HTML tags, code snippets, greek letters"
5299,mathematical calculations
5300,blockquote or code block
5301,Excel file operations
5302,French words and common prefixes/suffixes
5303,mathematical relations exponent and rank
5304,primary advantage or thing
5305,polynomial variables
5306,preliminary court data agrees
5307,started or initiated
5308,except or apart from
5309,said followed by that
5310,connecting clauses and ideas
5311,inspired by or based on
5312,implied warranties and liability
5313,software packages and libraries
5314,medical acronyms and technical topics
5315,worldwide gross and popularity
5316,"question marks, punctuation, and specific tokens"
5317,music bands
5318,authorized utilization of administrative or official processes
5319,days of the week and months
5320,managing director
5321,academic writing and assignments
5322,Jewish people and Israel
5323,list items and examples
5324,technical terms and variables
5325,"space, planets, and systems"
5326,role in/of/for
5327,would + verb
5328,names of people and places
5329,he him
5330,these
5331,assignment expression
5332,price
5333,"pristine, moody, recent, outdated, proprietary"
5334,this study or this article
5335,descriptive phrases
5336,manufacturing and production
5337,getting attribute values
5338,committee member or office
5339,patent numbers
5340,full width and height
5341,racial slurs or profanity
5342,political party
5343,individual character of
5344,specific instance of a group
5345,citations and references
5346,code endings and punctuation
5347,size attribute
5348,arranging official matters
5349,mathematical expressions and code
5350,"locations, sites, or distribution"
5351,numbers and mathematical notation
5352,check existence or boolean
5353,medical procedures and equipment
5354,listing entities and their properties
5355,code file paths and properties
5356,forms potential statements
5357,mathematical and latex notations
5358,collect call
5359,technical support and service
5360,square root
5361,z-component of vectors
5362,authors and researchers
5363,following
5364,eliminating or reducing problems
5365,protecting things
5366,M initial
5367,errors and technical outcomes
5368,certain [noun]
5369,affinitiy/lifecycle policy
5370,change and alter
5371,first measure for defendants
5372,wants and preferences
5373,its or itself related phrases
5374,holiday and vacation
5375,code keywords and punctuation
5376,improvement and approval
5377,Europe and European Union
5378,atleast
5379,leading providers
5380,without
5381,excess or too much
5382,steps and structures
5383,names and surnames
5384,spaces and structures
5385,"symbols, numbers, and closing parentheses"
5386,sequences of letters and numbers
5387,"fats, oils, and lipids"
5388,differs because
5389,on-site or in-vivo
5390,company and university names
5391,"Manzini, Swaziland"
5392,mathematical expressions and code structures
5393,resulting in or thus
5394,introducing names or titles
5395,legal citations
5396,dates and times or numerical references
5397,references to below or above
5398,"fanfiction, fanart, or fandoms"
5399,causality and conditions
5400,"individual, various, each"
5401,substances or secretions
5402,major/main places
5403,mathematical and programming symbols
5404,version and update
5405,possessive pronouns
5406,awards and nominations
5407,website traffic and engagement metrics
5408,citations or technical references
5409,quotes and code delimiters
5410,android layout attributes
5411,until something happens
5412,display screen
5413,"independent of, $ like, ' on, 0}{"
5414,singing and performance
5415,past tense verb marker
5416,code and math expressions
5417,might followed by verbs
5418,describing states of things
5419,"Nancy Grace, missile warnings, Hillary campaign, computer labs"
5420,go plus direction
5421,"usa, germany, france addresses"
5422,apride
5423,hypothetical questions or scenarios
5424,makes you feel or want
5425,"physical deformation, compression, stretching"
5426,geographic regions and directions
5427,user interface features
5428,"waste, shame, pity"
5429,fix wrong pockets
5430,"names, leagues, and concepts"
5431,choosing among options
5432,high school and allocate memory
5433,Indian places & Magento code
5434,possibility or potential
5435,act of taking
5436,special characters and symbols
5437,"alleged impropriety, subversion, failure"
5438,"asymptotic notation (O, ln n)"
5439,competition
5440,introducing conditions or timing
5441,New Request
5442,German and English grammatical structures
5443,numerical data and statistics
5444,specific people and topics
5445,sports standings and rankings
5446,numbers followed by punctuation
5447,`To` followed by a verb
5448,connecting descriptive words
5449,verb roots and common suffixes
5450,characteristics and properties
5451,proper nouns and punctuation
5452,icon symbols
5453,expensive traditional
5454,static and private keywords
5455,throwing things forcefully
5456,introduces possession
5457,reasoning why
5458,responsibility and blame
5459,chemical symbols and units
5460,consequence or result
5461,writing and drawing
5462,mathematical expressions
5463,so far
5464,whole or entire
5465,achieve or gain
5466,numbers and symbols
5468,programming break statements
5469,words following prepositions
5470,let followed by username or $
5471,web controller actions
5472,was/is followed by named/ranked
5474,hair and hairstyles
5475,"his clan, his team, your dental needs"
5476,due to
5477,"types, kinds, categories"
5478,legal citations with numbers
5479,code blocks with braces
5480,wind and its effects
5481,programming language constructs
5482,license agreements and disclaimers
5483,parsing and splitting code
5484,a particular word followed by punctuation
5485,unless otherwise stated or indicated
5486,positional words and prepositions
5487,at least/most/war/the
5488,vehicles and cycling parts
5489,life path and future plans
5490,White House operations
5491,reading code and data structures
5492,not yet available
5493,"people, animals, or specific contexts"
5494,citations and references
5495,smallness
5496,nested parts or frames
5497,declaration ; <eos>
5498,scientific mathematical formatting
5499,ordinal numbers and sequence indicators
5500,cancer prognosis and treatment
5501,possessive pronouns and their characteristics
5502,foreign words in code
5503,Greek words
5504,URL parameters like ref
5505,broadcasts and television
5506,members of groups
5507,return values or statements
5508,technical abbreviations and terms
5509,can be followed by verb
5510,reporting speech attributed
5511,terrorism and attacks
5512,story and narrative contexts
5513,definitions and calculations
5514,attacks and negative actions
5515,percentage composition
5516,responsibility and ownership
5517,concluding actions or states
5518,never before
5519,mathematical expressions and foreign words
5520,data types in code
5521,academic and technical terms
5522,drives other than C:
5523,country names and diplomacy
5524,building projects
5525,"sayings, quotes, and idioms"
5526,% (wt/vol) or (mol/mol) ratios
5527,understanding or observing conditions
5528,requests and hopes for improvements
5529,"field, code, version"
5530,increasingly followed by a descriptor
5531,References and further information
5532,measurement of concentrations
5533,collect terms in math and code
5534,Texas
5535,teaching and instructors
5536,Thank you
5537,teams with wins or losses
5538,note or edit prefixes
5539,simultaneously dealing with multiple things
5540,is or was
5541,pronoun followed by verb
5542,adverbial endings
5543,asking questions or requesting information
5544,qualities and attributes
5545,words describing states followed by related actions
5546,presence of
5547,programming class definitions
5548,dialogue with royalty and nobility
5549,other words or phrases
5550,"Category, Group, Creature"
5551,quantities followed by of
5552,anime and German words
5553,fashionable style
5554,meanwhile transition
5555,and/et followed by verbs or clauses
5556,admin and administration
5557,years and months
5558,new followed by noun
5559,proxy for pc
5560,slavery
5561,existence of things
5562,filtering and weeding out
5563,code elements and foreign words
5564,mathematical notation and code
5565,print or log statements
5566,legal citations and decisions
5567,numbers and quantities
5568,maximum followed by noun
5569,contrasting conjunctions
5570,sports career titles
5571,server-side web code
5572,solve equations
5573,routine behaviors and occurrences
5574,punctuation and variable names
5575,computer programming and data structures
5576,object of | type | Role | reference
5577,names and technical terms
5578,clickable elements and links
5579,becoming familiar or accustomed
5580,software configuration and development
5581,successful project design and delivery
5582,pronoun/number/concept followed by verb/preposition
5583,"game, match, high, late"
5584,practice
5585,length scale or contraction
5586,code snippets and programming terms
5587,É a vez do jogador
5588,season year ranges
5589,overthrow of elected leaders and governments
5590,providing a definition
5591,medical terminology and contexts
5592,code structure and identifiers
5593,"patent, invention, and claims"
5594,names in academic papers
5595,"messages, questions and explanations"
5596,public class declarations
5597,testing and mocking code
5598,explaining how something
5599,code/variable identifiers
5600,state abbreviations and city names
5601,"eating, portions, and sharing food"
5602,visiting or visited places
5603,joke or humor
5604,just followed by qualifiers
5605,end state reached
5606,menu choices
5607,months of the year
5608,scientific publications and citations
5609,legal and technical terms
5610,spatial prepositions after located
5611,"uses, require, or are tight"
5612,jquery document ready
5613,color and colour
5614,only followed by a specific item
5615,path construction
5616,describing situations and outcomes
5617,benefit or harm to groups
5618,category pages
5619,comma followed by name or pronoun
5620,physical and biological connections
5621,original or intact
5622,information about specific topics
5623,if not empty
5624,comparing or simulating reality
5625,"complete, MS, CURRENT, a, i, $[, m, 1, in"
5626,legal context of crime and intent
5627,engage in or with
5628,as ... as possible
5629,time and time of
5630,adequate or satisfactory
5631,emergency and preparedness
5632,by any single token
5633,"genes, cells, patients, plant, compound"
5634,Swierkiewicz v. Sorema
5635,mentions of ignoring or forgetting
5636,companies looking to connect
5637,"fry, fried, frying, fryer"
5638,thinking and reviewing
5639,integer variable declarations
5640,code lines with function calls
5641,word of another word
5642,ritualistically symbolic actions
5643,Error handling
5644,biological and clinical outcomes
5645,samples collected or preserved
5646,commands and instructions
5647,"entity, information, rule, collection"
5648,listing items or phrases
5649,if
5650,recent studies and developments
5651,math commands enclosed in braces
5652,verbs following 'to' or 'began'
5653,because
5654,invitations to events
5655,technical nouns often followed by punctuation
5656,love and loving words
5657,parents' names and offspring
5658,code block return statements
5659,publishing and broadcast
5660,mathematical formulas
5661,"Tags, newList, Registration, Role, Test"
5662,. followed by numbers or 'Upgrade'
5663,filled with / contains
5664,height and elevation
5665,statistical data and surveys
5666,HTML comments
5667,partial derivatives
5668,legal citation follow-ups
5669,method calls and declarations
5670,ancient Earth history and evolution
5671,another or others
5672,specific measurements and states
5673,geographic regions and places
5674,"repaid lawyer, directed the, selected Rex"
5675,there are X that
5676,adjective followed by noun
5677,"affect the, open a, removes all, reported evidence"
5678,items and accessories
5679,taking into account
5680,laughter and jokes
5681,numbers and symbols
5682,occurring before specific punctuation
5683,meeting with someone
5684,legal defenses and circumstances
5685,code delimiters and assignments
5686,entering or arriving
5687,particular phrases and entities
5688,probability of $r^n$
5689,hotel and resorts
5690,holidays and celebrations
5691,HTML span tags for theorems and assumptions
5693,hashing and object equality
5694,that's followed by various words
5695,personal details
5696,is followed by a description
5697,"including, plus, adjustment"
5698,XML tags and code structures
5699,mice and animals
5700,lambda functions and object comparison
5701,java programming imports
5702,building renovation reconstruction
5703,investment and interest rates
5704,nouns followed by of
5705,potential followed by noun
5706,"king, royal, crown"
5707,"we help, we will, and Sara"
5708,multilingual and translated
5709,find out what
5710,Jesus Christ
5711,company names and entities
5712,digits or numbers
5713,portable or Broadcasting Corp
5714,ending sequence
5715,willingness to consent
5716,technical code and text snippets
5717,"formulas, rules, and patterns"
5718,"undefined, divergence, infinity"
5719,dusting and wind loss
5720,foreign language and technical terms
5721,"health care, education, and status"
5722,website URLs and mentions
5724,banking and financial services
5725,political stances and endorsements
5726,useful functionality
5727,years
5728,break followed by semicolon
5729,visual depictions with spatial relations
5730,"purposeful ""so that"" clauses"
5731,XML or JSON structure detection
5732,after that
5733,code definitions and text processing
5734,phrases following with
5735,technical term followed by noun
5736,diversity and variety
5737,emoticons and smileys
5738,greek letters and math symbols
5739,`cur:` followed by hex numbers
5740,describing good things
5741,oral antibiotics and drug treatments
5742,impossible conditions or past limitations
5743,approach to something
5744,"code, math, and legal structures"
5745,too + adjective/adverb
5746,"enumerated sections, theorems, or tables"
5747,technical and scientific terms
5748,sunlight effects on skin
5749,person-related data
5750,xc followed by code or units
5751,roots forming common words
5752,monitoring and expecting actions
5753,people and places
5754,addressing issues or providing addresses
5755,and or
5756,quoting inside citations
5757,nginx code snippets
5758,sensor or detector
5759,code symbols and logic
5760,list separator
5761,common continuations
5762,legal citations
5763,machined parts and accessories
5764,expressing hope or help
5765,// attribute// use// to// Error// must
5766,specific phrases and acronyms
5767,`(` before optional/save/K/DB/parent/enabled
5768,seems to
5769,code structures and math
5770,joining clauses or listing
5771,experience
5772,"formyl, formally, formaldehyde"
5773,legal proceedings and judicial decisions
5774,LGBTQ and gay identity
5775,numbers and letters
5776,cleaning and washing actions
5777,order in expansion
5778,archduke john of austria
5779,news content and broadcasting
5780,awards and recognition
5781,color or drawing elements
5782,introducing alternative names or synonyms
5783,UI code structure
5784,would followed by verb
5785,"light, microwave, rotor, programming"
5786,by followed by s
5787,HTML attributes like `valign`
5788,risk of developing medical conditions
5789,our followed by noun
5790,eye problems
5791,assert and ensure
5792,code and numbers
5793,numbers and code delimiters
5794,code components
5795,states of being
5796,"mathematical sequences, numbers, basis"
5797,end up
5798,"first, seventh, latest, most"
5799,technical identifiers or names
5800,"news, regression, signaling"
5801,discover something happened
5802,Program and Service Names
5803,abstract concepts and factual terms
5804,capable words
5805,"Russian, Slavic, German, English, Spanish, Indonesian"
5806,urls and paths
5807,scandal and allegations
5808,starting new sentences or clauses
5809,"became, initially, originally"
5810,all
5811,content and getContent variations
5812,mathematical notation symbols
5813,command-like structures or data definitions
5814,noun-preposition phrases
5815,officials and experts reporting
5816,"millions of people, clients, students"
5817,"North American, US, and University origins"
5818,how things work
5819,providing or needing sustenance
5820,index and mathematical expressions
5821,wilful desertion one year
5822,que followed by French pronouns
5823,business and accounting terms
5824,feelings and sensations
5825,teacher and colleagues
5826,fractions and percentages
5827,names following and or numbers following 1
5828,words ending in en or er
5829,appearances in productions
5830,numbers and dates
5831,legal and technical terms
5832,clauses and lists
5833,get cached data
5834,used them to
5835,giving up or abandoning
5836,continual striving and studying
5837,"its, ’s, of"
5838,fundraising and charities
5839,"building, cars, program, event, cast, provider, other"
5840,superlative adjectives
5841,supporting legal findings
5842,"summer ends, only awaiting, microwave frequency"
5843,faculty and staff roles
5844,stop or prevent actions
5845,evaluating or scoring items
5846,historical / antique items
5847,figure reference citation
5848,custody bail pretrial scheduling
5849,saying or explaining
5850,UDP network programming
5851,foreign embassies and residents
5852,along with
5853,agreement and acceptance
5854,"rather than, instead, only"
5855,k'th term mathematical usage
5856,prepositions followed by articles
5857,diversity. Racial diversity
5858,home and idleness
5859,volume and page numbers
5860,legal rights
5861,words starting with ph
5862,law or regulation definition
5863,not any
5864,following bills history dead well jurisdiction Plaintiffs drift
5865,route – OR Tambo Airport
5866,you send
5867,locations and connections
5868,conjunctions and punctuation
5869,"places, businesses, and services"
5870,specific
5871,result of
5872,specific region or condition
5873,historical figures and texts
5874,wedding dresses and gowns
5875,"programming, math, and specific words"
5876,setting values
5877,security and protected information
5878,strategies for training
5879,movement and direction
5880,time periods and frequencies
5881,CERN research projects and data
5882,explaining or defining something
5883,cycling and bicycles
5884,java class declarations
5885,concerning or regarding concepts
5886,staff members
5887,"stages, levels, groups"
5888,interrupting or pausing speech
5889,questions and hypothetical situations
5890,"development at, force field"
5891,really and truly
5892,semiconductor device
5893,many people mistakenly assume
5894,who followed by a verb
5895,enzyme assays and activity
5896,"failure, loss, or cancellation"
5897,betrayal and abandonment
5898,lucky slot winnings
5899,around approximations or ranges
5900,structured data tags
5901,past actions and reporting
5902,to achieve a goal
5903,introducing examples or categories
5904,family and group identity
5905,specific characteristics or conditions
5906,input
5907,integratingortherefor
5908,"season one, season three"
5909,arithmetic and scientific notation
5910,transmission of traditions and crafts
5911,material properties and subsequent items
5912,that has to
5913,"string, Key, sister Mary"
5914,currency and price
5915,words that become negative
5916,product specifications
5917,fellows and peers
5918,compound word suffixes
5919,evaluative adjectives
5920,verbs and complements
5921,exception and except
5922,"programming, science, and religious terms"
5923,scheduling or code execution
5924,"asm, ASP, BSD, SM, HSSI"
5925,connection timer
5926,internal or domestic contexts
5927,entities and their descriptions
5928,continuing state
5929,mathematical equations and scientific notation
5930,to followed by verbs
5931,"internet, video, games, music"
5932,CSS transformations and defines
5933,"request, client, controller, write"
5934,abstract concepts and requirements
5935,entity domain
5936,n followed by line break or punctuation
5937,questions followed by actions
5938,loading resources or data
5939,prefolds
5940,Virginia legal citations
5941,"also, even"
5942,conclusion and reasoning
5943,word followed by related word
5944,"non-distributed, with parasites, toString()"
5945,state followed by preposition
5946,academic publications or authored works
5947,before an event
5948,I2C control and status signals
5949,art methods
5950,that or imperative followed by subject or verb
5951,unique or rare occurrence
5952,groups and their well-being
5953,conjunctions followed by diverse elements
5954,academic or technical terms
5955,closing brackets and punctuation
5956,figure references
5957,qualifications and estimates
5958,to or and class
5959,degree and certainty
5960,promises and pledges
5961,That followed by verb
5962,quantity and reputation
5963,heat treatment or processing
5964,"naming and renaming, nomenclature"
5965,purpose or aim
5966,switching to
5967,prepositions followed by specific words
5968,but while yet combines
5969,"mean, standard deviation, range"
5970,typically common usage
5971,provides statutory authority
5972,"legal disputes, technical data, or mathematical expressions"
5973,each other
5974,describing a process
5975,applied magnetic field
5976,geographic and technical contexts
5977,survey respondents
5978,indicating purpose with verbs
5979,instructions and requests
5980,reported speech and findings
5981,uncontrolled leaks or breakage
5982,local or in vitro
5984,scores and yards
5985,simplify and clarify
5986,C/C++ function signatures
5987,people creating or managing things
5988,Kannada text and foreign words
5989,hypocrisy and inconsistency
5990,mathematical section headers
5991,days and months
5992,do/does + verb
5993,first-person statements of action or self
5994,famous people and achievements
5995,neither ... nor
5996,walk followed by direction or pronoun
5997,birth and its consequences
5998,medical studies and results
5999,achieving goals
6000,explanation or elaboration
6001,periodic events and measurements
6002,participation and involvement
6003,naming and defining terms
6004,words starting with de
6005,email with providing a
6006,programming IDEs
6007,financial sums and expenses
6008,Greek letters and mathematical notation
6009,today and subsequent events
6010,punctuation and symbols
6011,"lawyer, attorney, counsel, bar"
6012,creature game scripting
6013,descriptive nouns and adjectives
6014,composition followed by in
6015,objective completion
6016,closing parentheses and quotes
6017,someone who
6018,identifiers and numerical sequences
6019,romantic relationships and affairs
6020,"died, die, killed"
6021,pronouns followed by verbs
6022,citations and sources
6023,to followed by a verb
6024,wikipedia entries and categories
6025,module import paths
6026,"LinkedList, UPS, Ca, assignment, periods"
6027,programming code snippets
6028,"modelmodel, pattern, style, format"
6029,"volume, pages, year"
6030,company and its subsidiaries
6031,there is nothing
6032,ast Node change
6033,across the hemisphere
6034,source or origin
6035,specific nouns and concepts
6036,Wikipedia categories and articles
6037,Scientology and world peace
6038,article followed by specific noun
6039,female family roles and relationships
6040,new object instantiation
6041,union and strike activity
6042,exclusively or alone
6043,self-reference
6044,"categories, types, or specific terms"
6045,the [word]
6046,named entities and titles
6047,hello world
6048,programming imports
6049,recycling and waste recovery
6050,profitable outcomes and successes
6051,toxicological contamination and effects
6052,structured data types
6053,parameters with values
6054,numbers or single letters
6055,logical consequence
6056,all of
6057,describing technical and scientific entities
6059,"approximately, equivalent, roughly"
6060,"open access, question, label"
6061,Hagans name tag
6062,proper nouns and their continuations
6063,I or i at start of words
6064,profile information and personal attributes
6065,recalling past events
6066,programming code and data structures
6067,".com, .org, code delimiters"
6068,proper nouns followed by conjunctions or prepositions
6069,and followed by common objects
6070,mathematical expressions or code
6071,thanks and acknowledgement
6072,numbered list items
6073,official personnel investigating
6074,and even
6075,continue to
6076,what is expected
6077,hyperlinks
6078,always
6079,slow speech and action
6080,accuracy and reliability of methods
6081,news content
6082,configuration and code snippets
6083,public appearance and code identifiers
6084,medical conditions and their treatment
6085,point and points
6086,tropical rainforest jungles
6087,intensifiers for adjectives
6088,programs and initiatives
6089,situational descriptions
6090,"both worlds, moveable feasts"
6091,subject states or thinks
6092,arguments and parameters
6093,"allegations, defendants, cortices, probation, differentially, optically"
6094,abbreviated prefixes like CPL_ or DLT_
6095,Greek letters and variables
6096,programming syntax and multilingual including
6097,finding job opportunities
6098,research and technical processes
6099,disabling or preventing actions
6100,invention descriptions
6101,"scared off, itself largess"
6102,jolt
6103,code and data structures
6104,these
6105,return value
6106,code syntax elements
6107,many actions happening
6108,Numbers
6109,units and technical terms
6110,"code, numbers, and names"
6111,May blessings upon all
6112,differences and comparisons
6113,reflect or reflection
6114,crisis discussions
6115,racial makeup
6116,"assigns, grants, or mentions property/status"
6117,shell commands
6118,programming constructs
6119,book titles and names
6120,"frequency, waves, oscillations"
6121,concrete nouns
6122,other than
6123,result and subsequent code constructs
6124,naming specific systems or groups
6125,to do or solve
6126,podcast
6127,conjunctions or new clauses
6128,technical and academic terms
6129,"smoking ban, deportation order, care assessment"
6130,high performance achievements
6131,eventually followed by something
6132,success or failure
6133,chasing and pursuing
6134,litigation and lawsuits
6135,spectrum alone
6136,changes and their effects
6137,boolean value assignment
6138,global and nationwide scale
6139,"skills, learning, and practice"
6140,not built
6141,conjunctions and lists
6142,describing states or properties
6143,company suffixes
6144,"number + ""a"" or ""Read"""
6145,always and continuity
6146,"found that, tools to, resulting in"
6147,remaining quantity or status
6148,futurework
6149,mathematical notation
6150,testing with time
6151,animal types
6152,"ignore block, ignore version"
6153,Alex Caine book
6154,"coincidence, chance, irony"
6155,what's contained therein
6156,code and URLs
6157,name beginnings
6158,between
6159,quantity or amount
6160,thank you
6161,cannot + verb
6162,information from sources
6163,no one / nobody
6164,audit and accounting
6165,adverb-verb/preposition pairs
6166,field is or of
6167,Scriptures or Bible references
6168,benefit charities
6169,conclusions and future work
6170,ending quotation marks
6171,things are
6172,educational resources and lessons
6173,sports offseason training
6174,favorite superhero comics
6175,commas
6176,"each, forEach, or all in other languages"
6177,code components and concepts
6178,file paths with usernames
6179,locations associated with entities
6180,contrasting with others
6181,method invocation or definition
6182,referencing and identifiers
6183,as ... as constructions
6184,code access and method calls
6185,possessive pronouns and related concepts
6186,wife and married
6187,Android layout constraints
6188,conjunctions and sequential actions
6189,first or next
6190,"the article ""a"" followed by a word"
6191,anti-imperialist discourse
6192,mathematical expressions and lists
6193,function or keywords
6194,creating or performing actions
6195,what will happen next
6196,collections of stories or works
6197,game scenarios and world navigation
6198,plus
6199,outside environment
6200,after words of enumeration
6201,Oh and subsequent thoughts
6202,unicode quote escapes
6203,numbers followed by punctuation
6204,small or smaller entities
6205,locations and transitions
6206,precedes punctuation
6207,numbers and quantities
6208,"championships, tournaments, and major sporting events"
6209,question words and phrases
6210,result and proof
6211,pronoun verb in french german portuguese
6212,respectively after lists
6213,Java programming constructs
6214,demonstrative pronouns and conjunctions
6215,physical components and processes
6216,realism and expectations
6217,"each other, one another"
6218,rewarding or encouraging actions
6220,describing consequence or result
6221,"java, python, and xml tags"
6222,entity identifiers or names
6223,donations and contributions
6224,property assignments
6225,"punctuation, names, numbers"
6226,group actions or collaborations
6227,different types
6228,marketable Venta vendor discharge
6229,one or the
6230,draft rounds and picks
6231,containers and vessels
6232,code structure or data structures
6233,inflated ego and arrogance
6234,filing criminal charges
6235,"medical, technical, and descriptive terms"
6236,referring to specific instances
6237,compound noun phrases
6238,solving problems
6239,closing parenthesis after numbered list items
6240,organization name change or merger
6241,academic nouns followed by punctuation
6242,"music description, instruments, vocals"
6243,HTML button elements
6244,closing code blocks
6245,HTML/XML tags and code constructs
6246,URLs and file paths
6247,programming class names
6248,by followed by names or places
6249,Nazi concentration camps
6250,opportunities and goals
6251,"kindness, love, charity"
6252,hadoop mapreduce rdd partitions
6253,names and past events
6254,real estate and property
6255,method or reports
6256,already
6257,numerical comparisons
6258,method for device
6259,confidence intervals and ranges
6260,citations and numbering
6261,describing types of things
6262,financial struggles and poverty
6263,"public access, idle, or keys"
6264,with context
6265,roles and professions
6266,"information, resources, and research"
6267,"scene, phase, episode"
6268,mathematical expressions and variables
6269,definition and explanation
6270,level and scale
6271,software and services
6272,he/she/I actions and descriptions
6273,"linux, serveurs, panel, station"
6274,at least usage
6275,conjunctions and contrastive clauses
6276,priority above
6277,form submission and preview
6278,secret sunday
6279,listing aspects or factors
6280,specialized content and terms
6281,damage
6282,never attended without missing not pass
6283,technical terms and abstract nouns
6284,"httphttps, WebVitals, readFileSync"
6285,after or by means of
6286,providing data or consent
6287,punctuation followed by word
6288,presenting alternatives
6289,determiners followed by specific nouns
6290,"repeated fields with `Bool`, `Int`, or `String`"
6291,appears to be believing
6292,publication and publishing
6293,script timing
6294,names and entities
6295,numbers and punctuation
6296,technical research papers
6297,relationship and connection
6298,quantities and specific contexts
6299,followed by
6300,mathematical expressions with numbers
6301,excellent reviews for content
6302,System.out.println
6303,said after names and titles
6304,refreshment
6305,coaching and sports roles
6306,legal citations and names
6307,round and radius
6308,code and programming constructs
6309,technical terms and specific uses
6310,list property initialization
6311,code and specific symbols
6312,code constants and variable names
6313,years followed by punctuation
6314,friends and family
6315,date and dates
6316,optional presence
6317,to + verb
6318,Respondents taking surveys
6319,"box, boxes, 'bounding box'"
6320,comfort and fit when worn
6321,places and their purpose
6322,abandonment or exit
6323,"then, therefore"
6324,has won
6325,pandemic and hurricane events
6326,"cost of, crimes against"
6327,high definition video resolution
6328,pass pr sequence
6329,no way to resolve
6330,rare or uncommon occurrences
6331,lists of names separated by commas and 'and'
6332,understand themselves
6333,is or was followed by adjective
6334,process action or outcome
6335,function definitions and blocks
6336,In~2~S~3~ nanoparticles
6337,people and populations
6338,Australian cities and places
6339,citations or list endings
6340,describing ease
6341,is/are followed by modifiers or negations
6342,bit combinations
6343,ordering and position
6344,protection and defense
6345,pronouns
6346,mathematical notation with parentheses
6347,timer related keywords
6348,temperature and conditions
6349,model identification
6350,left panel
6351,"business, money, US"
6352,"examiners, judges, recruiters admissions"
6353,common scientific abbreviations
6354,URLs and references
6355,all the information or data
6356,generally or usually
6357,journal volume numbers
6358,sight and vision
6359,all that
6360,sick society which
6361,system and its requirements/functions
6362,written articles
6363,regarding / concerning / about
6364,This followed by a noun phrase
6365,identifiers and properties
6366,mathematical or technical notation
6367,mathematical definitions and equations
6368,place names followed by commas
6369,mapping JSON key-value pairs
6370,"index, home, main"
6371,purpose reason
6372,political statements and tensions
6373,water streams
6374,foreign language terms
6375,legal or disciplinary outcomes
6376,"PuTTY, pageant, defn, specific terms"
6377,months and years
6378,numbers in parentheses
6379,key corresponds to a feature
6380,precipitation and separation
6381,business operations
6382,conjunctions following common words
6383,XML and UI components
6384,section or section editor
6385,educational concepts and subjects
6386,professional or personal regards
6387,"aid, ail, aim"
6388,years after recall terrific
6389,necessity and application
6390,investing in
6391,find way out
6392,"only, just, merely"
6393,"show, delete, relay"
6394,conditions met or not met
6395,list following punctuation
6396,crimes and punishments
6397,maintenance of information
6398,obtained results or identified findings
6399,legal citations and patent numbers
6400,Japanese media titles
6401,nginx configuration and code
6402,#define and declarations
6403,mathematical expression delimiters
6404,"quantifiers after ""a"""
6405,equations or physical flows
6406,quantifiable metrics and parameters
6407,on social media and websites
6408,tendency or reluctance
6409,PAS to political party
6410,media genre classification
6411,reducing intensity or amount
6412,"health, education, food, social services"
6413,Sew Easy
6414,Kajniki
6415,legal and academic citations
6416,numbers and punctuation
6417,quantifiable experimental results
6418,COVID virus and illness
6419,survival
6420,French technical/code context
6421,is it practical or necessary
6422,contrary concepts using 'suggests'
6423,code snippets and declarations
6424,river names and locations
6425,institutions and places
6426,regulate physiological processes
6427,names of nationals or types
6428,action of helping
6429,We + verb
6430,times of day
6431,to understand or further
6432,`apparatus`
6433,makes sense to me
6434,for the purposes or sake
6435,pondering about
6437,figure and table references
6438,school teacher
6439,"circled, solid, or colored shapes and lines"
6440,know where / maybe
6441,technical or programming constructs
6442,commas and listed items
6443,house rooms and areas
6444,telling stories
6445,"medical therapy, living alone"
6446,sending signals and impressions
6447,amount necessary
6448,discussing and explaining actions
6449,version placeholders and formatting
6450,looking forward to something
6451,such and so followed by adjectives
6452,places like parks and rooms
6453,complaints or grievances
6454,years and locations
6455,proper names and specific terms
6456,Majesty replied
6457,sales and selling
6458,tree structures or components
6459,numbers and durations
6460,go ahead or free
6461,thread naming and counting
6462,citations and configuration items
6463,Korean people and increasing technology
6464,from the perspective
6465,stock prices and financial terms
6466,units of measurement
6467,"code values, integers"
6468,moderate and medium levels
6469,names listed with subsequent action
6470,not with verbs or modal verbs
6471,"Quakers, Matthews, Terra"
6472,"fyrth, Uchu, ācharana, Kopi"
6473,fitting expectations or molds
6474,XML attributes with `id`
6475,Abbreviated proper nouns
6476,printk debug output
6477,private hospitals
6478,laboratory reagents biological materials
6479,despite its
6480,scientific and technical terms
6481,interpolation between values
6482,programming related comments and greek letters
6483,personality traits and qualities
6484,full followed by a descriptor
6485,end of write tag
6486,economic sanctions and boycotts
6487,html element attributes
6488,"variable, array, and list structures"
6489,decision making
6490,"users, readers, patients"
6491,quoted speech phrases
6492,numbers greater than one
6493,academic paper structure
6494,virtual machine box
6495,introducing further detail or examples
6496,technical and programming terms
6497,background images
6498,relative clauses and pronouns
6499,thinking about actions
6500,code sections and labels
6501,programming language constructs
6502,science concepts
6503,sentence ending punctuation
6504,cutting and slicing
6505,code and technical terms
6506,third-person possessives
6507,demonstrative determiner introducing plural nouns
6508,dollar and currency value
6509,API routes and code constructs
6510,secret and hidden
6511,director or head of department
6512,authorship and attribution
6513,"breast, milk, mammary glands"
6514,Germanic place names and constituents
6515,specific entities or states
6516,nuclear power plants and reactors
6517,private code modifiers
6518,somebody beginning phrases
6519,introduces following content
6520,understanding intricacies
6521,afternoon time events
6522,algebra and equations
6523,She or her
6524,adjective noun phrases
6525,type struct Registration
6526,conclusion words
6527,"failures, problems, and conditions"
6528,quoted speech followed by reporting verbs
6529,"code, math, and markup syntax"
6530,"Listing, table, figure, algorithm, assumption references"
6531,"constants, divorced"
6532,states of being
6533,chemical suffixes and numbers
6534,Thank you for support
6535,in followed by descriptive words
6536,relative clauses specifying properties
6537,examples and evidence
6538,form/factors/doctrine/parcel/canons/instruments
6539,sports teams or political entities coupled with roles
6540,else
6541,conjunctions and transitions
6542,"treated events, observed actions, or stated strategies"
6543,interior parts and surfaces
6544,return to text
6545,drinks with or without sugar
6546,presentation slides
6547,should or could
6548,length or count
6549,$\mkern2mu _\mkern2mu contractions and geometry
6550,"featureID, MigrationBuilder, XmlAccessorType"
6551,names ending with 'an' or 'en'
6552,long term
6553,using namespace / namespace declaration
6554,parenthetical citations
6555,career summary and scientific units
6556,NMR spectra
6557,allowing something to happen
6558,twitter and tweets
6559,completing or completion
6560,some examples or partial lists
6561,call and its variations used predictively
6562,following actions or next steps
6563,server hosting
6564,compared with or to
6565,conditional statements or lists
6566,"pure, raw, simple, active, normal"
6567,animal parts and substances
6568,talking or discussing
6570,event object properties
6571,This is/was description
6572,by means of
6573,academic papers and structured data
6574,la ECM
6575,"saving money, time, or resources"
6576,English words after punctuation
6577,film release dates
6578,pausing or halting activities
6579,approaching deadlines and time
6580,standards and specifications
6581,verbs indicating observation or intention
6582,"other, else, and similar"
6583,"studies, papers, patents, code"
6584,mathematical expressions
6585,research and design elements
6586,code punctuation and keywords
6587,UI list/grid views
6588,underwhelming mediocre weak disappointing
6589,flexible layout and adjustment
6590,"times, dates, numbers, and file paths"
6591,Florida cities
6592,Appellant (Defendant)
6593,finding why
6594,demonstrating goods
6595,existence or presence
6596,class/interface names and implementations
6597,determiners followed by nouns/adjectives
6598,"names of specific entities, places, or fields"
6599,contractions of negations
6600,"key value, key patent, key adjacent"
6601,database names
6602,code syntax
6603,"Nigeria, Nigerian, Africa, African, Jamaica"
6604,being sent or assigned a task
6605,assignments in code
6606,"Oh-, Linear, larger, or specific tokens"
6607,"creation, increase, formation"
6608,enabling and improving outcomes
6609,business names and legal suffixes
6610,years and legal citations
6611,identifying male or female
6612,pending or outstanding matters
6613,address numbers and types
6614,success and performance
6615,European Union Commission
6616,names and dates
6617,Pardo offered
6618,"actions following ""to"" or ""who"""
6619,code delimiters
6620,LaTeX packages and commands
6621,innocent victims in jail
6622,used to predict
6623,time for delivery or wait
6624,scientific research and discovery
6625,common words followed by punctuation
6626,sounds and noises
6627,seems or sounds surprising
6628,checking conditions and configuration
6629,forced to experience hardship
6630,illustrates with examples
6631,code declarations and configurations
6632,in German or other languages
6633,import statements
6634,parentheses followed by common words
6635,distinguishing objects and stimuli processing
6636,anti- and non-
6637,expressions of thanks
6638,closing tags and delimiters
6639,citations following bib
6640,continue or proceed
6641,"statement following ""that"""
6642,via Bluetooth
6643,nginx installation paths
6644,"our, new, multiple, uniform, lot"
6645,progress and achievements
6646,adjective describing experience or outcome
6647,this followed by a noun
6648,figures and citations
6649,expressing thanks
6650,"possessive pronouns or words like ""its"""
6651,I/we + verb actions
6652,glad and thankful
6653,prime factors
6654,vertical position or height
6655,"election results, victory, concession"
6656,technical identifiers and issues
6657,failure or malfunction
6659,intensifiers before adjectives
6660,being
6661,sequencing or progression
6662,service life road trail site style
6663,variable assignment or property access
6664,trying or trial followed by action
6665,hard work and dedication
6666,offering various entities
6667,technical terms and citations
6668,"parentheses, colons, or specific punctuation marks"
6669,in or in text
6670,contexts where specific terms appear
6671,`//`
6672,rather or not
6673,gamma symbol or 'and'
6674,pretty and fairly
6675,translated into
6676,code or markup delimiters
6677,foreign words and punctuation
6678,viewpoint from
6679,Narasimha worship traditions
6680,gene expression microarray analysis
6681,numbers and quantities
6682,prepositions followed by nouns
6683,code contexts with properties
6684,have been or are
6685,content sections
6686,shoes and sneakers
6687,past events or creations
6688,also / incidentally / a także
6689,HTML titles and attributes
6690,Japanese names and words
6691,closing code block syntax
6692,don't worry
6693,code structures and programming contexts
6694,ended states or results
6695,"stereoscopic, feedback, spatial, representations"
6696,famous people and places
6697,debug logs and error codes
6698,allocating resources
6699,hex codes ending in db
6700,months and numbers followed by punctuation
6701,related to
6702,community guidelines and actions
6703,mathematics and statistics
6704,illegal or unspecified activities
6705,football possession
6706,that followed by comma or punctuation
6707,flora and fauna habitats
6708,Zika virus
6709,numbers and technical terms
6710,specific nouns followed by common words
6711,foreign words
6712,separating alternatives
6713,Greek letters and mathematical symbols
6714,disciplinary and academic suffixes
6715,import statements
6716,probability of picking
6717,mobile applications
6718,associated with interaction
6719,"date, highest, calls, may"
6720,quantity words
6721,sequence code examples
6722,mathematical singularity or lambda function
6723,error messages and exceptions
6724,location or place
6725,biological cells and chemical compounds
6726,future and final outcomes
6727,live inremembered bylost forlast year
6728,road and traffic users
6729,applications rejected
6730,"verbs following ""to"""
6731,sampling analysis
6732,court citation
6733,"formatting, padding, and alignment"
6734,login and password
6735,degrees and qualifications
6736,defines rules or requirements
6737,wide journal articles
6738,fighting and deployment
6739,"LaTeX commands, math symbols"
6740,related or based
6741,presidential campaign candidate
6742,"percentages, quantities, materials"
6743,baby or infant diapers
6744,citations and academic references
6745,"parameters, code, math, HTML, data structures"
6746,technology vendor
6747,probability of picking letters
6748,references and citations
6749,rigid and analytical frameworks
6750,for
6751,code structure and identifiers
6752,numbers near average
6753,continuing unresolved states
6754,comparative language
6755,event names and descriptions
6756,acronyms and abbreviations
6757,"restore, rebuild, recover"
6758,inflation
6760,at [location/time/level]
6761,describes actions or states
6762,will these
6763,conjunctions and punctuation
6764,possessive followed by noun
6765,topics and their specifics
6766,during a period
6767,"than one, or different"
6768,technical terms and specific nouns
6769,explaining above / we have / we proposed
6770,years and numbers
6771,Japanese dialect endings
6772,locations and specific areas
6773,court proceedings
6774,variable declarations and assignments
6775,agency action reviewing decisions
6776,academic and technical term pairings
6777,"railway line, railroad traffic"
6778,height and build measurements
6779,non-english words
6780,start of phrase
6781,select *
6782,"places, items, and information"
6783,"work, task, labor, or similar activities"
6784,gardening and plants
6785,appearance trial adherence receipt age Location
6786,for prepositional phrases
6787,preposition followed by pronoun
6788,exceeding or outperforming competitors
6789,code snippets and coordinates
6790,Qt and programming
6791,big four firms
6792,is equivalent/distributed/independent
6793,abstract concepts and technical terms
6794,utility or code component
6795,but not well understood
6796,common function words
6797,programming language constructs
6798,death and deceased individuals
6799,point out information
6800,actions before context or condition
6801,parenthetical clauses
6802,food items in lists
6803,prompt action
6804,eastern province
6805,opinions and arguments
6806,numbers followed by abbreviations or units
6808,URLs and paths with separators
6810,"angle, phase, pi"
6811,legal and mythological concepts
6812,describe
6813,finding things
6814,reporting results and findings
6815,German verbs and technical abbreviations
6816,id or ID
6817,numbers and quotes
6818,"""in"" followed by article or possessive or temporal"
6819,android layout attributes
6820,patients caregivers disease support
6821,that... was/is
6822,input/adapt/achieve
6823,"references to sections, figures, assumptions, theorems"
6824,ad prefix
6825,someone or somebody
6826,for followed by noun phrase
6827,writing and creation process
6828,describes or adjectives
6829,comparison structures
6830,bitcoin value and blockchain
6831,individual items in sequences
6833,affects levels and rates
6834,now followed by status
6835,pairs of names
6836,any questions/information
6837,URL paths and identifiers
6838,"actions, commands, and states"
6839,coming into view or presence
6840,phrases with conjunctions or comparisons
6841,movements and directions
6842,mathematical expressions with limits and inequalities
6843,future events and risks
6844,need or requirement stated
6845,surface patterns and textures
6846,delay
6847,entity abbreviations in parentheses
6848,diagnosing and prescribing treatments
6849,getting all or finding all
6850,as a
6851,auxiliary verbs
6852,chromosome (YAC) DNA
6853,for reasons
6854,words starting with at
6855,scientific context or descriptions
6856,"likewise, similarly"
6857,names and specific topics
6858,label followed by colon or hyphen
6859,indicating specific information
6860,testing and mocking
6861,you are asked
6862,adding items to lists
6863,Greek letters and code punctuation
6864,data ToSend
6865,legalistic or formal wording
6866,important potential or advantages
6867,security problems and measures
6868,degree or quantity modifiers
6869,causal conjunctions
6870,in publication or reference
6871,african-american
6872,foreign language words
6873,renormalized scaled estimated generalized
6874,"final extension, followed by"
6875,past tense verbs followed by articles
6876,code-like elements and numbers
6877,federal law and courts
6878,negated expressions
6879,items and supplies
6880,multilingual contexts
6881,prepositions followed by specifying nouns
6882,code and programming terms
6883,carrying capacity
6884,time in minutes
6885,numbers and code delimiters
6886,loud vocalizations
6887,assignment operators like +=
6888,running races and marathons
6889,the fact that
6890,code arrival notifications
6891,long scanning times
6892,Kotlin code structures
6893,themselves and collective actions
6894,measurement variation
6895,continents and countries
6897,asking for information
6898,minimum
6899,math problems and Santo André
6900,listing organizations and entities
6901,quantity of ingredient
6902,examples following a category
6903,symbols and icons
6904,company
6905,mathematical or computer programming notation
6906,listing items or phrases
6907,goes back
6908,numbers followed by punctuation in legal text
6909,comparisons using than
6910,Italian nationality and cuisine
6911,"in any, for the, called """
6912,the letter s
6913,surnames in legal contexts
6914,now includes
6915,future states or actions
6916,"direction, spot, question, speed, track, side, hands"
6917,money amounts per unit
6918,have been + state
6919,correspond to representation
6920,abbreviations and acronyms
6921,pure politicking
6922,it is
6923,story beginnings
6924,until now
6925,identifiers starting with underscore
6926,mathematical expressions and operations
6927,those followed by identifying phrases
6928,context for descriptions
6929,negation and absence
6930,API requests and responses
6931,numbers and citations following punctuation
6932,idiomatic uses of be
6933,motions and requests for relief
6934,action verbs past tense
6935,"sacrificial layer, protective layer, conductive layer"
6936,words followed by specific connectors
6937,political and medical contexts
6938,"footballer, politician, film, species"
6939,buthowever
6940,reviewing and finalizing manuscripts
6941,"laws, regulations, and bills"
6942,individual items or members
6943,scripting and callbacks
6944,namespace declarations
6945,by or of preceding common words
6946,identifying deficiencies or problems
6947,remaining trace or leftover
6948,good or fit for purpose
6949,measures of length and volume
6950,describing positive qualities or impact
6951,The BIO source
6952,organizations and inventions
6953,citing examples or sources
6954,bibliographic references
6955,citations or references
6956,"entity descriptions starting with ""is a"""
6957,legal or technical terms
6958,state or outcome verbs
6959,table and figure references
6960,programming assertions and field access
6961,technical or scientific punctuation
6962,"space exploration, astronauts, spacecraft"
6963,that of
6964,brands and selections
6965,company names and descriptions
6966,historical or legal citations
6967,describing the behavior of
6968,"Detroit, Michigan, Iraq, Tigers"
6969,swimming and water activities
6970,conversely or vice versa
6971,qualifications and examples
6972,evidence existence or lack
6973,daily activities and routines
6974,specific entities or concepts followed by punctuation
6975,conjunctions connecting items
6976,worth amounts
6977,HTML elements and attributes
6978,described in or by
6979,citations with arXiv
6980,it was
6981,Specific nouns
6982,category labels with numbers
6983,conjunctions and enumerations
6984,entity — entity relationships
6985,thinking and thoughts
6986,"balance, equality, symmetry"
6987,god's vision or values
6988,state of satisfaction
6989,peak performance metrics
6990,code punctuation and operators
6991,exchange and swap
6992,phrases starting with from
6993,people's names
6994,meaning or purpose
6995,credit card payments and merchants
6996,Laravel PHP framework
6997,in phrases
6998,paint and painting
6999,can be or may be
7000,first occurrence or instance
7001,"existence of entities, objects"
7002,only
7003,memory and storage capacity
7004,implementation sections layers
7005,hexadecimal indices in structures
7006,"courtroom, USA, Constitution, corporations"
7007,numbers and technical identifiers
7008,first person pronouns
7009,safety and security
7010,time to reach or achieve
7011,code structure delimiters
7012,questions and desires
7013,suitability
7014,"count III, IV, V"
7015,introduction of speech
7016,ijerph citations
7017,follows lists
7018,share or exchange
7019,lists of kinds and optional things
7020,mathematical problem setup
7021,probe timer__add
7022,time of day
7023,equations and formulas
7024,Policy schedule
7025,"isomorphic to, more than, act as, remain in, find the"
7026,storage orders
7027,software functionality and implementation
7028,elderly and retired
7029,immediately acted
7031,mathematical form or symbols
7032,filtering criteria
7033,Poul Anderson authors
7034,reporting statements
7035,throwing exceptions
7036,nonstop activity
7037,binary digits or pairs
7038,double underscore prefixed identifiers
7039,foreign language programming terms
7040,public variable declarations
7041,boolean outcomes
7042,location or scientific concepts
7043,more likely better
7044,code parameters and assignments
7045,analysis and decisions
7046,code comments and conditions
7047,annotations and code syntax
7048,general context followers
7049,action verbs and technical processes
7050,function keywords
7051,mathematical notation and symbols
7052,past-tense verbs describing actions or findings
7053,press conferences and media statements
7054,geographical directions and regions
7055,challenge and adventure
7056,sister Mary
7057,taking courses
7058,various types
7059,"‘, Mc, The, In, Lu, Around"
7060,legal citations and academic papers
7061,api requests and distribution
7062,ethnic or racial groups
7063,academic/technical citations
7064,conditional expressions
7065,first ever
7066,hex code followed by a comma
7067,game damage and combat spells
7068,foreign specific words
7069,figures and citations
7070,"a, A"
7071,celebrity sightings
7072,concurrency and transactions
7073,decision
7074,"cell types, growth, and death"
7075,state of abstract nouns
7076,descriptive words followed by nouns
7077,"questions asking ""what does"""
7078,adjusting parameters or levels
7079,sql queries
7080,discusses motivations
7081,contributor byline articles
7082,querying data collections
7083,comment end */
7084,mathematical expressions and numbers
7085,normal or ordinary
7086,driving under the influence
7087,being or doing something
7088,"opening, port, doorway, hole, socket"
7089,programming language constructs
7090,lifecycle policy schedule
7091,names and legal proceedings
7092,to + verb infinitive
7093,variable initialization or declaration
7094,sports season conclusion
7095,assignments and error checks
7096,acknowledgments and names
7097,numbers and financial values
7098,HTML/XML class and attributes
7099,sequences of numbers and hyphens
7100,"actions, states, and consequences"
7101,preoperative preparation
7102,NATURAL JOIN or database identifiers
7103,bracketed labels
7104,terrain features
7105,such as
7106,"RX, vpn, Model, SIT, m, G, 1, $"
7107,lists of conditions
7108,read/write values
7109,code identifiers and symbols
7110,deciding or choosing actions
7111,you followed by modals
7112,programming and software development
7113,mysterious artefacts
7114,information and categories
7115,states of being
7116,when events begin or end
7117,numbers and exponents
7118,"as in, for example"
7119,punctuations and symbols
7120,synthesizing longer using processes
7121,expressing reason or cause
7122,immune cell differentiation and function
7123,named or defined concepts
7124,title of films and projects
7125,parentheses and code syntax
7126,"edges, borders, and boundaries"
7127,only partial selective
7128,date hereof
7129,"adjectives ending in -ive, -al, -ous, -ed, -y"
7130,specifies rules or details
7131,categories of people and roles
7132,improve or restore
7133,length and content
7134,"bl, pl, cl, fl"
7135,participate in or involved in
7136,filtering incoming
7137,converting or conversion
7138,currency codes and symbols
7139,`is/are/were` followed by descriptive words
7140,"propensity, surfaces, software, plots"
7141,Spanish and legal citations
7142,terrain and slopes
7143,edge between
7144,php code syntax
7145,operating
7146,programming constructs
7147,care and what follows
7148,alkyl chemical groups
7149,institution names and locations
7150,end of time periods
7151,function and assignment operators
7152,enhanced design
7153,Acts apostles Christ holy
7154,dialogue participants' names
7155,events during affirmation
7156,title labeling
7157,though/although
7158,punctuation and numbers
7159,"generate, generated, generator"
7160,mathematical value of
7161,sports discussions and news
7162,ship position and speed
7163,different than
7164,language of luau and luaotfl```
7165,optical modes and cavities
7166,number 1 in math contexts
7167,in his
7168,Use feedback to build transparency
7169,action verbs
7170,opening punctuation or abbreviations
7171,variable names and structure indicators
7172,l or L followed by specific characters
7173,you can
7174,biblical and statutory references
7175,code definition parameters
7176,various linguistic contexts
7177,I am trying
7178,Philippine Manila Bay
7179,tired of
7180,numbers and punctuation
7181,irreversible and incurable
7182,scheduling and arranging events
7183,comparisons and roles
7184,classification categories
7185,code/structure punctuation
7186,medical terms and concepts
7187,dates and durations
7188,technical terms or abbreviations
7189,academic research professionals
7190,average time was
7191,referring to external links
7192,drawing conclusions
7193,at the
7194,inaugurated by
7195,"admissions, search, light, depression, break, atom, virus"
7196,what + verb/noun phrase
7197,form.rating_slots
7198,numbers following punctuation
7199,programming languages and frameworks
7200,introduces a possibility
7201,"temperature, length, and mass units"
7202,"introduction vitamin, air phase"
7203,Holstein languages
7204,genetic diversity and alleles
7205,support and feedback
7206,or followed by question verbs
7207,information about requirements
7208,understand how
7209,python imports
7210,prepositions or conjunctions followed by specific words
7211,consumer design and manufacturing
7212,git commands and explanations
7213,LR correlated with chi-squared
7214,mathematical terms and punctuation
7215,list or overview
7216,finds that
7217,confusion and clarification seeking
7218,ringo Star
7219,levels of entities
7220,Greek letters and variables
7221,substances and resources
7222,$\sqrt{\text{expression}}$
7223,last time
7224,use or using something
7225,refreshing adjectives
7226,descriptions of qualities and states
7227,names with maiden surnames
7228,connecting words and phrases
7229,scientific citations and publications
7230,delivery and service
7231,equivalent oxide thickness
7232,time constraints
7233,`preference healthy`
7234,South Africa
7235,deadlines and timelines
7236,code definitions and variables
7237,numbers followed by punctuation or other numbers
7238,disappear or vanish
7239,Scottish places
7240,consisting of or being
7241,entities followed by connectors
7242,numbers and units
7243,organizations and factions
7244,answer to
7245,variable or category names
7246,const declarations
7247,mathematical comparisons and operations
7248,datatype string
7249,is or are followed by descriptors
7250,surprise and shock
7251,German verb endings and Romance languages
7252,introducing a specific point
7253,"Temperature, Countries, Chart, Module"
7254,destination airport
7255,"finally, finally, finally"
7256,changes in states or values
7257,spectral weight
7258,"figurine, application, State"
7259,where to ask questions
7260,present or presentation
7261,auxiliary followed by adverb or past participle
7263,conditional or temporal clauses
7264,plural nouns with collective/distributive modifiers
7265,when things complete
7266,geographical locations
7267,programming and technical concepts
7268,denied admission or affirmative action
7269,specific nouns and their types
7270,comparison to average or previous values
7271,experience committing crimes
7272,police drama
7273,mathematical logic questions
7274,"polymorphisms, cytotoxicity, magazines, articles, maps, plugins"
7275,viral internet content
7276,he knows or senses
7277,"technical or scientific writing, listings"
7278,execution and implementation
7279,heart of
7280,sequences of actions
7281,web code syntax
7282,geek fandom and products
7283,probably
7284,structure and non-english words
7285,"phrases like ""live in"" or ""United States"""
7286,exclamations and emphasis
7287,client
7288,constitutional or unconstitutional statutes
7289,examples or lists
7290,unicode characters
7291,age values
7292,discuss his
7293,legal cases and documents
7294,yes/no questions
7295,contrast or exception
7296,since or why
7297,animal names and related concepts
7298,LaTeX alignment specifiers
7299,also followed by action verb
7300,describing a dead body
7301,code and technical terminology
7302,non- followed by a word
7303,Go ahead
7304,ordinal numbers and time segments
7305,likelihoods and odds
7306,word endings
7307,technical terms and actions
7308,hex codes and numbers
7309,as / sebagai
7310,months and version numbers
7311,hexadecimal prefixes and exponents
7312,dates and numbers
7313,numbers and quantities
7314,coding keywords
7315,quotation marks
7316,code syntax and comparisons
7317,week or weeks time references
7318,time and duration
7319,taken together
7320,emotional reactions and dialogue
7321,"uncouth, osmolarity, cosmion"
7322,"to our knowledge, this is the first"
7323,grief and mourning
7324,anti vs shControl
7325,happening soon or quickly
7326,training and models
7327,common sense
7328,contrasting conjunctions
7329,usually after punctuation
7330,percent. and structure
7331,pointing to this section
7332,"second, value, award, defend, communication"
7333,"Dampeers, dissociation constants, LaClairs, Pollards, Media Types, Wilbourn"
7334,positive effect or outcome
7335,"learn at university, cater someday"
7336,real + noun
7337,Slavic languages
7338,currency codes and numbers
7339,to cases and situations
7340,prison dormitory
7341,people and their roles
7342,"they, who, plural subjects"
7343,added with use regulation measurements on basis of files
7344,nurse managers
7345,"first, earliest, called"
7346,coordinates and labels
7347,statistics and numerical data
7348,heroes and sacrifices
7349,operator name followed by brace
7350,top followed by number or descriptor
7351,past states of being
7352,enable or disable
7353,mathematical and scientific notation
7354,motor 1 rotates
7355,script file execution
7356,options or qualifying for
7357,"quoted strings, symbols, and code structures"
7358,code block endings
7359,history and historical events
7360,fail
7361,citations and theorems
7362,end of math problems
7363,expressing a thought
7364,"despite, regardless of"
7365,possible outcomes or sequential steps
7366,While it is
7367,"I made, we took, you found"
7368,possible that
7369,emphasis and qualification
7370,method exception declarations
7371,file path separators and prefixes
7372,variable followed by => or )
7373,defines features
7374,informal terms for people
7375,"nationalities, ethnicities, and origins"
7376,code and license text
7377,confusing questions and choices
7378,except
7379,represents or symbolizes
7380,legal and financial actions
7381,find new ways
7382,conditional clauses
7383,dates and citations
7384,tickets sold or purchased
7385,legal case citations
7386,harshness and brutality
7387,pink eye or medical issues
7388,packages under
7389,technical terms and definitions
7390,words ending in i
7391,information provided or handled
7392,detailed information or explanations
7393,naming and words that follow
7394,technical parsing structures
7395,"Marlin UI, cram, mantis, Rietveld method"
7396,materials
7397,parenthetical or quantitative phrases
7398,cpuid instruction
7399,linking descriptive words to context
7400,"desire, preference, or intention to do something"
7401,"states of, series of, cross-quarter, wheelbarrows"
7402,games and matches played
7403,accidental discovery or beginning
7404,floor and ceiling
7405,the followed by entity
7406,pause or separator
7407,preventative measures
7409,Volkswagen Group
7410,hopefully please
7411,"of the, of Mind, of flight"
7412,mild or minor severity
7413,the followed by nouns
7414,file paths and citations
7415,left and right
7416,risks and dangers
7417,prior or major followed by something
7418,actions or instructions
7419,a or an followed by a technical term
7420,mkern2mu mathematical spacing
7421,(scope after opening parenthesis
7422,this followed by code punctuation
7423,steps following instructions
7424,official roles and departments
7425,measurement units and numbers
7426,"Additionally, after semicolon"
7427,"day before, day after, day to day"
7428,witnessing events
7429,I expressing opinion or belief
7430,volume and issue numbers
7431,hex codes and data structures
7432,remain or retain
7433,the most characteristic noun
7434,burden placed or shifted
7435,alphanumeric identifiers
7436,waiting for completion
7437,eco-friendly and sustainable practices
7438,conjectures and mathematical results
7439,citations and specific words
7440,there is a/nothing/no
7441,punctuation followed by months or citations
7442,open to new possibilities or accommodation
7443,accidentally showing disease
7444,mathematical expressions and code
7445,code following formatting characters
7446,log followed by rules
7447,judgments and advisability
7448,model computer model numbers
7449,in reporting or text
7450,programming data types
7451,authored by
7452,shooting guns
7453,code imports and declarations
7454,increase and expansion
7455,past events and memories
7456,legal claims
7457,education and qualification status
7458,and dogs
7459,"year, month, day references"
7460,lists separated by commas
7461,negation and rarity
7462,numbers and units
7463,usually
7464,code file types and paths
7465,meta-analysis
7466,code delimiters and separators
7467,private void method declarations
7468,closing brace sections
7469,describes states or comparisons
7470,vying for control or power
7471,initials followed by punctuation
7472,mathematical variables and Greek letters
7473,both and between
7474,"will remain, been excluded, can optionally"
7475,allow for time or duration
7476,abstract states and actions
7477,suffix behavior
7478,positive attributes and states
7479,pilot the
7480,specific technical language
7481,years ago
7482,congratulations and well wishes
7483,defining or relating entities
7484,quoted text within conversations
7485,financial performance statements
7486,formal introductions and pronouncements
7487,for its/his/their
7488,attacking menacingly
7489,at the start of a phrase
7490,financial institutions and companies
7491,Limiting words only
7492,describes properties and parameters
7493,methods and tools
7494,energy expenditure or storage
7495,identifiers and links
7496,descriptions of characteristics and attributes
7497,piece or pieces
7498,sister company / each spectrum
7499,temporal conjunctions followed by clauses
7500,"mixing, blending, homogenizing"
7501,providing ongoing or updated information
7502,another adapter
7503,regarding groups and entities
7504,Barak Hushpuppy
7505,technical components and their attributes
7506,"broken, defective, or missing parts"
7507,code structures and data
7508,"namely, because, since"
7509,researching effects and factors
7510,most followed by noun phrases
7511,"April, March, spring"
7512,very very
7513,making or ensuring something
7514,programming class definitions
7515,entire / whole quantity
7516,closing parentheses and brackets
7517,mathematical symbols and greek letters
7518,pain relief and somatic symptoms
7519,debt and financial obligations
7520,arrival and completion verbs
7521,medical and biological conditions
7522,"""be"" followed by gerund or adjective"
7523,names before dates
7524,another occurrence
7525,official communication or legal references
7526,house
7527,code snippets and functions
7528,numbers and symbols
7529,time unit followed by later or before
7530,inability or failure
7531,"results, data, suggest, validate"
7532,enabling actions
7533,sentence beginnings
7534,respectively
7535,specific technical terms and abbreviations
7536,company or entity endings
7537,helping others
7538,pees followed by 4 or 2
7539,J.P. Morgan Healthcare Conference
7540,code declarations with type names
7541,tracing.IsEnabled() function calls
7542,"Louis, July"
7543,is important or indicative
7544,"fan, fans, fanbase, fanclubs"
7545,independent or autonomous
7546,introduces a finding or implication
7547,places and groups
7548,conditional expressions
7549,calculated value
7550,introduction of additional items
7551,Theorems in citations and equations
7552,mutant notation with specific letters/numbers
7553,being present
7554,"then, for, is, which, can"
7555,descriptive qualities and characteristics
7556,The following word
7557,forming hydrogel
7558,medical diagnoses and conditions
7559,defining meaning or similarity
7560,specific temperatures and conditions
7561,Tag Archives:
7562,conditional desire or preference
7563,"specific keywords after ""use"""
7564,is A type/property identifier
7565,click here
7566,protocol serialization structures
7567,supplies and substances
7568,"temperature, heat, warm, cold"
7569,a [noun]
7570,year-old winner
7571,"Field, Client, Tag, View, Fixture"
7572,apologies and justifications
7573,date
7574,affirmations and confirmations
7575,assignments in code
7576,abbreviations and contractions
7577,numeric and symbolic sequences
7578,parliament had to
7579,various categories of entities
7580,experimental procedures
7581,adaptations and remakes
7582,mathematical variables and symbols
7583,template and view rendering
7584,names followed by @
7585,"diversity, socioeconomic status, or digital containers"
7586,voluntary industry standards
7587,self-
7588,enumeration and continuation
7589,.exe dist
7590,as pronoun verb
7591,compliance and subsequent actions
7592,strategies and measures
7593,political power and seats
7594,"constructor, lens, pipe"
7595,eyes and vision
7596,correctness or incorrectness
7597,code tests and logic
7598,guess followed by pronoun
7599,file system path separators
7600,can or could
7601,named entity recognition
7602,code attribute names
7603,anatomical torso regions
7604,"phrases like such as, carried out"
7605,programming keywords and identifiers
7606,familial relationships
7607,programming code constructs
7608,conjunctions and transitional phrases
7609,"numbers for dates, counts, amounts"
7610,patterns of existing words
7611,weight loss
7612,cos and sin in math
7613,quantities of items
7614,either or rather
7615,proper nouns
7616,medical treatment or drug
7617,numeric keys followed by colon
7618,X compared to Y
7619,the followed by a noun or adjective
7620,"direct address ""you"""
7621,lists or miscellaneous items
7622,producing and applying items
7623,categories and factual entities
7624,mathematical and variable notation
7625,initialization to zero
7626,injury and sidelined players
7627,introducing conditions or examples
7628,focus on directing attention
7629,closing parentheses and citations
7630,related to specialized or foreign words
7631,in front of
7632,regard or respect
7633,social media mentions
7634,cyclone hurricane storm winds
7635,robots and filtering models
7636,android resource references
7637,"lithography, blur, turmeric, noise, chipping"
7638,"oral, magnetic, guided, control, question"
7639,subsequently perform
7640,noun followed by processing
7641,phosphorylation and activation of signaling proteins
7642,confirmation codes and numbers
7643,future continuation or consequence
7644,"symbols and programming""}"
7645,the followed by specific nouns
7646,reporting verbs that introduce findings
7647,divides or classifies
7648,either/or constructions
7649,numbers followed by separators
7650,figure and table references
7651,possessive ending 's
7652,UM MM VM CM um mm
7653,"guidelines, specifications, and protocols"
7654,reporting speech
7655,dimensions in dp
7656,mathematical expressions and code identifiers
7657,separating clauses
7658,syntax error or bad input
7659,copyright and identifiers
7660,regional cloud seeding patterns
7661,effectiveness of assistance
7662,words for third
7663,policy and terms
7664,other
7665,turned it into
7666,"groups and labels (A, B, C)"
7667,priors/numeric measurements
7668,"even, altogether, at all"
7669,how things are created or played
7670,JavaScript AST node manipulation
7671,mathematical typesetting tokens
7672,forms of to be verb
7673,before or after events
7674,days of the week
7675,"accommodate this, kill the, work it, the Oak, 0 encoding"
7676,pairs of concepts
7677,blastomas and idx
7678,possessive 's or 've
7679,reported thoughts and opinions
7680,programming related strings
7681,automatic or implicit actions
7682,objects followed by punctuation
7683,"issue, university, questionnaire, life, aviation, card, book, talk, neuro, trail"
7684,legal contexts or names
7685,describing states or conditions
7686,phrases about opinions or actions
7687,lines starting with import
7688,hyperlinks and URLs
7689,listing or enumeration
7690,html tags and attributes
7691,mathematical indices and variables
7692,debug and dump
7693,likewise or accordingly
7694,zero error
7695,"find, know, see, found, demonstrate"
7696,"fashion, runway, and Paris collections"
7697,"numbers (2, 7) followed by words"
7698,first or second item
7699,"""if"" followed by a clause"
7700,reporting deaths and ages
7701,suit the
7702,material fact
7703,conditional iteration
7704,test
7705,closing loops and driving action
7707,turned into
7708,electrical systems and sequences
7709,asking questions or requests
7710,famous people and stars
7711,media and press contexts
7712,programming tokens and control flow
7713,. visual. instance. request. left. thread. total. blank. strike. db. configure
7714,code origin and timestamps
7715,CSS transforms and mathematical notation
7716,actions done often
7717,v or av
7718,hex addresses
7720,width assignments
7721,"code, legal, or chemical terms"
7722,figure and table references
7723,citation references
7724,UUIDs and json structures
7725,attributing speech
7726,verb of inclusion or composition
7727,measures quantities or counts
7728,"music, songs, soundtrack"
7729,video content
7730,low quantity or level
7731,device based
7732,"retire, retain, retrieve"
7733,citation markers
7734,dates and months
7735,child and study contexts
7736,entities followed by actions
7737,contrasting conjunctions and their consequences
7738,"Bulgarian currency (лв, BGN)"
7739,contraction or abbreviation
7740,conditional statements
7741,scrolled anchor IDs
7742,duration or time periods
7743,-tion words
7744,news broadcasting channels
7745,mathematical expressions and maps
7746,French prepositions plus nouns
7747,historical periods and ancient traditions
7748,outputs from multipliers
7749,recent studies and findings
7750,"removal, elimination, ending"
7751,collective nouns
7752,connect
7753,code returns
7754,danger and harm
7755,using or according to methods
7756,numbers and race
7757,structure and function of LR
7758,conserved amino acid residues
7759,copyrights and c++ code
7760,professions and qualifications
7761,time and occurrences
7762,gaining popularity or momentum
7763,contrasting or combined concepts
7764,research methods and challenges
7765,supposedly
7766,programming file extensions
7767,pronouns and facebook
7768,discussing the word
7769,mathematical expressions with symbols
7770,image dimensions
7771,read more
7772,objects and systems
7773,search query components
7774,actions performed by oneself
7775,closing parenthesis
7776,"higher, lower, increased, decreased values"
7777,off-work hours
7778,numbers following punctuation
7779,"connections, case, irrational, back, flexible, trapped, supporting"
7780,heads of various churches
7781,while / whereas conjunctions
7782,numbers and sequences or formulas
7783,file operations and code structures
7784,contact information and communication methods
7785,no competing interests
7786,money spent and budgeted
7787,programming language syntax
7788,"""to"" or ""by"" followed by verb"
7789,centering
7791,logical conditions and definitions
7792,inquiring about specific nouns
7793,mathematical greek letters
7794,tokens followed by parentheses
7795,descriptors followed by reasons
7796,"go by, go through, go with"
7797,fearmongering accusations and exaggeration
7798,.com/ URLs
7799,southern populations directions
7800,legal counsel
7801,programming constructs
7802,concluded investigation said
7803,chemical or scientific abbreviations
7804,chemical substances or solutions
7805,assigning css class names
7806,"likewise, additionally, similarly"
7807,HTML tags or structure
7808,punctuation or conjunction followed by a word
7810,`else if` and programmatic constructs
7811,striking sounds and rhythm
7812,ranked highest overall
7813,factors and their influences
7814,actions and events
7815,citations and journal references
7816,restricting eligibility to those
7817,c++ class destructor
7818,java imports
7819,experiencing or seeing events
7820,then
7821,need or requirement
7822,duties and roles
7824,billion dollars
7825,specific context or technical terms
7826,Congratulations
7827,in followed by word fragment
7828,executed updates
7829,"cal. app.2d, ill. app., laws"
7830,mathematical notation and code
7831,store front
7832,assemble and finish pieces
7833,a record
7834,"describe, describes, described, description"
7835,medical terms and conditions
7836,rather or instead
7837,server errors and operations
7838,"programming, math, legal dissent"
7839,"storage, stored information"
7840,code separators and declarations
7841,javascript comments and urls
7842,Photo by artist credit
7843,4-sec-0014 references
7844,completely followed by adjectives
7845,pronoun followed by verb
7846,adverse outcomes and medical conditions
7847,configure settings
7848,try visitor field processing
7849,containers and bags
7850,variable assignments and function calls
7851,"synovial cells, human, rat, rabbit"
7852,military units and recruitment
7853,people and children
7854,"phrases starting with ""From"""
7855,optional or non-essential information
7856,cannabis and marijuana
7857,closing punctuation
7858,ranging either mostly
7859,names followed by surnames or titles
7860,problems and difficulties
7861,citation markers
7862,status/player skill effect
7863,public static declarations
7864,database keys and relationships
7865,acts as a
7866,quantified time periods
7867,knowledge of
7868,already
7869,XML tags and descriptions
7870,and then other words
7871,principle of
7872,assume responsibility
7873,possibility and feasibility
7874,"Southern areas, medical conditions"
7875,division or list item ending
7876,food and meals
7877,relative file paths
7878,interlibrary loan
7879,statement terminators
7880,lambda and gamma
7881,mathematical sequences or polynomials
7882,programming constructs and variables
7883,comment delimiters and separators
7884,citations and footnote markers
7885,PCR DNA primers
7886,levels of substances
7887,named after
7888,ranges from to
7889,economic changes and weather
7890,phrases and clauses
7891,"[Name], who"
7892,@ symbol in emails
7893,sentence end punctuation
7894,years followed by punctuation
7895,"United States, states, House"
7896,HTML option elements and selections
7897,"consequence or result after ""the"""
7898,"the year, play directly, SD ="
7899,Sithon legal disputes
7900,adjective followed by noun
7901,"who, whom, whose, defendants and competitors"
7902,cancer
7903,introduces quoted or following text
7904,include directives
7905,marketing offers and calls to action
7906,fractional derivatives and splines
7907,in or into a location
7908,comfort and convenience
7909,foreign language words and phrases
7910,variable `v` or `name`
7911,movement and passage
7912,"Sti, Lin, inter, Mon, Fr, ent, carbon, U, resist, SC"
7913,else statements
7914,"general English words, foreign words, and symbols"
7915,"plural nouns, ownership, ability"
7916,taxpayer compliance
7917,password requirements
7918,legal citations and numbers
7919,end block or finally
7920,weight and mass measurements
7921,pronouns followed by verbs
7922,garbage disposal
7923,modal verbs and conditionals
7924,file paths and code segments
7925,across variables
7926,restless movement or boredom
7927,senior and junior roles
7928,membership and appointments
7929,"astronomy, telescopes, astronomers"
7930,pointless effort
7932,from [place]
7933,number and comparison
7934,initial and first steps
7935,words ending in 'aren'
7936,favorite possessive pronouns
7937,code identifiers and technical terms
7938,statistical correlations and relationships
7939,"academic citations, foreign words"
7940,continuing a sequence
7941,"phrases starting with ""let's"" to initiate action"
7942,process exp expression
7943,titles and honorifics
7944,going to the doctor or clinic
7945,code comments or denial
7946,alternatives or options
7947,"`arcoma` cells, `,` contends"
7948,Roman Empire and public toilets
7949,organize and authorize
7950,personal ownership
7951,environmental and ecological effects
7952,then or subsequently
7953,latex labels
7954,lists end with etcetera
7955,approximations and thresholds
7956,treated people and things
7957,"proof sections, infinite variation"
7958,"years like 1998, 2002, 2007"
7959,"acknowledgements, references, and contributions"
7960,the idea
7961,SQL `sql` or `script` followed by `.`
7962,technical terms and paths
7963,technical contexts and specific sequences
7964,mathematical functions and initials
7965,past tense actions and states
7966,"optional, repeated data types"
7967,treatment strategies
7968,needed or used for a purpose
7969,prepositions or conjunctions and following words
7970,negative judgments about groups
7971,"acquisition, recruit, players"
7972,HTTP headers and code elements
7973,producing results or outcomes
7974,molding and shaping into forms
7975,"students, projects, year, required, success, absent, hundreds"
7976,not at all
7977,mathematical and programming constructs
7978,company names
7979,"objects, vehicles, files"
7980,included items and services
7981,"market, gearbox, system"
7982,programming language keywords and types
7983,piano teachers
7984,technical code snippets
7985,future of
7986,mathematical symbols and code syntax
7987,outstanding achievements
7988,programming language syntax
7989,cardinal directions and routes
7990,hex flags and bitmasks
7991,first instance
7992,until January
7993,"discussed, queried, inquired"
7994,newsletter and email signups
7995,food preparation and cooking
7996,"whether, must, need"
7997,"weekly, monthly, daily"
7998,actions and emotions
7999,"phrases starting with ""of"""
8000,increasing crises and shortages
8001,"buying, selling, and acquiring assets"
8002,code and mathematical expressions
8003,mathematical and code delimiters
8004,"template, substrate, catalyst, targets"
8005,"high temperatures, growth"
8006,chemical formulas and scientific terms
8007,said. proceedings consistent. 2 +. Vert $. D ). prime factors
8008,"utterances like ah, jah, nah, yah"
8009,computer hardware and systems
8010,"coloring, sentiment, icon"
8011,end of code sections
8012,appearance and faces
8013,things hard to understand
8014,mathematical sequences
8015,audit compliance misconduct
8016,gifts and giving
8017,"things, everything"
8018,on the other hand
8019,words following specific conjunctions
8020,biological and medical terms
8021,rhythmic waveforms and activity
8022,contrasting entities or states
8023,future prediction and possibility
8024,first followed by noun or verb
8025,accused/arrested defendants
8026,"compliance, conviction, filed, low"
8027,songs and lyrics
8028,specific nouns and names
8029,directions and routes
8030,"specific words after ""the"""
8031,semiconductor device
8032,android.currentTimeMillis
8033,code ending symbols
8034,code file paths
8035,finding or understanding things
8036,with characteristics or quantities
8037,sports championships and evaluations
8038,There is or are
8039,sequential listing words
8040,mathematical and code structures
8041,verb + preposition/article structure
8042,internet addresses and data labels
8043,neurobiological and electrical processes
8044,code blocks and special characters
8045,blueprints and central positioning
8046,code and data assignment
8047,closing punctuation and symbols
8048,mathematical equations
8049,legal citations and code identifiers
8050,economic hardship and poverty
8051,binding `this` context
8052,software paths and programming terms
8053,mathematical notation components
8054,biological process
8055,connecting specific qualifiers
8056,doing things right
8057,absence or negation
8058,tokens ending in z
8059,expressions of frustration
8060,rapper's bars
8061,completed process or state
8062,function declaration or definition
8063,direction and guidance
8064,variable names following symbols
8065,programming code structure
8066,Japanese encephalitis virus
8067,"formal, organized, regulated, published"
8068,jobs and employment
8069,names of judges and their actions
8070,structured text and math symbols
8071,apartment and condos
8072,months and dates
8073,code context parsing and specific terms
8074,things available
8075,loss of integrity or purity
8076,This study
8077,"categories, names, numbers, mathematical symbols"
8078,change and transition
8079,median income
8080,exposing wrongdoing and corruption
8081,syntax delimiters following keywords
8082,A small
8083,social relationships and technical terms
8084,not followed by descriptive words
8085,possessive noun or 's
8086,surprise and annoyance
8087,differences
8088,"travel, activities, or games"
8089,listing explanations and definitions
8090,code and structured data
8092,flow of entities
8093,brand names and countries
8094,unnecessarily opening or binding
8095,mathematical expressions and code
8096,photography
8097,method calls and attributes
8098,minister or secretary
8099,recognize and acknowledge
8100,integer case or sexual orientation
8101,function and helper declarations
8102,punctuation following diverse concepts
8103,mathematical notation with `$` and `\ `
8104,hostage taking and abduction
8105,annoyance and hardship
8106,details are or of
8107,Express formulas and values
8108,dimensions and multiplication
8109,people's names
8110,representing international activities
8111,first word in different languages
8112,numbers and units
8113,justice system
8114,state or quality sufficiency
8115,Midwest states and circuit courts
8116,word completions
8117,special characters and foreign language terms
8118,random number generation
8119,media compounds
8120,side or aspects
8121,of the
8122,"so many, so much, so long, so far, so that"
8123,"bribery, fraud, and money laundering charges"
8124,specific nouns or titles
8125,short-term and long-term
8126,"time elapsed, formatted numbers"
8127,"presumably, probably"
8128,existence with quantifiers
8129,dates and numbers
8130,all of each or both
8131,Sprintf and format functions
8132,LaTeX fractions and formatting
8133,places like offices and shops
8134,DOM element
8135,reasonable probability or standard
8136,stopping an action
8137,request
8138,class/interface names
8139,list items with numerical values
8140,positive intensifiers and outcomes
8141,policies and strategies
8142,potential
8143,code initialization or structure
8144,"he has, was an, 6 )*"
8145,qualifications and exceptions
8146,lists of things or ideas
8147,picture of
8148,biological entities studied
8149,structured data labels
8150,sports team members
8151,now? or questions
8152,introduces papers and studies
8153,just followed by action
8154,passive voice constructions
8155,programming constructs and Greek letters
8156,progress of investigations
8157,template and generics
8158,technical and specialized terms
8159,Lithuanian districts
8160,selection state
8161,completion of events
8162,at the
8163,cessation or reversal
8164,don't want to care
8165,html div tags
8166,assignment `:=`
8167,code and mathematical notation
8168,delay or postponement
8169,structured data fields
8170,blowing things up
8171,"watching movies, TV, or people"
8172,and the
8173,specific words and phrases
8174,interconnectedness
8175,foreign language characters or punctuation
8176,You followed by advice
8177,past participle auxiliary verbs
8178,code assignments or declarations
8179,asterisk indicates
8180,hardware uses
8181,quiz answers and questions
8182,javascript script tags
8183,integrate into or with
8184,"complaint, claim, dispute"
8185,half and symmetry
8186,kissing and hugging
8187,programming snippets and technical terms
8188,code constructs and specific terms
8189,numerical or quotation marks
8190,latex frac command
8191,without
8192,certain words followed by punctuation
8193,quantifying repetitions or cycles
8194,listing people with conjunctions
8195,rather than
8196,implied or implicit meaning
8197,Hong Kong educational institutions
8198,away into hiding
8199,"use, usage, applicability"
8200,first to
8201,point or points
8202,specific word following common tokens
8203,through or throughout
8204,contained within
8205,progress and achievements
8206,testified References
8207,pointing to information here
8208,quoted speech attribution
8209,lottery and gambling
8210,alternative methods and solutions
8211,workflow stages and transitions
8212,alphanumeric sequences
8213,programming code snippets
8214,blog posts and essays
8215,spatial descriptors and parts
8216,describes actions or states correctly
8217,descriptive lists
8218,legal and regulatory aspects
8219,legal citations
8220,inode and block references
8221,java imports
8222,"decent photo, mild conditions, reasonable price"
8223,conjunctions and punctuation
8224,costs and expenses
8225,specific entities or technical terms
8226,recently
8227,email addresses
8228,clinical findings and patient management
8229,academic citations
8230,vehicle motion and control loss
8231,branded food and drink items
8232,mathematical and technical notation
8233,"stock, assortments, products, and brands"
8234,new or updated concepts
8235,field of invention
8236,programming code snippets
8237,announcement and release of news
8238,directional geographical regions
8239,technical and mathematical terms
8240,states or comparisons
8241,import statements
8242,demonstrative pronouns followed by nouns
8243,"(TIFF), (TIF), (XLSX) files"
8244,similar outcomes or listings
8245,expand and extend
8246,abbreviations and specific terms
8247,this year's season
8248,IFT_ prefixes
8249,gestures and facial expressions
8250,parameter and attributes
8251,people and their states
8252,in terms of
8253,foreign language commands
8254,submit or press Return
8255,later stages
8256,rare artifacts and memorabilia
8257,application usage contexts
8258,"causality, correlation, and influence"
8259,preposition or verb followed by noun
8260,technical models and procedures
8261,past and present concepts
8262,links and redirects
8263,to see or visit
8264,for example
8265,opening parentheses and quotation marks
8266,achievements and progress
8267,asking for help
8268,"However, In"
8269,numbers with commas and decimals
8270,database connection issues
8271,page numbering and references
8272,new to or beginner
8273,feelings toward others
8274,"French, commands, or informal chat"
8275,other two remaining classical
8276,confirming or verifying facts
8277,other another also
8278,avoiding waste
8279,.github.com
8280,authentication and session management
8281,"way followed by to, of, for, that"
8282,numerical computation procedures
8283,"Ambrotose, Advanced, sells"
8284,ending sentence
8285,on his
8286,selecting and choosing
8287,changed since last
8288,story
8289,sentence endings
8290,url equality comparison
8291,beyond doubt or mere possibility
8292,family and household members
8293,references to tables and figures
8294,pronoun verbs
8295,"joyful enthusiasm, variables individually"
8296,"Meteor Break, Los Angeles"
8297,what do you ask
8298,citations followed by names
8299,wall or mural displays
8300,master announced
8301,that/those cases
8302,numbers and programming terms
8303,design in business and industry
8304,as followed by common phrases
8305,and
8306,modern countries and continents
8307,actions of receiving or making
8308,speaking and what is said
8309,political and economic entities
8310,code identifiers
8311,"code, special characters, and symbols"
8312,numbers quantifying items
8313,successful outcomes
8314,numbers followed by punctuation
8315,support personnel
8316,prob of picking
8317,telephone handset components
8318,artificial constructs
8319,interior and implanted medical devices
8320,service and its provisions
8321,conclusions and summaries
8322,code line numbers
8323,office of
8324,cause of death or illness
8325,concentrations and constants
8326,evaluate and determine prevalence
8327,based on gender or race
8328,law citations and titles
8329,defining concepts and terms
8330,"species, menu, fruit, temperature, design, symptoms"
8331,follows of
8332,the [specific noun or designation]
8333,specific entities and technical terms
8334,plural nouns
8335,maximizing potential and benefits
8336,"setting, creating, finding, or renewing items"
8337,rumors and speculation
8338,"coordinates, dimensions, layout"
8339,things and descriptors
8340,forms of think followed by of or about
8341,relationships between people
8342,less or not
8343,country and place names
8344,Ukrainian organizations
8345,code identifiers followed by parenthesis
8346,"of KP, at Holiday, in Rick, for Canon"
8347,lower or lowest values
8348,helping or sharing
8349,document width specifications
8350,"traffic sign, multinational conglomerate, vector graphics, adaptive system, fluorescent lamp, animal trap"
8351,states or discoveries
8352,Amazon review urls
8353,reflexive pronouns
8354,women
8355,economic cost and impact
8356,abstract
8357,phrases ending in comma or period
8358,launching or launched
8359,"tradition, disappearing, appointment"
8361,integrals with respect to time
8362,"role or status following ""as a"""
8363,code path delimiters
8364,arrests and legal proceedings
8365,DDT or wrestler
8366,"permissions, status, implied"
8367,instructions or details provided
8368,"`#` following `;`, `""`"
8369,closing braces or tags
8370,in addition
8371,in this context
8372,test2.test.eu
8373,preposition `the`
8374,institutional or government initiatives
8375,"stance, agreement, or reversal"
8376,mathematical notation $L$
8377,reported to
8378,motor vehicle propulsion hydraulic
8379,numbers in code contexts
8380,lead to
8381,"""it"" followed by auxiliary verbs"
8382,Java Swing components
8383,seems to happen when
8385,code delimiters and identifiers
8386,structs and data structure definitions
8387,technical terms or identifiers
8388,bread and baking concepts
8389,country
8390,name and identifier
8391,specific nouns
8392,nicknames or descriptive terms
8393,catch exception block
8394,car design features
8395,indefinite followed by specific noun
8396,proper nouns and entities
8397,frequency of events
8398,code values
8399,important concepts and issues
8400,from now on we will assume
8401,manifested states
8402,of + categories/groups
8403,unique descriptive classification
8404,enemies and opponents
8405,mathematical expressions after R
8406,people and entities actions
8407,"anything, various, general"
8408,defining entities and their actions
8409,"global, normale, standard"
8410,comma followed by topic
8411,act of seeking
8412,sandfly subspecies
8413,"neighborhoods, districts, suburbs"
8414,existence and occurrence
8415,scientific and medical terms
8416,Abbreviations followed by punctuation
8417,largest + noun
8418,Roman numerals marking sections
8419,avoidance and cautions
8420,"therefore, however, thus"
8421,did not question
8422,technical terms and foreign words
8423,boats speed propulsion
8424,equal to
8426,Polite questions and requests
8427,list initialization and assignment
8428,form
8429,units of time
8430,"register, registered, registering"
8431,method names starting with get
8432,US presidents and historical political events
8433,fans meeting celebrities
8434,references to persons
8435,programming code and diverse languages
8436,expressions of possibility
8437,agreement and correctness
8438,showing expertise
8439,recurrence
8440,the following noun
8441,"nearby bee, referenced above, smaller burner"
8442,taking into account circumstances
8443,now introducing results
8444,and or not
8445,offering and selling
8446,Republican political figures
8447,how to explain or guide
8448,submission and deference
8449,"borrowing or lending money, items, or property"
8450,structural elements or codes
8451,chemical ingredients and supplies
8452,classification and grouping
8453,system paths with temporary files
8454,explicit words or sexually suggestive content
8455,"ORM, database models, entity definitions"
8456,let statements
8457,"""as"" or ""cases"""
8458,family members
8459,mathematical and scientific notation
8460,abstract concepts ending in ity or tion
8461,case numbers and punctuation
8462,figures and percentages
8463,#define statements
8464,checking for invalid conditions
8465,interactive login security
8466,technical programming origins
8467,code structure parsing
8468,good luck and congratulations
8469,limited production rarity
8470,screenshots downloads uploads scrolling
8471,php and javascript code
8472,"sentiment, death, saw"
8473,"already had, missed the, acknowledging it"
8474,"like any, like other, as with"
8475,television broadcasts and content
8476,"very, extremely"
8477,all followed by noun
8478,; punctuation followed by personal statements
8479,gang violence
8480,mathematical equations and calculations
8481,phrases like how it goes
8482,since then
8483,scientific paper citations
8484,the + superlative
8485,I am saying
8486,parts-of-words
8487,the state of living
8488,names and teams
8489,"text preceded by ""for"""
8490,mathematical symbols and greek letters
8491,upcoming events and meetings
8492,node and edge definitions
8493,before followed by subjects and verbs
8494,"sentence""aanv"""
8495,reporting findings
8496,s followed by common verbs
8497,criticism and condemnation
8498,of + abstract nouns
8499,Assume and prove language
8500,World War II
8501,referred to as
8502,accuracy and precision
8503,contrasting conjunctions or sentence endings
8504,space and availability
8506,designed for a specific purpose
8507,specific word sequences
8508,limited space or visibility
8509,"ends with ""ol"" or ""il"""
8510,took advantage
8511,outdoor leisure activities
8512,calculated values and measures
8513,places and technical terms
8514,string length and data structures
8515,"likewise, similarly, or conversely"
8516,descriptive term followed by noun
8517,museums and institutions
8518,"artisanal, handcrafted, carefully selected"
8519,decoding and interpreting data
8520,everything you can imagine
8521,assessing correctness or error
8522,change and new states
8523,URLs and identifiers
8524,He/She is described as
8525,collect the terms
8526,arXiv preprint citations
8527,"support, facilitate, promote"
8528,"Comparison, Reliability, Note"
8529,sentence breaks leading into new information
8530,dollar amounts and numbers
8531,quoted speech
8532,baseball players and teams
8533,enum values and keywords
8534,local or local regions
8535,origin or source
8536,body appearance
8537,not X but Y
8538,explaining things
8539,poem and song lyrics
8540,identification documents
8541,temporal or consequential markers
8542,when something happens
8543,morning news programs
8544,review and evaluation
8545,constructors and code snippets
8546,Florida cities and teams
8547,how to do something
8548,material properties and systems
8549,unpredictable random events
8550,acr commands
8551,German articles followed by nouns or code
8552,shortly after
8553,"must, should, constantly, steadfast"
8554,state management commands
8555,disciplinary infractions and proceedings
8556,"somehow, someway"
8557,Clinical reference
8558,visibility. depth. exposure. bonds
8559,"storage, conditions, developing"
8560,regex and code snippets
8561,style of medical terms
8562,homemade clothes and crafts
8563,programming method names
8564,error codes and variable assignment
8565,legal/court entities and names
8566,gas combustion
8567,installation and deployment actions
8568,verb phrases
8569,that many
8570,return operator and nodeToValue
8571,Later on
8572,validation and check
8573,whether or not
8574,please and polite requests
8575,secretlyhiddenunseenconcealedoculto
8576,temporary or interim orders/statuses
8577,temperature values and measurements
8578,possessive pronouns followed by nouns
8579,material qualities or states
8580,features and options
8581,arithmetic sequences
8582,interjecting side comments
8583,general things and happenings
8584,"perceives, understands, expects, notices"
8585,numbers and punctuation
8586,relationships and living situations
8587,contact information or identifiers
8588,you know
8589,instances of consider
8590,"against, claiming, FDA"
8591,programming function exception handling
8592,political figures and dignitaries
8593,choice
8594,playing characters
8595,reported information from sources
8596,knowing what or that
8597,sequence of steps or process
8598,industrial process planning
8599,remedies as
8600,end of sentence punctuation
8601,which followed by words
8602,size
8603,charitable organizations
8604,that sounds great
8605,common word pairings
8606,punctuation and abbreviations
8607,mathematical expressions
8608,"counsel for, kg observed, reprinted in"
8609,"detecting, identifying, distinguishing specific states"
8610,"html tags: p, li, span"
8611,third person plural possessive pronouns
8612,design
8613,low values and states
8614,waking up
8615,makes sense
8616,"statistical models, fractional methods"
8617,active or activated effects
8618,non-english words and phrases
8619,end of sentence
8620,long-term analysis or generation
8621,spring
8622,4$ pattern followed by data
8623,"energy, difference, weight, time"
8624,"made available, made of, made by"
8625,negative qualities or issues
8626,coming soon
8627,different types of for loops
8628,numbers after punctuation
8629,the [specific noun]
8630,adult or mature stages
8631,time and context indicators
8632,encountering or finding something
8633,latex math delimiters
8634,slavery and race discussions
8635,sets of variables and elements
8636,citations and references
8637,before starting an action
8638,null empty undefined zero
8639,technical systems and entities
8640,citations and references
8641,want to verbs
8642,under the
8643,opportunity to act
8644,keep and subsequent words
8645,video or Youtube
8646,few and small quantities
8647,mathematical expressions
8648,code declarations and assignments
8649,residence improvement or employment status
8650,budget cuts funding
8651,making things easier
8652,making or building something
8653,numbers and coordinates
8654,tour and author pages
8655,code or mathematical notation
8656,"single processing, entity, value"
8657,legal proceedings or technical code
8658,Interesting conclusions
8659,dates and numbers
8660,image url path components
8661,terms followed by common words
8662,special characters in code
8663,finding a romantic partner
8664,words starting with dis
8665,mathematical citations and theorems
8666,web addresses
8667,names and titles
8668,static public programming constructs
8669,"top, bottom, side, exterior"
8670,possessive + ordinal/recent/favorite
8671,pronoun as subject
8672,Celsius and Fahrenheit temperatures
8673,"simply, just"
8674,similar values
8675,evaluative descriptions
8676,prices for commodities
8677,"supplementary, auxiliary, additional"
8678,worrying about automatic updates
8679,mathematical expressions
8680,words following punctuation
8681,listing items with and
8682,numerical values and scale
8683,you once for containing based
8684,building installation and components
8685,comparing alignment methods
8686,programming data types
8687,function calls and returns
8688,hexadecimal byte codes
8689,offering repair services
8690,days of the week and periods
8691,'name' as a key or label
8692,markdown image syntax
8693,numbers and arithmetic operations
8694,hexadecimal values
8695,descriptive states or conditions
8696,code comments and instructions
8697,sports debut or achievement
8698,slowly or gradually increasing
8699,adverbial or prepositional words / punctuation
8700,conveniently without effort
8701,describing speed and quality
8702,staining and microscopy
8703,numbers around twenty
8704,delay and postponement
8705,medical conditions and inheritance
8706,currently or now
8707,"punctuation, numbers, code delimiters"
8708,"function arguments, variables, data structures"
8709,code block opening
8710,parliamentary bodies and legislation
8711,points breaths cells mg liter frames per
8712,@ references and citations
8713,margin between
8714,publication titles
8715,to mitigate
8716,"separate, independent"
8717,analysis. print
8718,musical theatre
8719,organizations and their relationships
8720,deals and purchases
8721,academic and scientific fields
8722,code elements and specific punctuation
8723,V_ macro definitions
8724,describing a range or variation
8725,purposeful positive actions
8726,shirt
8727,"former, member, recipient, founding"
8728,www. URLs
8729,affirmative confirmations
8730,existence or presence
8731,two- and multi- variants
8732,past participle suffix
8733,"phrases starting with ""to"""
8734,quoted phrases and sentences
8735,enduring classics
8736,commas followed by conjunctions
8737,mathematical notation and symbols
8738,phrases with specified following words
8739,verb + preposition combinations
8740,classification and descriptions
8741,technical phrases and abbreviations
8742,Unlimited proxy for pc
8743,common verbs and nouns
8744,derive theoretical equations
8745,replacing or substituting
8746,policy
8747,numerical quantities and measurements
8748,lists delimited by semicolons
8749,legal citations and court references
8750,nice and variations
8751,snacks and food
8752,conditional printing
8753,verb + to/by
8754,children and their parents
8755,not followed by adjective or verb
8756,dream
8757,children and parents
8758,error handling in code
8759,buying or leasing property
8760,tried and problems
8761,visiting places for food or activities
8762,locations or projects
8763,processes associated with
8764,arrival or completion
8765,names preceded by titles
8766,accusations and reports
8767,career and job opportunities
8768,living in a location
8769,URLs and file paths
8770,results in a context
8771,Materials and Methods
8772,at least quantities
8773,statistical analysis terms
8774,drawing comics and animation
8775,months and days
8776,supplementary material or article corrections
8777,reputation and notoriety
8778,modal verbs and auxiliaries
8779,comparison and comparisons
8780,indicating addition or similarity
8781,gay characters
8782,"I; this; I, I; this"
8783,why wehow made me
8784,continuous or regular operations
8785,"figures, panels, and diagrams"
8786,hope and looking forward
8787,assertions and expectations
8788,locations of institutions
8789,mathematical and historical context
8790,HTML tags and attributes
8791,end of sentence period
8792,quantification and comparison
8793,job/recruitment notices
8794,smooth-talking and elegant
8795,"COVID, coronavirus, pandemic"
8796,words starting with W
8797,latex labels and references
8798,C/C++ code snippets
8799,bird populations and conservation
8800,specific word followed by context
8801,longstanding duration
8802,royal succession titles
8803,communication styles and interactions
8804,future events
8805,ancestry search
8806,action performed by doing
8807,Kansas legal citations
8808,"tourism, tourists, and related travel"
8809,shaking or trembling
8810,punctuation followed by words
8811,Griffin forth lag nuclear events
8812,legal or official titles
8813,articles followed by nouns
8814,span style
8815,questions starting with interrogative words
8816,Arkansas Department
8817,system arguments and configurations
8818,words ending in e
8819,business owner
8820,web component properties
8821,asymptotic behavior of series
8822,OneWay or command
8823,And when
8824,"parent, parents, parental"
8825,"collapse, February"
8826,the specific noun following
8827,XML attributes and classes
8828,items from a group
8829,review or examine
8830,quote marks and punctuation
8831,always
8832,comparisons and states
8833,"speeds, percentages, reports"
8834,mathematical expressions and numbers
8835,keywords followed by specifications
8836,closing parenthesis)
8837,"I/you start, select, use"
8838,initializing with target
8839,"""it's"" followed by common verbs"
8840,data closing parenthesis
8841,young people
8842,US entities and names
8843,specific dates and events
8844,return response object
8845,hexadecimal byte sequences
8846,technical file paths and code
8847,strong feelings towards people
8848,U.S. citations
8849,merely one factor among many
8850,numbers and programming terms
8851,government and company announcements
8852,probability and likelihood
8853,reporting speech and statements
8855,comparison of or between
8856,awards and high schools
8857,code logging output
8858,actions by defendant
8859,punctuation and surrounding symbols
8860,special characters with code
8861,legal citations and case law
8862,media attention and headlines
8863,prepositions followed by countries
8864,conditional return
8865,code and data structures
8867,"membrane anchors, DNA binding"
8868,"doubt, uncertainty, questioning"
8869,"size, width, and rate"
8870,numbers and formulas
8871,mathematical symbols and notation
8872,arrival and presence
8873,examplee.g
8874,C++ boost library usage
8875,special characters followed by text
8876,politics and caution
8877,numbers and punctuation sequences
8879,preforming
8880,possessive determiners
8881,beauty procedures
8882,an followed by vowel-starting words
8883,Dear Dr
8884,male people
8885,acronyms and abbreviations
8886,percentage growth
8887,Connecticut cities and Yale University
8888,risk assessment
8889,position and coordinates
8890,pressing keys or buttons
8891,(){ bolo
8892,merely or just a few
8893,mid-points in time
8894,unnamed company or product
8895,operators and code elements
8896,engine performance and fuel
8897,Scala programming language and services
8898,quantities and measurements
8899,video game gameplay
8900,identifying or naming entities
8901,muscle fibers
8902,written notice or notification
8903,whether or not
8904,XML attributes and code delimiters
8905,unlocked permanently
8906,clauses ending in punctuation
8907,underwater diving
8908,"a private, a shepherd, to stay"
8910,depending on percentages
8911,units of mass and length
8912,upon followed by an event
8913,using technical terms
8914,US politics and associated uncertainty
8915,"history, dollar, punishment, secession, possibility, citizenship"
8916,"my, mine, myself"
8917,identifiers and their uses
8918,audio engineering
8919,ranks or educational levels
8920,these behaviors or distributions
8921,code completion after `::`
8922,mathematical notation and variables
8923,"actions, events, or states"
8924,maybe perhaps
8925,what kind of
8926,relative pronouns connecting clauses
8927,"namely, for, in, rather"
8928,events and conflicts
8929,proper nouns like Mr
8930,mathematical operators and grouping
8931,technical and academic terms
8932,urls and academic citations
8933,"European Union, industries, jurisdictions, literature, West"
8934,section headers
8935,compound word suffixes
8936,specific terms
8937,electricity and electric devices
8938,listing items from X to Y
8939,cost-effectiveness and financial return
8940,1970s legal citations
8941,by quantitative differences
8942,legal judgments or political office
8943,all rights reserved
8944,either/or choices
8945,numbers and periods
8946,direct immediate access or offerings
8947,the indefinite article 'a'
8948,"could be, scream, rip"
8949,price changes
8950,code delimiters like brackets and quotes
8952,groups of people working or gathered
8953,specific list items
8954,now
8955,list item followed by conjunction
8956,"comparisons: greater, bigger, factor, True/False"
8957,buying and selling interactions
8958,"accomplished, measured, determined"
8959,mathematical alignment character
8960,reporting or describing statements
8961,sourcing original manufacturers
8962,referring to access or destination
8963,negotiations or agreements
8964,presidential election voting
8965,function and method endings
8966,harmful health effects
8967,describing shapes and forms
8968,magazine
8969,HTML and XML structures
8970,system components and structures
8971,prepositions
8972,ongoing AdvACT survey
8974,items including 'blue'
8975,"impact of ecosystem, interface, scale"
8976,one of the most
8977,code imports and module access
8978,second person address or questions
8979,connections and states
8980,championships and competitions
8981,meaning and definitions
8982,company names and suffixes
8983,mathematical expressions with subscripts
8984,closing tags or delimiters
8985,“9
8986,parsing large files
8987,born in place
8988,academic citations
8989,contrasting conditions
8990,truth and honesty
8991,the followed by a word
8992,foreign languages and concepts
8993,abbreviations and acronyms
8994,midday to afternoon
8995,place names and historical contexts
8996,states preceded by 'to be'
8997,applying principles or methods
8998,web view code and templates
8999,inviting participation or attendance
9000,". Formal, and, there, all"
9001,maintain
9002,performing mathematical operations
9003,conditional clauses
9004,birth dates
9005,signing contracts and agreements
9006,medical treatment and therapy
9007,other or additional
9008,"Persol, U.S. Court of Appeals"
9009,keywords and code segments
9010,"config', QuickChange, N$"
9011,notes and footnotes
9012,Mr. title before names
9013,most of
9014,administrative government departments
9015,time duration in hours
9016,components and their datasheets
9017,passing from or to
9018,API request sender/responder
9019,"assignments, states, and configurations"
9020,non-English words
9021,historical and factual contexts
9022,hexadecimal numbers
9023,whole scope of influence
9024,section references
9025,programming code components
9026,Louisiana legal citations
9027,crate features
9028,record or season
9029,foreign entities and actions
9030,code assignments and data structures
9031,father and family
9032,of findings
9033,guaranteed results
9034,medical symptoms
9035,finding yourself and others
9036,various languages and technical terms
9037,Let statements
9038,types of reports and findings
9039,mathematical expressions and variables
9040,reporting statements and information
9041,there is/was
9042,numbers and percentages
9043,otherwise
9044,appropriate [followed by noun]
9045,messages and programming strings
9046,category:
9047,agreements and corporations
9048,`(` `)` code delimiters
9049,football actions and outcomes
9050,which questions requiring a choice
9051,power and influence
9052,mathematical coefficients and variables
9053,indefinite articles
9054,circle and around
9055,programming construct punctuation
9056,abstract scientific terms
9057,dealing with insults or harm
9058,adequacy
9059,anger and grievances
9060,mathematical notation and code structure
9061,numbers and symbols
9062,methods or means
9063,"finally, success"
9064,"span style=""font-variant:small-caps;"">"
9065,descriptive words for houses
9066,research and development concepts
9067,mathematical expressions and code structures
9068,concepts and notions
9069,location and proximity
9070,tabs and selection events
9071,serious problems or needs
9072,years and rankings
9073,numbers and punctuation
9074,places for recreation
9075,function calls and definitions
9076,code file paths and module names
9077,"you, your, yours"
9078,code block terminators
9079,code delimiters and identifiers
9080,technical code structures
9081,achieved success
9082,vehicles beingoperators beingtrain runninggroup working
9083,rate of change
9084,pet_
9085,why a person should not be
9086,legal citations or court references
9087,happened or succeeded
9088,"bone, material, tissues, soil, gas"
9089,clicking and selecting
9090,one party must prevail
9091,firefighting and extinguishing
9092,plural nouns and abundance
9093,"Channel, publications, Museum, number"
9094,repeated over years
9095,affects what
9096,overflow scroll
9097,Croatian UI strings
9098,abstract noun suffixes
9099,code and special characters
9100,cookies and newsletters
9101,plural endings
9102,making or defining concepts
9103,names and initials
9104,biographical introductions and aliases
9105,"code, latex, json, html"
9106,and continues
9107,common phrases and words
9108,foreign languages and symbols
9109,object or place names
9110,fitting measurement parameters and calibration
9111,"""no"" followed by absence of concept"
9112,code syntax and programming constructs
9113,trading financial market information
9114,iOS and Android apps
9115,ThisThis meansThis leads toThis is
9116,under or beneath something
9117,actions performed uniquely
9118,love or like
9119,UI code constructs
9120,evidence and data
9121,height and width attributes
9122,for each
9123,"in front of, around"
9124,asking what
9125,Jabal Omar / ulcer / today / § / make
9126,android view creation
9127,states of being
9128,eating and being eaten
9129,fighting and martial arts
9130,"confirmation, reminder, or risk statement"
9131,various languages and code
9132,pronouns and 'all'
9133,shopping cart items
9134,article followed by a noun
9135,describing specific designs or methods
9136,code blocks and lists
9137,DDT statements and actions
9138,cities and regions
9139,common or popular
9140,during operations and events
9141,salutations and questions
9142,disguise and clandestine activities
9143,not allowed or prohibited
9144,mathematical notation and code
9145,object property access
9146,cultural traditions
9147,Honorable titles
9148,numbers and hyphens in citations
9149,mathematical expressions
9150,sports and vehicles
9151,abbreviations followed by code terms
9152,"reading and opening, or technical terms"
9153,quality evaluation
9154,social media follows
9155,tobacco products and smoking
9156,just a few
9157,thresholds and comparisons
9158,code attributes
9159,"type, Ref, updates, changing"
9160,time and duration
9161,referencing citations or links
9162,producing actions or signals
9163,I and We expressing strong feelings
9164,"motorcycle, adventure, riding, clutch"
9165,consequence or contrast introduction
9166,up and direction or limit
9167,"problem, issue, or bug"
9168,legal citations or references
9169,is described
9170,economic data implications
9171,need to give advice or instructions
9172,appearance versus reality
9173,consecutive wins or losses
9175,"place followed by to, of, that, called"
9176,XML and code
9177,"Keywords: , :"
9178,"Le following words Le, Levi, leuco"
9179,Turkmenistan Super Cup
9180,proper nouns and acronyms
9181,introduces examples or lists
9182,mathematical and code structure
9183,numerical ranges and quantities
9184,type and dose
9185,preposition 'de' followed by noun
9186,light and shine verbs
9187,programming constructs and data contexts
9188,mathematical and code contexts
9189,blood pressure and kidney function
9190,agricultural fields and crops
9191,psychological and emotional states
9192,producer for songs and media
9193,prepositions followed by context
9194,require and its variants
9195,"Beltane, Giardia, Chantix, Smashwords"
9196,technical descriptions with parenthetical clarifications
9197,rich and descriptive qualities
9198,code and Russian words
9199,very followed by adjective/adverb
9200,"stabbed, struck, joined"
9201,image file sources
9202,"behalf of, picked him, port to"
9203,"usual, always, typically"
9205,legal documents and formality
9206,introducing crucial information
9207,"processing, conversion, modification"
9208,"ice, freezing, frozen"
9209,travel and destinations
9210,civic and public groups
9211,code function calls
9212,related to programming or technical terms
9213,scheduling times and days
9214,foreign language words
9215,preposition followed by a noun
9216,XML/data keys and values
9217,Indonesian words
9218,auction and bidding
9219,structured labels and references
9220,main function signatures `(type name)`
9221,ammonium nitrate
9222,patent publication dates
9223,"Voice Call, ECM Script, scale of"
9224,numerical classification
9225,escape and refuge
9226,noun + punctuation or verb
9227,asking questions
9228,repeated packed staging folder
9229,regarding / as to / in terms of
9230,plotting commands and visualizations
9231,neither X nor
9232,future
9233,technical terms and findings
9234,with [adjective/measure word]
9235,near specific entities
9236,"phrases including ""as well"""
9237,"purposes, clarity, reference, convenience, amusement"
9238,possibility and ability
9239,public declarations and variables
9240,roles of leadership and guidance
9241,that followed by a specific noun
9242,setting variable values
9243,pronouns with informal verbs or actions
9244,comma-separated numbers and variables
9245,statistical data
9246,game development and animation
9247,"definitions, lists, structure"
9248,object . my
9249,specifying what follows
9250,sports scores in parentheses
9251,"phrases like ""a few"" or ""a number of"""
9252,possessives ending in 's
9253,physical movement or displacement
9254,restaurant and menu descriptions
9255,years or score counts
9256,phosphorus compound or hexadecimal data
9257,time ranges and endpoints
9258,soldiers and war experiences
9259,"Wednesday, clothing, proceedings"
9260,list separators
9261,unsigned C types
9262,code and mathematical functions
9263,function parameters and error handling
9264,historical date or era markers
9265,one
9266,foreign words
9267,mouse or touch input
9268,medical and biological compound terms
9269,symbols in scientific equations
9270,social interactions and collaboration
9271,completed actions followed by prepositions
9272,verbs describing action or state
9273,"Injected, style, Arsenic"
9274,gauge algebra
9275,sentence beginnings after punctuation
9276,code comments and attributes
9277,code terminators and annotations
9278,variety and options
9279,judicial cases and citations
9280,get function calls
9281,cause or allow something to happen
9282,prefixes and parts of foreign words
9283,code elements and structure
9284,according to or in accordance with
9285,mathematical expressions and code
9286,presence and location
9287,physicians'
9288,"pick up, drop off, pick 1, drop out"
9289,numeric identifiers and findings
9290,document section indicators
9291,romantic journey with
9292,permission to proceed
9293,morning of
9294,special character enclosure
9295,programming and math contexts
9296,medical and biological effects
9297,"formation limiting, discloses composition"
9298,punctuation and concluding remarks
9299,finding solutions
9300,"crossover distortion, sound, wax, problems, musical"
9301,"rank, feather, developing, land, blind, fired"
9302,web redirection
9303,"nothing, rien, nada, nichts"
9304,price comparison and discounts
9306,dogs in lists
9307,outside
9308,citations and references
9309,quantum states or mixed states
9310,journal and publication citations
9311,percentages and counts
9312,logical operators or specific entities
9313,casino virus madness dresses proxy door
9314,greek letters and symbols
9315,symbols followed by identifiers
9316,motivated by eligibility
9317,flash timing
9318,"whatever, whichever, regardless"
9319,emphasis punctuation
9320,designing and creation tools
9321,women and girls
9322,$\gamma_{0}(x_{i})$ statistical context
9323,mathematical and code notation
9324,phase or period
9325,professionalism and expertise
9326,technology and techniques
9327,disclaimer or site
9328,enabled states or options
9329,autonomic nervous system and gene names
9330,what interrogative phrases
9331,following structure
9332,tools and machinery
9333,legal and formal entities
9334,plays for
9335,academic disciplines and fields
9336,understanding and enabling actions
9337,symbols and numbers
9338,code and technical comments
9339,pharmacological activity
9340,emoticon signs and smileys
9341,equation alignment
9342,django python file paths
9344,variety of applications
9345,asking questions
9346,"debt ceiling, credit rating"
9347,CSS properties and values
9348,legal proceedings and expert opinions
9349,stage directions and punctuation
9350,scientific terms and measurements
9351,cause and consequence
9352,web development code snippets
9353,cargo and logistics
9354,personalized content and advertising
9355,"prices, rates, or charges"
9356,outcomes and conclusions
9357,programming languages and frameworks
9358,re-doing or again
9359,not followed by negative indicators
9360,recalling things and memories
9361,repeated indices and operators
9362,table titles
9363,us state postal codes
9364,otherwise
9365,time of day
9366,Estonian
9367,of [noun]
9368,"your, you, audience, something"
9369,The followed by nouns
9370,superlatives and recency
9371,you must / are / do
9372,all of item are
9373,family names or common surnames
9374,primarily applies to research
9375,leader or leadership
9376,english language learning
9377,numbers and quantities
9379,Malta and Maltese language
9380,however introducing contrast
9381,PRI numbers
9382,German words about obligation
9383,remaining subjects
9384,reporting statements or past events
9385,ahead or advance
9386,mathematical notation and references
9387,code diffs
9388,as much as
9389,Welsh culture and places
9390,weather forecast
9391,web development code snippets
9392,in followed by other words
9393,thanks/punctuation followed by new clauses
9394,professions and occupations
9395,text alignment and submit
9396,TV shows and media franchises
9397,introduces reasons with because
9398,president followed by of
9400,distant locations and spatial separation
9401,know / aware
9402,"itself, personally"
9403,earthquake events
9404,skiing activities
9405,words considered or regarded as
9406,names and scientific terms
9407,citations and code formatting
9408,listing items in sequences
9409,legal citations and case names
9410,past time references
9411,management of
9412,multiple or several occurrences
9413,educational learning methodologies
9414,help me
9415,in no event shall
9417,digit-value pairs
9418,Thus indicating conclusion
9419,programming types after punctuation
9420,"ExtensionPack, IPPROTO, ref"
9421,legal counsel and labels
9422,property and properties
9423,mandatory rules
9424,I was.
9425,posted online or available
9426,about time
9427,mathematical equations with mu
9428,memorialization and commemoration
9429,"mathematical, scientific, and contrasts"
9430,predicting and verifying
9431,specific tokens followed by other tokens
9432,now preceding defunct/ended nouns
9433,nightlife
9434,mathematical expressions with greek letters
9435,mathematical terms and vocabulary
9436,separators or list markers
9437,specific punctuation and symbols
9438,"workshops, seminars, and lectures"
9439,sample counts
9440,immigration and immigrants
9441,"discarded, used, or spent"
9442,chemical compounds and elements
9443,```c# LINQ expressions```
9444,company
9445,male patient descriptions
9446,medical provision and scientific topics
9447,code comments and values
9448,code formatting and programming terms
9449,and thus
9450,™ and ® symbols
9451,soldiers and military contexts
9452,relative clauses starting with who
9453,created or new
9454,prompting user submissions
9455,medical and technical terms
9456,Fox News
9457,mathematical comparisons
9458,moving to or arriving at
9459,SQL and programming code
9460,additional information
9461,selenium webdriver commands
9462,contrasting statements
9463,"database, proper nouns, scientific terms"
9464,hexadecimal codes and identifiers
9465,numbers and ranges
9466,minority struggles
9467,state or condition
9468,quoted terms
9469,began something
9470,measurement and properties
9471,explaining bugs or issues
9472,destruction and disasters
9473,supporting or accompanying
9474,margin and padding CSS properties
9475,bootstrap navbar btn
9476,when possible
9477,Škoda
9478,issuing and releasing documents or goods
9479,summer and winter seasons
9480,code structure and syntax
9481,technical nouns followed by descriptors
9482,stalled activity
9483,pronoun followed by verb
9484,context of
9485,foreign words and concepts
9486,tabular data and tables
9487,numeric sequences and labels
9488,is a/an/the
9489,"need not, sufficient"
9490,story endings and plot resolutions
9491,children and family members
9492,computer system and analysis
9493,invented sport
9495,"ruby, rails, jekyll, describe, do"
9496,starting phrases
9497,code snippets and URLs
9498,cell separation and centrifugation
9499,fair debt collection practices
9500,finding UI elements
9501,source or inspiration
9502,nearly all or majority
9503,don't know what or if
9504,object or concept descriptions
9505,bracketed numbers
9506,subjective feelings or comparisons
9507,"put, puts, or placing"
9508,conditional conjunctions
9509,proton capture
9510,"portions, proportion, amount, number"
9511,biological and cellular processes
9512,programming keywords and values
9513,database ids and record keys
9514,mathematical notation and specific words
9515,"stress, complaints, function"
9516,LaTeX environments and math typesetting
9517,variable declarations and states
9518,crime and frequency
9519,future action or state
9520,fractions and mathematical expressions
9521,plaintiffs and legal actions
9522,code and technical documentation
9523,defining or explaining terms
9524,other sections or related topics
9525,code identifiers and values
9526,on the
9527,names followed by verbs
9528,ethics and morality
9529,numbers and units after punctuation
9530,aligned mathematical expressions
9531,A or an followed by a name
9532,abstract and aligned structures
9533,mathematical greek letters lambda iota
9534,numbered lines beginning with 1
9535,"art deco elegance, glittering White House, quiet power"
9536,ballistic missile threats
9537,film directed
9538,this time
9539,"all day, all over, all the"
9540,protected from
9541,table rows and columns
9542,Participants followed by auxiliary verbs
9543,provided the applicant
9544,"yolk following, false"
9545,numerical monetary amounts
9546,actions performed completely or properly
9547,verbs expressing feelings or actions
9548,beginning of
9549,transcribed excerpts of recordings
9550,ann or Ann followed by common suffixes
9551,"questions starting with who, what, where"
9552,political parties or factions
9553,Japanese encephalitis
9554,accusing or blaming the innocent
9555,overcoming and control
9556,how much or how valuable
9557,"local officials, taxes"
9558,words spoken or written
9559,date and time indicators
9560,through means or method
9561,plural and foreign words
9562,hopeful contribution and effort
9563,award winners and finalists
9564,weekly posts and articles
9565,Monte Carlo
9566,"facilitate, enable, ensure"
9567,"Deputy, Assistant, Chief job titles"
9568,return err
9569,surface runoff and soil erosion
9570,ability and disability
9571,conditional statements
9572,words starting with z
9573,mathematical notation and citations
9574,words followed by common verbs/objects
9575,setting up and requirements
9576,creature types and attributes
9578,javascript code keywords
9579,JavaScript `let` declarations
9580,college campuses and applications
9581,travel and hotel bookings
9582,negative numbers and expressions
9583,etsy.com
9584,veto or reject
9585,vendors and providers
9586,possessive pronouns and their context
9587,annual events
9588,"titles, names, or descriptive words after punctuation"
9589,gentle or careful actions
9590,economic states and outcomes
9591,"diagnosis of, presence of"
9592,lack or absence
9593,setting thresholds and limits
9594,corporate entities and their actions
9595,upper spatial locations or limits
9596,mathematical physics symbols and equations
9597,iterating and transforming collections
9598,suggesting or asking that
9599,Java/C# methods
9600,nozzle part
9601,"Iran and Tehran, scientific texts"
9602,describing organizations and their establishment
9603,required to be a certain way
9604,people's names followed by actions
9605,"verbs and ""opportunity"" followed by ""to"""
9606,Id. at *4
9607,"les, las, os"
9608,people reporting what was said
9609,genres and themes
9610,Israel Hebrew
9611,suspicious or anomalous behavior
9613,legal sentencing and punishment
9614,"day, dates, time"
9615,almost plus qualifiers
9616,decode singular or repeated string/message fields
9617,"questions, rates, updates, more"
9618,instead of
9619,back to
9620,verb occurrences
9621,starting phrases of definitions
9622,code constructs and documentation
9623,testing and evaluation
9624,"company names ending in Inc, Ltd"
9625,with structure
9626,code event listeners
9627,7 and numbers
9629,"millions, locations, countries"
9630,introducing a second point
9631,backpack style webbing
9632,other concepts
9633,trade union and labour
9634,(a) followed by )
9635,possibility and ability constructions
9636,file path and code separators
9637,since or onwards
9638,a + quantifier
9639,additional or further items
9640,documentation and technical terms
9641,person or role
9642,p-values in statistical results
9643,as the
9644,code punctuation
9645,prevented from reproduction
9646,personal knowledge or familiarity
9647,code tags and references
9648,code syntax and structure
9649,negative contractions and rates
9650,metal wire or pipe
9651,preposition followed by topic
9652,place names and geographical features
9653,assessing importance or potential issues
9654,diagnosed with diseases or disorders
9655,sequence separators
9656,failure and breakdown
9657,racial disparities and diversity
9658,function definitions
9659,"optical response, signal, alignment"
9660,medical deficiency
9661,"Middle Eastern countries, counts, operations"
9662,introductions and beginnings of phrases
9663,conclusions and consequences
9664,today; time periods
9665,"punctuation, non-alphanumeric characters, informal/abbreviated language"
9666,numbers and units
9667,"words starting with ""ins"""
9668,sleep and sleeping
9669,if/depending
9670,closing parenthesis followed by text
9671,have installed
9672,wealth and poverty
9673,request and routine code context
9674,numbers and codes
9675,determiners preceding nouns
9676,police and enforcement actions
9677,leaving or goodbye
9678,establishing a reputation or relationship
9679,section titles
9680,from X to Y
9681,Tk. followed by text
9682,sense oflevels ofsources of
9683,scientific testing
9684,technical terms and phrases
9685,random selection or assignment
9686,unpublished or not shown
9687,$\left\langle \left. \right\rangle\right.$
9689,listing items
9690,percentages and ratios
9691,special characters and rare words
9692,historical dates and events
9693,final breath or death
9694,this is a phrase
9695,pronouns and identifying words
9696,"his son, her children, his family"
9697,performing or obtaining something
9698,word beginnings and endings
9699,joint and shared concepts
9700,transmission via contact or air
9701,not even
9702,programming try blocks
9703,asking questions and listing items
9704,I
9705,sections and introductions
9706,Physical Review journal references
9707,state and condition
9708,code block punctuation
9709,names and titles
9710,for purposes or tasks
9711,describing structures and their properties
9712,"just, only, mere"
9713,attributions and reporting verbs
9714,state or outcome after 'to be'
9715,legal positions and places
9716,prepositions followed by specific words
9717,additive connectors
9718,law hearings vote income hearings
9719,transporting or processing documents/products/data
9720,describes as
9721,entrepreneurs NLP strategy
9722,listing items
9723,shows function or relation
9724,is followed by common words
9725,leather bags and purses
9726,years or dates
9727,drawing conclusions or suggesting inferences
9728,ordering food and meals
9729,has + verb or noun
9730,hours or other units
9731,explicit negation
9732,beginning of processes
9733,mobile registration codes
9734,LaTeX code and diagrams
9735,numbers and short words
9736,"names starting with prefixes like cet, sas, fle"
9737,problem solving and task completion
9738,recommendations and advice
9739,configuration parameters
9740,spatial areas and openings
9741,advertising and marketing
9742,formal processes and their outcomes
9743,doing everything possible
9744,actions and states
9745,low cost or status
9746,programming constructs and punctuation
9747,common occurrence
9748,locations of body organs
9749,within parentheses or brackets
9750,individual differences and personal choices
9751,realizing something new
9752,dialogue or question/answer
9753,possibility and ownership
9754,mathematical formulas and code
9755,determine calculating actions
9756,dr. and professor followed by names
9757,citation editors
9758,common programming and math notation
9759,. Reference
9760,electronic devices
9761,"sadly, unfortunately, regrets"
9762,repeated sounds or letters
9763,bus routes
9764,method calls after dot
9765,exception handling
9766,and [ citations ]
9767,code syntax and libraries
9768,"there, dort, allí, там"
9769,"compare groups, not toxic"
9770,use methods or techniques
9771,"没编译, 可自由"
9772,[concept/role] + [person/suffix]
9773,structured components
9774,the {noun} start of topic
9775,in the
9776,solve equations with variables
9777,email addresses and domain names
9778,lasting or continuing
9779,"methods, lemma, replacement"
9780,"armed services, as night, RS X"
9781,they were
9782,sudden intense events or changes
9783,Allegheny County or programming contexts
9784,introducing hypothetical scenarios
9785,recent past actions
9786,book and publisher names
9787,data structures and configuration
9788,"gain, earn, win"
9789,post metadata
9790,election controversy
9791,numbers following prepositions or verbs
9792,"factors listed after ""were"""
9793,currency symbols and abbreviations
9794,academic and scientific terms
9795,forEach loop
9796,"German, Danish, Chinese, Prussian"
9797,Thompson and associates
9798,unlimited access or features
9799,public struct and init keywords
9800,numbers in citations
9801,family relationships
9802,numbers and mathematical expressions
9803,"Jele, wouldn't, movant, Benz"
9804,tension and contrast
9805,attributions after quotes or statements
9806,ranges and quantities
9807,noun phrases and collocations
9808,entity names followed by underscore
9809,abstract concepts and goals
9810,would followed by a verb
9811,events or status changes
9812,code block identifiers
9813,such as
9814,int or intra-
9815,lo que / ce que
9816,benefit from
9817,if clause introducer
9818,stored or storage
9819,asking questions
9820,variable declarations and assignments
9821,things to remove
9822,address or location identifiers
9823,question syntax
9824,far as / from / to / toward
9825,azure cli commands and parameters
9826,compelling proposition
9827,rest of the
9828,PRD and min code
9829,for price
9830,two plus words
9831,valuation of worth or cost
9832,foreign language words and abbreviations
9833,// followed by text
9834,motion to
9835,vegetation maintenance gardening
9836,quoted words or phrases
9837,numbers and code punctuation
9838,technical syntax and citations
9839,US cities and Indian states
9840,android layout attributes
9841,ordinal numbers and court cases
9842,specific topics and entities
9843,code structure keywords
9844,without consequence
9845,"as, given, by, represents"
9846,The followed by noun
9847,"said, quoted speech, JUDICE / device / resin"
9848,everything and its usage
9849,your [noun phrase]
9850,UI icon dimensions
9851,"outcomes, consequences"
9852,[noun]-based [noun]
9853,configuration settings
9854,sports team names
9855,biological and medical concepts
9856,tilde hat bar
9857,when clauses
9858,"to provide, use, make, code"
9859,famous historical figures
9860,exclamations and punctuation
9861,hexadecimal codes and numbers
9862,cleaning up
9863,product/project description
9864,preventing negative outcomes
9865,high numerical scores
9866,Ka Maintenance
9867,synthesize and parse outcomes
9868,in public
9869,work
9870,whether or not
9871,"comment, comments, commentary"
9872,code parsing keywords and expressions
9873,medical imaging and body parts
9874,colors
9875,programming language elements
9876,intelligence and intelligent
9877,President or retailer followed by name
9878,US Supreme Court citations
9879,purpose or outcome
9880,date or time duration
9881,Icelandic people or places
9882,if yes / true
9883,choice or selection
9884,numerical ranges
9885,prepositional phrases
9886,"Copehagen, CLIP score, tropism"
9887,URLs and associated text
9888,code and numbers
9889,"carrying, walking, transport"
9890,mindless or mathematical notation
9891,people and legal roles
9892,positive evaluation
9893,URLs and websites
9894,tourist attractions
9895,look at
9896,alternatives and conjunctions
9897,integer types and code structures
9898,right click actions and choices
9899,that
9900,words after punctuation
9901,+ followed by 1
9902,database references
9903,planned intentions
9904,already / past events
9905,organizations followed by domains
9906,audit fines
9908,"""in"" plus location or state"
9909,normal or usual
9910,names often followed by titles or suffixes
9911,against
9912,properties of biological entities
9913,legal context
9914,conjunctions and disjunctions
9915,denial or rejection followed by specifics
9916,PTI reports
9917,$\mkern2mu\underline{\mkern-2mu\smash{\phi }}$
9918,applinks
9919,"parentheses, punctuation, and structural elements"
9920,last followed by time
9921,system or network code
9922,code and symbols
9923,distances and connections
9924,"published works, records, and studies"
9925,medical and code contexts
9926,ORM entities and database joins
9927,code structure or technical terms
9928,paths with language codes
9929,equally important or intractable
9930,sneaker bots and allocations
9931,"attending lectures, meetings, and events"
9932,items handed or taken
9934,matrix or vectors representation
9935,achieving goals
9936,technical terms and foreign words
9937,financial income wealth
9938,programming imports and libraries
9939,what something is or means
9940,"days, years, Objects, C, Fe"
9941,car dashboard terms
9943,programming language constructs
9944,code syntax and structure
9945,a/an followed by a noun
9946,indicates consequence or result
9947,namely or include
9948,copyright usage restrictions
9949,cricket batting stats
9950,on the / their own
9951,possible likelihoods and hypotheses
9952,students and classroom contexts
9953,is/est/être/adalah/是/merupakan
9954,entities and professions
9955,what constitutes or does not constitute
9956,"size analysis, diff, expect"
9957,that
9958,questions and confirmations
9959,people or entities in a situation
9960,"empirical, temp, sample"
9961,celestial and underworld beings
9962,plural nouns in lists
9963,self-esteem and confidence
9964,"above, below, between"
9965,"feeling, impression, sense, quality"
9966,"standard PC, via phone, forces air, available wireless"
9967,time limit or duration
9968,environment
9969,IEEE engineering publications
9970,family and parents
9971,"code, math, and data structures"
9972,"invention, return, expect"
9973,initial parts of specific words
9974,uses or is used
9975,numbers preceded by asterisks
9976,JavaScript event listeners
9977,band members
9978,"""bureau"" followed by ""gnome"""
9979,mathematical factorials and combinations
9980,adjective followed by noun
9981,existence or occurrence
9982,vices and addictive behaviors
9983,differential expression or descriptions
9984,;
9985,sequences of numbers
9986,with numerical data
9987,entity or system followed by a state
9988,probability of picking
9989,numbers and punctuation
9990,global scale
9991,"the word ""both"""
9992,tolerated
9993,causes reactions
9994,technical terms and concepts
9995,directional turning or rotation
9996,code blocks
9997,america and latinamerica
9998,multiple or inconsistency
9999,strength training and exercise
10000,gaming computer components
10001,"author of the bill, creator of, Secretary of State"
10002,"vaccination, immunization, doses, shots"
10003,system settings configuration
10004,providing overviews and descriptions
10005,progress bar
10006,job/training/event information
10007,method or study description
10008,letter or number followed by category
10009,acronyms and specific identifiers
10010,"forms of ""to be"""
10011,words indicating large size
10012,"first, beginning, committed, no, throughout"
10013,algebraic sequences and functions
10014,American patriotism and ideals
10015,game vs
10016,ensure that
10017,state of being
10018,early action and prevention
10019,delivery worldwide domestic shipping
10020,business states and categories
10021,is/was/were + description
10022,organizations and systems
10023,code imports and definitions
10024,in community settings
10025,performing an action or task
10026,"effects, relationships, features, activity, response"
10027,code and variable names like sym
10028,stored at
10029,single item
10030,code declarations
10031,code structure and math notation
10032,license agreements
10033,ability to do something
10034,"link, email, time, search"
10035,code iteration and assignment
10036,loop iteration variables
10037,purpose for action verbs
10038,About followed by context
10039,foreign words
10040,HTML `span` tags and code elements
10041,Ghanaian Cedi
10042,"National, State, Evening, university, GDR"
10043,alone or individually
10044,field followed by institution or program
10045,categories established
10046,conference in
10047,in this respect / in this regard
10048,door actions and states
10049,sports leagues and tournaments
10050,specific factual contexts
10051,Japanese and code snippets
10052,"winners, finishers, competitors"
10053,lutide
10054,body arrived
10055,states or conditions
10056,x\ axis relative
10057,punctuation and numbers
10058,programming void declarations
10059,digits followed by punctuation or digits
10060,measurements. Procedures
10061,Fed raise rates
10062,numerical quantities and units
10063,containing Class
10064,in Mexican
10065,"groupoids, squadrons"
10066,status followed by parenthesis
10067,recovery and family escape
10068,artistic terms and concepts
10069,medical and scientific contexts
10070,lists with numbers and common terms
10071,chromatography and separation analysis
10072,compatibility and similarity
10073,"""had"" or ""were"" followed by past participle"
10074,expressing states or qualities
10075,private entities and investment
10076,nginx code
10077,easily computed or performed
10078,boards and committees
10079,network concepts and connectivity
10080,additive conjunctions
10081,em dash usage
10082,mathematical expressions
10083,Mormon beliefs and traditions
10084,evaluating ideas
10085,endings before punctuation and verbs
10086,pronouns and God
10087,finding role or significance
10088,numbers and special characters
10089,Spring Bean declarations
10090,asking where
10091,individual items each have a part
10092,opening bracket Fig
10093,email addresses and domain names
10094,limited to
10095,mathematical structure and terms
10096,mathematical expressions and formulas
10097,actions and references
10098,Amazon falling behind
10099,date and time formats
10100,References external links Citations
10101,A or B followed by lists
10102,string combinations and names
10103,biological models and systems
10104,false response
10105,enter your address
10106,syscall codes and abbreviations
10107,abortion and legitimacy
10108,"within, included, or excluded"
10109,German ß words and less
10110,based on or underlying
10111,bankruptcy
10112,expressing interest or curiosity
10113,positive recommendations and code snippets
10114,legal theories and claims
10115,find ways
10116,"degree, exponents, and math formulas"
10117,specific technical or foreign terms
10118,rights deals and production agreements
10119,"code, punctuation, and variables"
10120,some examples and criticisms
10121,foreign language words and dates
10122,age specifications
10123,any computational files
10124,plural nouns for items or concepts
10125,"code, imports, and definitions"
10126,sudden unexpected events
10127,assignment operator and zero
10128,time ago or starting point
10129,emotional state or feeling
10130,numbers followed by operators or letters
10131,code snippets and syntax
10132,code structure separators
10133,"regulation, limits, and licensing"
10134,math and code structure
10135,variable assignment or check
10136,street corner
10137,specific token followed by specific token
10138,"Attached to, prescribed, carrying"
10139,it is
10140,placement and positioning
10141,left-wing politics
10142,"tbh, IMHO, kinda"
10143,mathematical and scientific notation
10144,enough to
10145,“no.” followed by numbers or identifiers
10146,experimental results comparison
10147,advertising and marketing
10148,receiving packets
10149,comparisons and relations
10150,"constants, parameters, coefficients"
10151,"posts, comments, search, content"
10152,particular item or instances
10153,presidential visits and speeches
10154,who testifying
10155,given names
10156,rewarding efforts and merits
10157,"ATP, Award, DR, water, concentration"
10158,of removal
10159,whether questions or conditions
10160,reflecting
10161,switch case and else
10162,the followed by a noun
10163,"parts, portions, aspects"
10164,percentages and numbers
10165,cities and urban areas
10166,word endings
10167,javascript script tags
10168,advantageous or concerning explanations
10169,assert statements and invariant
10170,"actor, antigen, property identification"
10171,cookie consent and privacy
10172,news headlines or reports
10173,states and outcomes
10174,best or better
10175,visual concepts and entities
10176,completing without
10177,relative pronouns and conjunctions
10178,head of or headaches
10179,product life cycle
10180,past tense states
10181,exception handling
10182,code punctuation and error indicators
10183,numeric codes and symbols
10184,high products and services
10185,academic publication citations
10186,prime factors
10187,owning and ownership
10188,key term then preposition
10189,his noun
10190,on and off
10191,California legal citations
10192,mechanical processes or code structure
10193,prepositions indicating relation
10194,combining mathematical expressions or code components
10195,full-year revenue or more exotic
10196,"dictionaries, maps, key-value stores"
10197,mathematical formulas and sequences
10198,UUID and ObjectId identifiers
10199,technical programming and specifications
10200,"list, reference, or definition"
10201,legal citations and proceedings
10202,issues and specific matters
10203,explaining why
10204,C++ stream output and logging
10205,"object value, nullable"
10206,technical or non-English origins
10207,starts clauses or explanations
10208,foreign or unusual words
10209,plants and natural materials
10210,put
10211,"""be"" followed by descriptive words"
10212,don't know or understand
10213,parts and components
10214,life stages and resources
10215,fear and fright
10216,quantitative measurements
10217,making happen or achieve
10218,doi identifiers
10219,company names
10221,Indiana and Indianapolis
10222,"likely, probably, possible"
10223,events and occurrences
10224,that followed by punctuation
10225,or and by of cur
10226,section headers and titles
10227,certainty with following context
10228,array alignment specifiers
10229,code formatting and comments
10230,code/documentation/requirements lists
10231,teaching and commanding
10232,variable assignment setter
10233,death and remembrance
10234,determinate the phrase
10235,biblical claims and devices
10236,S.Ct. citations
10237,end of sentence
10238,sudden incoming events or calls
10239,angular component export environment
10240,clinical and commercial applications
10241,totaling approximate quantities
10242,people and groups
10243,sudden or intense actions
10244,code block terminators
10245,scientific and technical terms
10246,legal citations
10247,"classes, sessions, workshops"
10248,button followed by numbers or identifiers
10249,the followed by specific entity
10250,questions ending with punctuation
10251,bridge Eng
10252,luxury real estate and lifestyle descriptors
10253,"calm, reward"
10254,distance measurements
10255,than the
10256,finding suitable options
10257,"French connection ( pour, faire)"
10258,authors return
10259,casual speech intensifiers
10260,possessive pronouns followed by family or relation
10261,examples introduced by such as
10262,different currencies
10263,code and technical terms
10264,according to
10265,"marginalized populations, Jews, income"
10266,speech attribution and explanations
10267,conjunctions and correlatives
10268,programming terms and names
10269,names following specific characters
10270,reason for why
10271,foreign words
10272,rate pair
10273,technical code references
10274,regarding or with respect to
10275,treatment followed by substance
10276,advice and caution
10277,account creation and status
10278,code syntax separators
10279,air quality and breathing
10280,collection descriptions
10281,"particularly, emphasis"
10282,quantities of items
10283,worry and fears
10284,specific noun phrases
10285,prices and currency
10286,converting data to strings
10287,lists separated by commas
10288,book
10289,"road, surface, numbers"
10290,"distant, detached, separation"
10291,"app, message, or technical terms"
10292,common words followed by specific words
10293,"actions followed by ""of"""
10294,periodic maintenance and changes
10295,states and progress
10296,error handling
10297,RPG and math notation
10298,action verbs + to/prepositions
10299,hexadecimal numbers followed by comma
10300,color representation
10301,subject-verb combinations
10302,HTML alt attributes and code namespaces
10303,albeit or although
10304,immediately or presented
10305,button classes and uri functions
10306,".de, percent, Embedded"
10307,sentence endings
10308,listlistprintIonessaytext
10309,purification and separation of substances
10310,racially discriminatory
10311,defense and argument
10312,technical configuration terms
10313,sending messages or items
10314,anesthesia and medical procedures
10315,unless and
10316,character and their traits
10317,create
10318,network addresses and hostnames
10319,every
10320,fate of or future of
10321,prepositions followed by nouns
10322,why would questions
10323,uncertainty or contrasting follow-up
10324,person associated concept
10325,disable or suppress
10326,time of day
10327,"""the"" followed by specific term"
10328,subject has/have
10329,together with
10330,type checking and casting
10331,finally or at last
10332,authors' surnames
10333,participation or involvement
10334,"matrix, grid, cell"
10335,question or descriptive phrase starters
10336,parent child hierarchy
10337,producing or yielding
10338,programming language keywords
10339,foreign language words
10340,folder or directory
10341,end of numbered lists
10342,authors' Audi
10343,types of materials and applications
10344,standard proto definitions
10345,formatting tags
10346,lasting impressions of past events
10347,technical terms and components
10348,numbers and codes
10349,abstract feelings or states
10350, confusing
10351,thanks for
10352,predicting outcomes and consequences
10353,mathematical expressions
10354,programming variable access `$variablename`
10355,possessive pronouns followed by nouns
10356,image and photography related contexts
10357,"cover a, cover the, Cover up"
10358,service
10359,keep doing things
10360,places and cultures
10361,php database queries
10362,entities and their definitions
10363,connecting phrases and clauses
10364,introduction or background of sections
10365,rare vintage items
10366,requesting assistance or help
10367,expressions of humor or disbelief
10368,mathematical physics notation
10369,"word endings, punctuation, and concepts"
10370,quality and performance assessment
10371,file paths and code structure
10372,"organiz, software packages"
10373,brand names
10374,data retrieval and reading
10375,created and was <ctrl63>
10376,posting a link or sharing something
10377,scientific and technical terms
10378,software and testing terms
10379,led by
10380,result from
10381,http followed by ://
10382,"culmination, best, striking, training, work"
10383,mathematical expressions and derivations
10384,technical code terms
10385,on the verge of
10386,. ;
10387,mathematical expressions
10388,new york
10389,the followed by laboratory
10390,growth rate percentages
10391,local place names
10392,required or optional
10393,"inhibitor, compound, or chemical name"
10394,non-english words or archaic spellings
10395,qualifying words and their subjects
10396,energy concepts
10397,geospatial data and maps
10398,charged with counts
10399,and followed by bracketed text
10400,word endings
10401,legal and technical terms
10402,bodily functions and babies
10403,add to desired qualities
10404,and or conjunctions
10405,sitting or resting
10406,astronomical sources and structures
10407,dates and numbers
10408,other/similar concepts
10409,programming syntax and foreign words
10410,descriptive words and subsequent terms
10411,drive plus direction
10412,media reissues and editions
10413,youtube channel links
10414,networking and routing concepts
10415,error logging
10416,observed drifting pace
10417,commas followed by conjunctions
10418,names and lists
10419,"variants, isoforms, or subspecies"
10420,prepositions followed by specific nouns
10421,code comments and structures
10422,entity framework
10423,code imports
10424,code error handling
10425,home
10426,"to me, in my mind, in my opinion"
10427,basic concepts and fundamentals
10428,adenocarcinoma systems structural migrants
10429,leaving or transitioning states
10430,used to refer to
10431,company names and websites
10432,network flags
10433,welcome to
10434,which
10435,going to be
10436,suspension and road handling
10437,listing appositives and origins
10438,hex codes and numbers
10439,"defines, declares, or leads to code"
10440,I personally
10441,is + question word or verb
10442,"disease, Care, bomb"
10443,words starting with con
10444,speech followed by a pronoun
10445,release and device context
10447,operating and locking mechanisms
10448,student or students
10449,large monetary values
10450,properties and comparisons
10451,"concepts following ""the"""
10452,from... to movement
10453,subsequent events and states
10454,pronoun then verb
10455,comparative adjectives and 'than'
10456,future building usage
10457,_storage.find_unique
10458,numbers and units related to density
10459,medical abbreviations and definitions
10460,resourceCulture
10461,such a
10462,program code and data structures
10463,negative qualities and disadvantages
10464,verbs followed by pronoun or determiner
10465,"words/phrases following ""question"""
10466,"advice, tips, and suggestions"
10467,loops and semicolons
10468,button actions and commands
10469,revised forecasts
10470,has followed by participle or adverb
10471,list items with bullet points or asterisks
10472,quantified time periods
10473,numbers followed by specific indicators
10474,hostile behavior
10475,expressing desires and requests
10476,understatement or effortlessness
10477,hypothetical or conditional scenarios
10478,html tags and code structures
10479,events and activities
10480,auspicious if
10481,introductions to research papers
10482,comma followed by conjunction
10483,places and concepts
10484,"""I"" followed by personal statements"
10485,shorter lengths
10486,type conversions involving integers
10487,places and actions
10488,scientific fields and research
10489,introduces instructional phrases
10490,recent past events
10491,quantitative measures and rates
10492,French/English/other languages sequences
10493,education and courses
10494,show notifications
10495,CREATE TABLE
10496,"code, resources, and URLs"
10497,titles and officials
10498,1 Appointed
10499,conservation and rehabilitation
10500,pronouns after prepositions
10501,"Automobile self, individua qui"
10502,prepositional phrases and actions
10503,Arabic names and places
10504,French capitalized proper nouns
10505,limited ability
10506,addresses and zip codes
10507,statistical comparisons and differences
10508,awarded contracts and development financing
10509,yes or yeah
10510,payback and retribution
10511,foreign and technical terms
10512,"UFOs, aliens, supernatural beings"
10513,tokens surrounding numerals and specific words
10514,states or changes
10515,time progression
10516,potential futures or capabilities
10517,driven this or her large
10518,chosen option
10519,cryptographic hashing and encryption
10520,mathematical expressions and statistics
10521,all the
10523,phones and telephones
10524,adding comments
10525,building relationships and coalitions
10526,people and named people
10527,as / comme
10528,Korean and other East Asian names
10529,family member names
10530,adjective following 'a' or 'an'
10531,order from; hail from; assessing; debug
10532,positive sentiment across languages
10533,educational administration and technology
10534,events and venues
10535,apply and validated
10536,was/is followed by comparative or quantitative words
10537,organizations and their roles
10538,Errol Joe / Morales / Americans / Europeans / pilot
10539,file paths and directories
10540,positive adjectives
10541,future career aspirations
10542,abbreviations and specific terms
10543,techniques suitable for
10544,terms used with language
10545,"actions, implementations, presentations"
10546,passion and enjoyment
10547,reason/extent/ways/time/case/date/free ... that/where
10548,enumerated lists
10549,reasons for removal
10550,request context and origin
10551,flight and aviation
10552,names and their continuations
10553,general purpose question answering
10554,concluding or summarizing statements
10555,abstract concepts following 'of'
10556,structured text and symbols
10557,grab and hold
10558,"favorable to, consent, trademarks, test"
10559,comparing different things
10560,technical identifiers and code
10561,URLs and paths
10562,arrest or broad generalizations
10563,telephone and contact details
10564,academic publications
10565,fifty three
10566,symbols and formatting
10567,"parts, custom"
10568,documentation comments and summer
10569,fresh or latest
10570,g or G followed by special character
10571,including or excluding
10572,programming language constructs
10573,comparisons using than or as
10574,"launching new business, on behalf of, promote"
10575,"streets, retail, downtown areas"
10576,loan of the
10577,actions and observations followed by prepositions
10578,in + following word
10579,oxidation and radicals
10580,code snippets
10581,actors and their portrayals
10582,conjunctions and connectors
10583,support for ideas or policies
10584,web element selectors
10585,combined or paired with other elements
10586,possessive pronouns
10587,away from
10588,lung adenocarcinoma
10589,ncbi.nlm.nih.gov
10590,observational study design
10591,making easier or better
10592,enigmatic esoteric metaphysics
10593,code blocks and documentation
10594,ngx probe mentions
10595,scheduled for tomorrow
10596,assessing suitability
10597,Relationship of scientific concepts
10598,code structure and legal terms
10599,programming code endings
10601,listing items
10602,error handling in decoding/parsing
10603,code commands or identifiers
10604,"miscegenate, skyrmion, clinal, briquettes, repumping, muslin, demosponges"
10605,asking for exact how-to
10606,wireless transmission and convenience
10607,waiting for or until something
10608,occupied and vacant space
10609,past accomplishments and future expectations
10610,face challenges or adversity
10611,"harsh, hired, hanged, aged"
10612,header or getHeader
10613,state a claim
10614,intensifying adverbs
10615,main objective or concept
10616,"eighteenth-century, noble, cleaved, implantable, high explosive"
10617,scientific surname beginnings
10618,historical tragedies and remembrance
10619,case statements with code snippets
10620,geographical locations
10621,once or one
10622,"look ahead, time out, oneway currency, category specific fields"
10623,constructor calls
10624,programming constructs
10625,filing and effective dates
10626,cost becomes expensive
10627,research and innovation
10628,sequential turn or position
10629,cre
10630,academic and research terms
10631,technical and varied contexts
10632,movement and integration
10633,democracy and freedom movements
10634,get or have followed by nouns
10635,configuration parameters and specifications
10636,suffered from
10637,possessive pronouns for people
10638,farmers leaving countryside
10639,passport application processing
10640,specifying width units
10641,"company, study, case, gang"
10642,sports teams and places
10643,outnumbering and outperforming
10644,guide the
10645,observe or provide information
10646,attribute names followed by punctuation
10647,hexadecimal constants
10648,"State, Property, Programs, Production"
10649,including various contexts
10650,parentheses and coordinates
10651,programming keywords
10652,case citations and numbers
10653,reciprocal exchanges
10654,measurements and quantities
10655,recent past time
10656,code concatenation with slashes
10657,how something functions effectively
10658,alternative names
10659,after [verb/noun/pronoun]
10660,case method mechanism effect
10661,foolish mistakes
10662,with preposition constructions
10663,more + descriptor
10664,"Eduardo Paes, Sara Gustavsson"
10665,mathematical formulas and code
10666,name followed by title
10667,"U, U-phase, U.S"
10668,physiological peak measurement
10669,years in parentheses
10670,during events
10671,impact of
10672,"inserting, depositing, posting, uploading"
10673,sports competitions and athletes
10674,fractions and factors
10675,counting ordinal numbers and references
10676,sceptics were
10677,"latter, Id., respectively"
10678,archaeological research
10679,districts and states
10680,list item separators
10682,"summary, statement, article, report"
10683,templates
10684,actions and operations
10685,contrasting with alternatives
10686,end of quote or attribution
10687,game strategy
10688,assignment statements and equations
10689,the followed by specific words
10690,covering or outer layer
10691,the followed by specific words
10692,descriptive labels and what follows
10693,"phrases starting with ""in"""
10694,actions and commands
10695,exchange for promise
10696,sections and headers
10697,start or begin
10698,noun followed by verb or preposition
10699,end of code blocks
10700,chemical formulas and greek letters
10701,font size and styles
10702,precursor slurry
10703,legal interpretation
10704,everyone's
10705,Futurewisepapersystems
10706,etc
10707,being followed by past participle
10708,genetic mutations
10709,backend code and Integer parsing
10710,revealing secrets or plans
10711,concepts and systems
10712,beachfront resorts and villas
10713,pets and dogs
10714,valid agreement mortality friend
10715,new directions in learning
10716,visual interface elements
10717,well made or done
10718,"sound, noise, and loudness"
10719,car and vehicle related phrases
10720,); closing curly brace
10721,programming language identifiers
10722,QUAD and resonance
10723,preventive chemotherapy
10724,now and then
10725,this section
10726,choosing or selecting options
10727,"honor, pride, and disgrace"
10728,battery and rechargeable
10729,"character progression, features, service, decor, portions"
10730,conditional structure return
10731,can/must do/find
10732,adverb followed by adjective
10733,mathematical or programming constructs
10734,ORM operations and queries
10735,SEO and app development
10736,programming language keywords and libraries
10737,document file extensions
10738,numbers and programming code snippets
10739,mathematical and code delimiters
10740,global scope
10741,sexual intimacy and health
10742,provided a method
10743,code contexts with delimiters
10744,as well as enumeration
10745,mathematical expressions
10746,code definitions and types
10747,inpatient hospital care
10748,syscall.Errno or http.Response
10749,"Portugal, Portuguese places"
10750,"continuation words, moreover, besides"
10751,quantifying changes in quantities
10752,"choice, debate, or dilemma"
10753,"online casino, usa, australia"
10754,the color red
10755,here introduces information
10756,"modified, generalized, revised, extended"
10757,adjust
10758,microscopic scale parts
10759,student and campus news
10760,durations of time
10761,mathematical notation or code snippets
10762,or continues to choose
10763,html head and body tags
10764,numbers followed by text or punctuation
10765,associated subsequent terms
10766,Category:births and people
10767,conveying information and facts
10768,mathematical and scientific notation
10769,codes and section numbers
10770,dialog or statements
10771,compatible
10772,describing qualities
10773,"sine, cosine, tangent"
10774,active fluids and collective motion
10775,"car models, security protocols, or categories"
10776,ends of justice / opposite of
10777,proper nouns and foreign language suffixes
10778,or and
10779,proper nouns after comma
10780,university students and campus life
10781,body position and movement
10782,"killing Lucky, protecting friends"
10783,`0` `mid` `INFO`
10784,fire and burning
10785,"event details: dates, locations"
10786,"numbers, ranges, and lists"
10787,on- or to-
10788,mathematical notation and structure
10789,how to verb
10790,csv files
10791,"numbers, punctuation, and specific contexts"
10792,part of
10793,numbers before punctuation
10794,detect import statements
10795,system
10796,doctors' titles
10797,continue reading →
10798,Guyana
10799,"legal, technical, or structured terms"
10800,represent followed by description
10801,determiner before nouns
10802,while clauses
10803,human experience
10804,Arabs took
10805,"> , ("
10806,meaning and interpretation
10807,object instantiation with new
10808,"creation, development, building"
10809,days of the week
10810,XML attributes and code snippets
10811,tennis players and tournaments
10812,numbers and citations
10813,"said, people, River, unhappy, Gerhard"
10814,experiences and successes
10815,"""Can"", ""UP"", ""Contact"", ""This"", ""Where"""
10816,people and their common associations
10817,looking and seeing
10818,"possessive terms or ""we"""
10819,indigenous peoples and heritage
10820,role or category
10821,"unmoved, steady, fearless"
10822,supplementary or auxiliary
10823,HTML tags and code structures
10824,last few items
10825,distances and measurements
10826,transportation and mobility
10827,JavaScript variable declarations
10828,tattoo
10829,descriptive noun phrases
10830,successful completion of actions
10831,as / like comparisons
10832,proc
10833,academic citation and multilingual words
10834,cubic-inch and horsepower
10835,"Microsoft Corporation, Oracle Corporation"
10836,"problems, costs, infection"
10837,crystallography and crystal data
10838,training and trained
10839,paths and routes
10840,questions and mathematical expressions
10841,ampersand and deletion
10842,gas generant materials and therapies
10843,"has, had, have, been"
10844,class constructors with initializer lists
10845,management and structure
10846,"same, identical, unchanged"
10847,C++ code related to Clang AST matchers
10848,corruption and political parties
10849,legal and policy contexts
10850,positive quality descriptions
10851,LaTeX commands and mathematical notation
10852,"Russian and English words, punctuation"
10853,amusement parks and attractions
10854,numbers and references
10855,stadiums and arenas
10856,java code and commands
10857,"numbers following ""age"" or ""aged"""
10858,"many, some, specific quantities"
10859,ch followed by 4
10860,technical terms and concepts
10861,0x sequences
10862,"Recycling program, January government, supra shoes, she sat, ailments"
10863,"comparing, analysing, and reporting results"
10864,analytical verbs
10865,"record types, xref type"
10866,currently doing or ongoing
10867,invented and pioneers
10868,trailing punctuation
10869,pronouns and possessives
10870,skill and competency
10871,forgetting
10872,"specific locations after ""at"""
10873,associated structures or relationships
10874,expected or failed events
10875,well ... ellipses
10876,comparing things
10877,events and appointments
10878,referring to specific items
10879,leaving from
10880,contradiction and impossibility
10881,HTML list items and tags
10882,references and citations
10883,capacity and sufficiency
10884,planning future events by dates
10885,complement and supplement
10886,null
10887,code syntax and structure
10888,conversational openings and continuations
10889,past observation
10890,protobuf fields and messages
10891,numbers and letters in parentheses
10892,refugee camp
10893,simply or simple explanations
10894,target following specific nouns
10895,black and dark shades
10896,quantified measured processed shielded formed felled amplified detected considered
10897,political weakening and pressure
10898,legislative acts and bills
10899,specific design purpose
10900,state of things
10901,comparing counterparts
10902,opening parenthesis followed by problem or code
10903,"Middle East, Cu, Radio, Vertical, Cattle"
10904,Administrativna AndEndTag
10905,f'th term or f word
10906,y= or y be
10907,specific nouns and concepts
10908,the word great
10909,to allow
10910,scarce in
10911,considered to be
10912,function call syntax
10913,expressing hope and wishes
10914,visiting places and people
10915,arithmetic operations
10916,mathematical notation and sequences
10917,identifying a problem
10918,class inheritance and definitions
10919,technical and academic citations
10920,"this, computes, code"
10921,official github links
10922,legal and governmental titles
10923,portable electronic devices
10924,listing items
10925,"issue of, issue with, issues arise"
10926,auxiliary verbs followed by common words
10927,subject verb followed by
10928,warfare and battles
10929,variable assignment or initialization
10930,game or contest performance ratings
10931,learning and beginner concepts
10932,past events and conditions
10933,gave rise
10935,grouping or categorization
10936,academic citation numbers
10937,selection or alternatives
10938,time units
10939,pass and passed
10940,Figure numbers or references
10941,body parts and medical contexts
10942,"retrieve it, read it, sees them"
10943,never or not followed by verbs
10944,position she hear assuming
10945,transferring or processing data
10946,academic citations and references
10947,"numbers, punctuation, proper nouns"
10948,referencing first items
10949,code assignment or function call
10950,numbers and percentages
10951,feeling honored and thankful
10952,technical terms and foreign words
10953,not followed by contrary ideas
10954,states and changes with specification
10955,"only, isolated, exclusively"
10956,technical terms
10957,calculating prime factors or gcd
10958,foreign words and technical contexts
10959,time periods
10960,predicting future events and outcomes
10961,programming and technical terms
10962,code syntax elements
10963,bug or issue
10964,attempts and efforts
10965,technical terms followed by context
10966,words starting or containing 'r'
10967,code and punctuation
10968,city and group names
10969,jobs and employment
10970,quotation marks and assignments
10971,end punctuation followed by word
10972,possessive pronouns and they
10973,nth term of a sequence
10974,words starting with j
10975,event / action event
10976,code identifiers and symbols
10977,on structures or positions
10978,variable assignments and declarations
10979,"argues against, obvious that"
10980,friends and friendship
10981,century nationalities
10982,organization locations
10983,need
10984,php database queries
10985,"keywords, references, and code structure"
10986,he/she/it said
10987,questions starting with does or is
10988,fiscal year
10989,issues and problems
10990,actions occurring during other activities
10991,code files and identifiers
10992,comma followed by introductory clauses
10993,neighboring entities
10994,metadata markers and technical content
10995,punctuation followed by conjunctions
10996,"Southampton, Park, Rockford, Hampshire"
10997,plotting versus or against
10998,abstract concepts and states
10999,game update AI
11000,of course
11001,"united, together, combined"
11002,"two studies, results, compounds"
11003,possessive pronouns
11004,words ending in ing
11005,Japanese verb endings
11006,numbers and four
11007,"urls ending in .gov, .org, .com, .edu, .ch"
11008,I know
11009,C/C++ code elements
11010,sequencing conjunctions and explanations
11011,mixed or dual concepts
11012,technical nouns
11013,described as
11014,if not
11015,section headings or introductions
11016,boxing and fighting events
11017,fires and traffic conditions
11018,geometric drawing and operations
11019,import statements
11020,AUD medication
11021,acting on behalf of interests
11022,tactical military operations
11023,"asm_facile, hapic, taskinginfo, cuponeNO, fe, debiasing"
11024,chemical elements and compounds
11025,acknowledgement and positive feedback
11026,quoted words or phrases
11027,client or funding source
11028,prediction did
11029,academic degrees
11030,causation or effect
11031,in + introducing word
11032,prompting you
11033,plenty of
11034,"looking, taking, speaking"
11035,communication and replies
11036,numbers and percentages
11037,verbs followed by prepositions
11038,S.Ct. numbers
11039,"`false`, `true`, `)`"
11040,simulated and realistic objects
11041,verbs indicating completion or change
11042,psychological research tasks
11043,has/have/had + past participle or noun
11044,we followed by verbs
11045,"however, which, as, because"
11046,code constructs like lambda or $
11047,names and organizations
11048,horizontal and vertical dimensions
11049,legal assertions or statements of fact
11050,@ parameter syntax
11051,so-called motion blur
11052,17
11053,paying money or attention
11054,religious and legal contexts
11055,relative clauses
11056,learning assignments and sessions
11057,vision issues and complications
11058,words meaning explanation
11059,programming class declarations
11060,indicating absence or negation
11061,Slavic languages and conjunctions
11062,was respectively
11063,XML attributes and code elements
11064,javascript function calls and HTML id
11065,the German
11066,code structures
11067,ultimate consequence
11068,I amgovernment viewsit might soundI couldhave gotten
11069,Nigeria and Nigerian topics
11070,phrases introducing new points
11071,Alle super
11072,stotra
11073,code snippets and programming languages
11074,now we need to
11075,some preceding nouns
11076,medical specialties and procedures
11077,technical identifiers and code context
11078,sacrifice and emotional distress
11079,programming constructs and Spanish words
11080,historical or foreign words
11081,methods and operations
11082,"probability, percentage, fraction"
11083,"properly, carefully, correctly"
11084,action parameter or interrupt line
11085,emptiness
11086,table cell tags or attributes
11088,friends or met
11089,punctuation and mathematical notation
11090,own thoughts / feelings
11091,influence toward achieving
11092,healthier states
11093,"pH, acidity, salts, and neutralization"
11094,physical processes and substances
11095,percentages or century
11096,business tycoon or billionaire
11097,future outcomes or predictions
11098,"feigned, faux, guise, apparent"
11099,descriptive categories and contexts
11100,player substitution
11101,simplicity
11102,public programming access keywords
11103,bank account
11104,java code and stack traces
11105,soil characteristics and properties
11106,quantifying scientific findings
11107,medical and scientific suffixes
11108,status assignment and status object
11109,MAC address
11110,display and coding
11111,measurable quantities
11112,geographic or structural features
11113,questionnaire structure interviews
11114,variable assignment and function calls
11115,either / both... and / or
11116,"I did, saw, thought, said"
11117,every followed by a noun
11118,attracts attention or more
11119,product description or attribute
11120,code snippets and mathematical expressions
11121,"organizers, authorities, developers"
11122,opportunities and upside
11123,legal citations and numbers
11124,noun followed by connector
11125,negative consequences and effects
11126,qualifying adverbs
11127,mathematical expressions
11128,within and child folders
11129,states or conditions
11130,state or structure followed by clause separator
11131,android horizontal layout row
11132,en or while
11133,download
11134,selection based on dependence
11135,completed beforejumper highending structures
11136,young people and youth
11137,Objective-C/Swift code snippets
11138,technical terms and symbols
11139,variety of features and items
11140,"HBV replication, viral RNA"
11141,spending and cost comparisons
11142,"can be, may be, are words indicating a state or possibility"
11143,intensity or magnitude
11144,degrees and institutions
11145,mathematical formulas and code
11146,introducing new points or transitions
11148,whatever desired choice
11149,programming code member access
11150,programming language keywords
11151,date or specific event
11152,first person subjective statements
11153,above or below
11154,card games and casinos
11155,vehicles recall affected
11156,describes historical and scientific processes
11157,verbs and articles after punctuation
11158,the following phrases
11159,is/has/are followed by noun phrase
11160,demographic analysis of patients
11161,celebrate specific occasions
11162,code structure tags
11163,also followed by actions
11164,creating or developing things
11165,historians and historical publications
11166,non-English words
11167,themed episodes
11168,municipal bonds issuance
11169,book titles and descriptions
11170,action verbs
11171,code structures and explanations
11173,foreign language words
11174,asking questions
11175,nodeId descriptor
11176,head city or winner
11177,license and permission
11178,mathematical expressions or specific contexts
11179,numbered pages and paragraphs
11180,mathematical expression computation
11181,technical terms and procedures
11182,"Tennessee Central, Kyutama"
11183,code structure punctuation
11184,markings or inscriptions on objects
11185,speed and rapidity
11186, nvidia
11187,activating on
11188,continue reading
11189,pandas dataframe
11190,"sphere, ball, round shapes"
11191,documents and official writings
11192,"founded, owns, started, launched"
11193,technical details and descriptions
11194,Halloween costumes
11195,every / each + noun
11196,By which
11197,and or
11198,phone numbers and contacts
11199,giving advice or lessons
11200,controlled voltage or current sources
11202,"foreign language identifiers, citations"
11203,advantages and benefits
11204,granting exceptions or exemptions
11205,beyond the
11206,"important, critical, crucial"
11208,electricity and energy costs
11209,numbers followed by units or punctuation
11210,just merely simply
11211,technical terms and descriptions
11212,saving or retaining information
11213,"code, numbers, punctuation"
11214,"in which, in your, In total, What is"
11215,academic journal titles
11216,pay structure
11217,phrases ending in punctuation
11218,conjunctions and pronouns
11219,numbers and formulas
11220,unusual or strange descriptions
11221,initial state or baseline
11222,-ing verbs with nouns
11223,buffer size
11224,unworthy or dirty judgment
11225,statements followed by negation
11226,proper nouns following commas
11227,findings and explanations
11228,et al
11229,"historical dates, company names, descriptions"
11230,positioning with
11231,evaluation of research
11232,gender and ethnic diversity
11233,lists verbs and nouns
11234,end of citation or reference
11235,code/math punctuation structures
11236,F_ and F
11237,Tucson Citizen
11238,"Omaha, Nebraska"
11239,readily produced
11240,academic and technical terms
11241,currentTime Millis
11242,"Apple, Android, iPhone, Samsung, devices"
11243,thanks to / during its
11244,process attribute values
11245,religious concepts and followers
11246,actions and outcomes
11247,greater than or exceeding
11248,Reuters financial news
11249,customer chatbot interactions
11250,operating systems and devices
11251,found contraband or cash
11252,finally
11253,edge nodes with labels like X
11254,parameters
11255,science and scientific fields
11256,delicious taste and flavour
11257,french imperative verbs
11258,foreign biography or legal terms
11259,by name
11260,knowing how or information
11261,titles with numbers or code
11262,left and right side
11263,allow for variations and complexities
11264,stopping
11265,was prevented from
11266,set of features
11267,file paths or code snippets
11268,"labeling, stamping, annotating, coating"
11269,FCC at
11270,representative or agent acting officially
11271,words ending in 'z'
11272,mathematical expressions with 'Let'
11273,scientific terms and foreign words
11274,account confirmation
11275,closing html tags
11276,future generations
11277,definition
11278,directed graph cycles
11279,musculoskeletal pain and conditions
11280,"falsehood, deception, or low quality"
11281,clause introducer
11282,parsing code and definitions
11283,API methods and JSON objects
11284,WSO2 IS email otp confirmation
11285,"Sh, Sha, Ch words"
11286,legal citation separator
11287,contrast and elaboration
11288,level or degree of outcome
11289,deities and God
11290,clauses following lists
11291,airflow limitation or failed to
11292,interference in elections or affairs
11293,"terms, investigation, well, collection, exposure, statistics, translated, considered"
11294,finding and discovery
11295,future actions or states
11296,motocross association
11297,HTML label and LaTeX \label
11298,mathematical notation with brackets
11299,Don Arkage is voiced
11300,C++ `std::pair` and `string` formatting
11301,describing previous or new items
11302,damage and injury
11303,numerical digit 8
11304,"years, periods, dates"
11305,words ending in tic or ic
11306,code import statements
11307,skills in demand
11308,a descriptive noun
11309,"roles, factors, patients, features, parameters, algorithms"
11310,merger and acquisition
11312,vehicle stationary
11313,door
11314,tried and tried
11315,rules and guidelines
11316,"Configure, Who, type, solid, two, test, linear"
11317,"profit, income, revenue"
11318,past participles and adjectives
11319,bible chapters and verses
11320,"interferon gamma, immunoglobulin G, eggy"
11321,sentence end then capitalize
11322,variable names for size or length
11323,for
11324,categories and lists
11325,choice or selection
11326,minimizing negative outcomes
11327,symbolic mathematical expressions
11328,collecting and reviewing published literature
11329,not possible
11330,survival
11331,helped boost
11332,department or ministry of
11333,much of its
11334,connecting words and phrases
11335,"reason why, can be solved, after receiving"
11336,"""E"" followed by numbers or punctuation"
11337,recording and saving information
11338,explaining past events or conditions
11339,acknowledgments and assistance
11340,increase or improve
11341,"validates, `do`, `: inclusion`"
11342,consistent with
11343,software development platforms
11344,"da, dal, danish, daikaan"
11345,specific entities and concepts
11346,explaining such conditions
11347,car racing and competition
11348,"monthly, quarterly, yearly periods"
11349,stop or pause
11350,magnetic field and lattice
11351,java exceptions in methods
11352,numbers followed by decimal points
11353,seeing or visual perception
11354,between two or more things
11355,hex codes and numbers
11356,poison or poisoning
11357,math tutoring and homework help
11358,departure or absence
11359,"legal, national, or scientific terms"
11360,can be
11361,black people and their ancestors
11362,recently
11363,scanner Flex generator
11364,technically classified or categorized
11365,"curl_init, curl_setopt, curl_close"
11366,units of measurement and names
11367,fortune cookie predictions
11368,companies and organizations
11369,dimensional spaces
11370,pages or citations
11371,chance to see or gain
11372,"role, purpose, and method"
11373,explaining
11374,either or varying distributions
11375,stories and interviews
11376,come followed by preposition
11377,crazy or insane
11378,numbers and percentages
11379,free offers and availability
11380,"articles, determiners, and similar words"
11381,lists describing characteristics
11382,subject to terms and conditions
11383,locations and measurements
11384,degree of quantification
11385,biggest/smallest value
11386,betweenness and pairwise calculations
11387,specific aims
11388,vegetarian and vegan food
11389,word endings
11390,playing cards
11391,UI text labels and messages
11392,end marker
11393,simulations and calculations
11394,pleaded guilty or not guilty
11395,programming code and mathematical expressions
11396,processes and measurements
11397,clear states or concepts
11398,less than comparison
11399,purpose or intent
11400,introduces reported speech
11401,"getting an, a, the, one"
11402,separator characters
11403,android resource identifiers
11404,movie ticket cinemas
11405,introducing points or steps
11406,Swift code assignment
11407,programming code and structure
11408,never giving up
11409,off
11410,fines for violations
11411,sports positions
11412,finding maximum values
11413,contact us at
11414,types of people or groups
11415,array environments
11416,gross description
11417,"great creative, unique form, most common"
11418,planning and organizing apps
11419,ordering quantities of items
11420,kill or murder
11421,mathematical and technical identifiers
11422,"consultant, studies, rendering, message, landscapes"
11423,introduces clause
11424,nginx server configuration
11425,"idx, code, sup"
11426,numbers followed by %
11427,storage and hardware components
11428,names followed by last names
11429,court decisions and outcomes
11430,"progressive leader, extreme yet, Jamaican drug, antibacterial agent"
11431,mathematical notation with indices
11432,tools and lists
11433,reading input in code
11434,crimes and wrongdoing allegations
11435,psychology and neuroscience
11436,3D geometry and rendering
11437,opinion
11438,immediate responses or results
11439,"your cookie, may turn"
11440,exception handling variables
11441,instructions to proceed
11442,former national political figures
11443,needed to lie down
11444,hexadecimal numbers
11445,specific times of day and day names
11446,act of receiving
11447,consequence or conclusion
11448,recommendations and warnings
11449,meaning of life
11450,react
11451,functional code expressions
11452,places and associated terms
11453,method/function calls
11454,scores followed by outcome
11455,code and software development
11456,foreign language words
11457,numbers and measurements
11458,GetLocalStatePrefs
11459,division by two
11460,sports roles and management titles
11461,"R Kelley, DENV, TKI"
11462,leaving or departing
11463,code documentation and programming constructs
11464,override or future
11465,what happened
11466,additional information
11467,True relationship
11468,beer and pub food
11469,connecting diverse elements
11470,if followed by parenthesis
11471,small discrete objects
11472,API search URLs and data fields
11473,numbers and punctuation in citations and references
11474,mathematical notation delimiters
11475,recounts stories
11476,"benefits, gains, cost, loss"
11477,variable assignment and modification
11478,equal outcomes or scores
11479,if you are ...ing verbs
11480,wiring and connection points
11481,hexadecimal or foreign locations
11482,HTML structure and content
11483,free downloadable content
11484,general and common concepts
11485,cannot be
11486,hexadecimal or file paths
11487,constructor or programming class constructors
11488,comparative possessives
11489,identifying and listing specific items
11490,fractions and scientific notation
11491,be + past participle or adjective
11492,times followed by numbers or variables in math/code
11493,legal and financial terms
11494,political party leadership
11495,explaining what things are
11496,contact followed by information or recipient
11497,Category film genres
11498,prepare for
11499,analytics and tracking code
11500,"years, centuries, plaintiff, she"
11501,defines and code constructs
11502,research study participants
11503,offers or needs
11504,Daniel said
11505,TV shows and movie titles
11506,semicolon separators
11507,to [verb] [concept]
11508,"None, Done"
11509,updating processes
11510,"code, math, archaic spellings"
11511,had no effect or showed a difference
11512,ortho para in vivo
11513,genes and encoding
11514,we or our
11515,describing duration or acquisition
11516,digits and units after words
11517,"progression, growth, or evolution"
11518,programming identifiers
11519,if statements and code blocks
11520,reliance and dependence
11521,"numbered tokens like 2, 3, or 1"
11522,medical conditions and processes
11523,one or ones
11524,beginning of a phrase
11525,"just so, just look, just want"
11526,unique identifiers or numbering
11527,activities and their outcomes
11528,graduating from academic programs
11529,separator for names and titles
11530,legal / technical terms
11531,outing and activities
11532,associated with
11533,degree of comparison
11534,$\kappa_{\mathrm{ex}}$ or $\kappa_{\mathrm{in}}$
11535,Press or numbers
11536,political and technical terms
11537,mathematical equations and variables
11538,units of measurement
11539,numbers or code snippets
11540,preparing for future events
11541,biological systems and networks
11542,original
11543,view
11544,additional or added features
11545,"look in, when handled, viewed, in person, Reduced to, America Internal"
11546,hope and encouragement
11547,before something occurs
11548,figures and groups
11549,contrasting conjunctions
11550,linking contrasting or conditional phrases
11551,names and last names
11552,"travel, journey, trip, trail"
11553,mathematical definitions and formulas
11554,logical entailment
11555,named cases and people
11556,code delimiters and symbols
11557,jump and related actions
11558,suitable / appropriate
11559,foreign or archaic words
11560,chat prefixes
11561,"number of, more"
11562,positive evaluations followed by outcomes
11563,"so is, so does, so did"
11564,ready and prepared for needs
11565,said 
11567,told to say
11568,"please feel, request"
11569,"via, through, by means of"
11570,"return, code, property, identifier"
11571,item options or pathogen extinction
11572,"numbers, code, and connections"
11573,past tense verbs followed by prepositions
11574,"point, file size, 9"
11575,potential hazards and safety
11576,military command and units
11577,legal citations and specific terms
11578,hexadecimal constants
11579,quantities and counts
11580,scientific intervention studies
11581,past roles and occupations
11582,"finally, hopefully, solved"
11583,signal definitions
11584,non- words
11585,code and punctuation structures
11586,record and records
11587,non-English or mathematical characters
11588,pictured image
11589,latest Regency romance novel
11590,matrix notation
11591,numbers and zero references
11592,all rights reserved
11593,formal or academic phrasing
11594,innovative technology features
11596,"but not, nor"
11597,parameters and quantities
11598,finding optimal solutions
11599,numbers and mathematical expressions
11600,common words with specific following tokens
11601,present study context
11602,construction materials
11603,programming method definitions
11604,expression of thanks
11605,programming and technical terms
11606,medical conditions and diseases
11607,arithmetic exam questions
11608,dishes and cuisine
11609,places and technical terms
11610,specific
11611,archived content or original file
11612,safety
11613,arrival at a place or time
11614,layman's explanation
11615,url-related properties
11616,mathematical/statistical processes
11617,playing or manipulating
11618,victims or negative outcomes
11619,"adorable teddy, traditional red"
11620,United States Patent
11621,opening files in code
11622,hiring professionals
11623,naming entities or roles
11624,"– followed by- followed by, followed by3 followed by"
11625,rural areas and farming
11626,"its, the, for, and"
11627,second member
11628,child behaviour
11629,programming language keywords
11630,"pastas, hosts, leaders, half, DCs, counsel, worst, Sky"
11631,pain and suffering
11632,reporting news sources
11633,duration or time periods
11634,"shoe prints, soles, and toes"
11635,third person plural pronouns
11636,"of seven, of the season, of all"
11637,action verbs following conjunction
11638,"Hank, Henk, Bang, Teng"
11639,frequent visits
11640,machine learning estimators
11641,coordinate and code fragments
11642,academic publication type
11643,code and important phrases
11644,code structure delimiters
11645,summarize or sum up
11646,converting string to lowercase
11647,interact with or meet
11648,losing something
11649,"programming, technical terms, and code"
11650,"requires, desirable, week, 2"
11651,code snippets and structure definitions
11652,Monogram Biosciences
11653,patent numbers (digits with commas)
11654,"Edo State, Eindhoven"
11655,search results and images
11656,"Skill Kyutama, computer Bindings"
11657,is followed by descriptive adjectives or nouns
11658,initials and abbreviations
11659,eurozone economics and Brexit
11660,words after commas
11661,names and associated details
11662,carried out
11663,"abbreviations (MP, CP, IS, TF, YD)"
11664,variable assignments in code
11665,"snatched victory, winning"
11666,"preposition ""by"""
11667,people's names and family relationships
11668,"life, powers, work, finances, information"
11669,not describing conventional
11670,until
11671,"NA, none"
11672,interest followed by in
11673,"hand, hands"
11674,code structure
11675,such as or treatment
11676,comfortable private rentals
11677,"just, simple, mere"
11678,HTML and code structure
11679,provided that
11680,HTML tags
11681,holidays and festivals
11682,lifecycle policy schedule rule
11683,opening phrases
11684,references to figures and tables
11685,code snippets
11687,so-called definitions
11688,import and export
11689,technical terms and acronyms
11690,Danish century references
11691,people roles and their actions
11692,checking if already created
11693,words starting with comp
11694,copy or clone
11695,| separators
11696,moments and minutes
11697,technical or academic text sections
11698,scores out of 5
11699,political scandal and finance
11700,logo and brand identity
11701,legal and technical document structure
11702,references in brackets
11703,isn't really
11704,longer than or smaller than
11705,"conjecture, indicate, acknowledge, refer, doubt, presuppose"
11706,exposure to
11707,listing measurement intervals
11708,"software, frameworks, and technical terms"
11709,patent claims or definitions
11710,brain and neuroscience
11711,describing effectiveness and outcome
11712,N or n capitalization
11713,constituency boundaries district
11714,URL addresses and base URLs
11715,"burgers, fries, cheese, ice cream"
11716,the subject concept
11717,file formats and extensions
11718,"family history, father died, lawyer can"
11719,patient characteristics and details
11720,numerical data fragments
11721,online meetings and virtual events
11722,"numbers, units, mathematical symbols"
11723,opening quotes and numbers
11724,DCG model
11725,"eat too, 's, .7"
11726,too much or excessive
11727,code components and libraries
11728,"patch, wish, or ARCH"
11729,amateur clubs and meetups
11730,value of configuration
11731,"questions starting with ""what"""
11732,connecting words and subsequent terms
11733,visual design elements
11734,certificate of citizenship
11735,"renegade, Cec, Hem, helium, févier, décember"
11736,American
11737,log prefixes and code metadata
11738,the followed by nouns
11739,complex and complicated
11740,"acquisition depth, recording solution, study data"
11741,"code, region, or items"
11742,presently `with` wins `over`
11743,existence and necessity
11744,buying and selling
11745,selection and UI buttons
11746,end punctuation or conjunctions
11747,19th century dates
11748,Best awards and accolades
11749,first occurrences and origins
11750,preposition following noun/verb
11751,fellow human beings
11752,"concepts following ""its"" or sentence end"
11753,names of people and actors
11754,else blocks and alternates
11755,java gui event handling
11756,if you
11757,hexadecimal numbers and mathematical expressions
11758,child abuse and neglect
11759,Russian election interference conspiracy
11760,expressing thanks and hope
11761,java imports and code
11762,numeric or gendered versions
11763,foreign words and age groups
11764,LaTeX and programming syntax
11765,leading or heading an entity
11766,due to / because of
11767,external stimuli response
11768,numbers and codes
11769,railway stations
11770,retrieved date references
11771,mathematical expressions with multiplication
11772,"authorities murdered, abroad currency"
11773,.
11774,"lists, code, and conjunctions"
11775,previous or last
11776,ohio cities
11777,future progression or arrival
11778,special characters and formatting
11779,technical compound nouns
11780,depression and mental health conditions
11781,comma followed by digits
11782,language fluency and skills
11783,people joined to teams
11784,enabling actions or outcomes
11785,technical terms and concepts
11786,preposition indicating a point
11787,django framework
11788,"effect was, actual hole, can be, thinks that, rely on"
11789,copyright symbol
11790,construct or find mathematical objects
11791,technical or foreign words
11792,I would guess
11793,research findings and methods
11794,conjunctions and separators
11795,between phrases
11796,regular expressions and patterns
11797,research analysis and study
11798,legal and technical terms
11799,hacker can maliciously add
11800,alphanumeric sequences and code-like terms
11801,adjectives describing past occurrences
11802,html documentation structure
11803,Kanye Om
11804,followed by primarily or location
11805,array initialization or declaration
11806,thanks for your help
11807,understanding and empathy
11808,immediately following
11809,benefit or increase
11810,machine learning instances and classification
11811,any word in any language
11812,active followed by noun
11813,not only... but also
11814,boolean or null assignments
11815,confirm or deny prompt
11816,event and argument handling
11817,speech acts and declarations
11818,accurate spatial measurement
11819,numbers and units
11820,next life concepts
11821,size and age descriptors
11822,Greek clinics aiming at
11823,"figures, equations, or sections"
11824,just introduces statements
11825,"radio, doped, actin, prote, medication, gene, medicinal, resist"
11826,making and made
11827,bio-medical research/substances
11828,right now
11829,truck parts and types
11830,numerical ranges and classifications
11831,a new / all these / ){ref / =red
11832,specific chemical compounds
11833,pray and prayer
11834,students
11835,contrastive conjunctions
11836,technical applications and personnel
11837,junit and unittest testing
11838,"subverted, legitimate, appends"
11839,and or conjunctions
11840,auto and automated settings
11841,against opposition
11842,plural or compound nouns
11843,a followed by adjective
11844,the noun/ordinal
11845,"at followed by demonstrative, article, or context word"
11846,by followed by actions or agents
11847,"less, least, unless"
11848,reflected in
11849,hanging or suspended
11850,casino games
11851,AI and robotics
11852,data structure properties and membership
11853,news reporting and foreign language
11854,mathematical expressions and citations
11855,ability of
11856,reality tv shows
11857,hexadecimal addresses and codes
11858,contrast and concession
11859,vote based on criteria
11860,will followed by verbs
11861,movement and direction
11862,sequence following an event
11863,mathematical calculations
11864,time intervals and sequences
11865,- and glu
11866,"programming, games, and history"
11867,geographical features and abbreviations
11868,focusing on or referring to
11869,desktop computer settings
11870,item or items
11871,UUIDs or product codes
11872,Key components
11873,technical or foreign terms
11874,bracketed references
11875,legislative bodies and their actions
11876,pronouns and lists
11877,readiness for action
11878,year and sports context
11879,gene therapy
11880,city names followed by punctuation
11881,advantage through
11882,replace the
11883,web addresses
11884,"mean, median, average"
11885,from the beginning
11886,written information and context
11887,time of incident
11888,help with others
11889,"collision course, owner versus"
11890,initials and abbreviations; specific context suffixes
11891,code syntax
11892,vitamin and mineral deficiency
11893,leading phrase or number
11894,confidence intervals and percentages
11895,gathering or assembling information
11896,"entity starts, specific names"
11897,bold mathematical notation
11898,describes actions and outcomes
11899,image urls and file paths
11900,grassland and meadow vegetation
11901,cannot be quantified or described
11902,or even
11903,assigning values
11904,proper ground
11905,appears or is evident
11906,mathematical expressions with variables
11907,half and fractions
11908,mentions and technical terms
11909,pronoun followed by would/verb
11910,set of
11911,the followed by specific nouns
11912,issuing formal statements or letters
11913,academic citations and references
11914,no such
11915,single core
11916,future outcomes and capability
11917,maximum number or limit
11918,code sections or expressions
11919,mountainous regions
11920,`interface output queue is full`
11921,we can offer
11922,SQL query components
11923,Pearl Harbor attack
11924,code blocks and programming constructs
11925,difference between things
11926,sentence punctuation
11927,object instantiation and method calls
11928,Officer names
11929,code identifiers and variables
11930,sustainability strategy and initiatives
11931,yesterday and technical fragments
11932,island and archipelago
11933,mathematical definitions introduced by where
11934,file extensions
11935,by then writer or reporter
11936,"liquids, fluids, or matter in liquid state"
11937,run variations
11938,total followed by quantity
11939,communicating regulations and education
11940,"unaware, ignorant, surprise"
11941,verbs in multiple languages
11942,hold its own
11943,not any
11944,mathematical notation with hats
11945,acronyms with following punctuation/numbers
11946,"handling, drive motion"
11947,negative outcomes and injuries
11948,movement and direction
11949,protected override void
11950,church ministry and authority
11951,positive descriptions of skill
11952,possessive pronouns/determiners
11953,museums or botanical gardens
11954,transport of two
11955,conditional or speculative statements
11956,math and code variables
11957,"reports, says, indicates"
11958,special characters and separators
11959,the followed by proper nouns
11960,incubation at temperature and time
11961,classified as
11962,"heating, flash, driving"
11963,departures from stations
11964,diversity and variety
11965,court orders or rulings
11966,other [noun]
11967,names of people and places
11968,recipes and measurements
11969,speeches to audiences
11970,mathematical operations and special characters
11971,mathematical and code contexts
11973,artisanal eateries and boutiques
11974,volume and area calculations
11975,product names and acronyms
11976,hypothesis leading to technical subjects
11977,promise or threat
11978,HTML tags and code attributes
11979,forced to
11980,injured/wounded/hospital treatment
11981,"fight, battle, or combat"
11982,"Utah, Mormon concepts"
11983,hex codes and abbreviations
11984,code structure and numbers
11985,static let ` or `static file`
11986,"coding operations (load, create, list)"
11987,first names followed by surnames
11988,various descriptive categories
11989,referring to multiple items
11990,adjective followed by a role
11991,evaluating measurements and performance
11992,either/or conjunctions
11993,"race, poverty, ideals, technical terms"
11994,grandchildren and grandsons
11995,scientific and technical terms
11996,function calls made with arguments
11997,Declaration of
11998,prepositions followed by articles
11999,completion
12000,planning development restrictions
12001,enum definitions
12002,code and special characters
12003,closing punctuation and code structures
12004,if then
12005,programming language keywords
12006,TPCP maps and Si concentrations
12007,setting script modification
12008,"CEO, founder, director"
12009,citizenship requirements
12010,Illinois legal citations
12011,measures of quantity and duration
12012,ionization by low energy particles
12013,names and gendered relationships
12014,separating parts or listing alternatives
12015,measurement units
12016,"parts, units, business, functions, percentage, magazine"
12017,statistical analysis and categorical data
12018,"gen categories, a phenotypic"
12019,"outside, non-"
12020,end of statement punctuation
12021,HTML dividers and code output
12022,Category rugby union
12023,numbers followed by abbreviations or punctuation
12025,to [audience/readers]
12026,geographical regions
12027,above noun
12028,names of people and places
12029,C++ header and code constructs
12030,ysone
12031,any or other such
12032,jquery javascript selectors
12033,introduces names or definitions
12034,van der scientific names and acetic acid
12035,mathematical notation and code snippets
12036,cultivation and production
12037,not noticeable or hidden
12038,references and citations
12039,des followed by French articles or prefixes
12040,was followed by a verb
12041,debug messages and logs
12042,official views
12043,legal and regulatory requirements
12044,sleep disorders and sleep apnea
12045,citations involving years
12046,conjunctions introducing caveats
12047,young or adult offspring/family
12048,"human studies, cases, migration, pathogens"
12049,alternatives
12050,assigning meaning
12051,solo LP
12052,initials followed by words
12053,. or [ followed by text
12054,total statistics
12055,"decided, eventually, finally"
12056,solution
12057,"reminders, challenges"
12058,connectors and separators
12059,objective-c super calls
12060,"previously, recently, already"
12061,biological and technical terms
12062,names of actors or roles
12063,mentions of file
12064,URLs and file paths
12065,verbs and endings like -ing or -ed
12066,childhood early education
12067,class followed by definition
12068,"structures can, luck next, access to"
12069,financial geographical mathematical code
12070,introducing aspects or conclusions
12071,defining concepts and terms
12072,"hold them, not function, they can"
12073,Niches selecting users
12074,jeweils or respectively
12075,legal document analysis
12076,entity properties
12077,correct things
12078,past self and persona
12079,mathematical notation ($$) and code
12080,conjunctions and listed conjunctions
12081,compound noun phrases
12082,code comments
12083,events after
12084,also introducing additional points
12085,"per cent, United States"
12086,"art makes me happy, artistry can heal"
12087,combination and mix
12088,the followed by a noun
12089,"experience after visit, interview, driving"
12090,CSS/XML margin properties
12091,playoff games
12092,citations and years
12093,numbers and symbols
12094,influencing consumers arguments
12095,possessive pronouns
12096,outengineer startingfindproducer
12097,prime factors of numbers
12098,had to do
12099,get/set accessors
12100,"laparotomy, Stdout, K, POPC/POPG, Desert Storm, Data Streams"
12101,"mainly, partly, largely"
12102,push
12103,referring to descriptions above
12104,still
12105,leading provider of high technology
12106,StringBuilder and Buffer
12107,where followed by situation
12108,simultaneous/concurrent
12109,spatial proximity near locations
12110,to pursue interests
12111,code formatting and identifiers
12112,important note about
12113,repeated properties in code structures
12114,similar to or resembling
12115,the only way
12116,pro- vs co-
12117,in-person interviews
12118,comparison operators and inequality
12119,in addition to
12120,"above, below, and over"
12121,picking up or removing items
12122,"PB, List, theta, owners, lambda, b, role"
12123,medical and scientific terms
12124,chemical reaction formation
12125,future plans and strategies
12126,code identifiers and delimiters
12127,characteristics and tendencies
12128,list item marker or markdown heading
12129,difficulty reaching
12130,programming route definitions
12131,efficient system
12132,the primary reason or key attribute
12133,trucks and heavy machinery
12134,"Gregory looked, laughed, hesitated"
12135,proper nouns and identifiers
12136,we/our/ourselves
12137,code declarations and modifications
12138,list of abbreviations and definitions
12139,need assistance
12140,precedes or starts
12141,boy or girl
12142,names and titles
12143,descriptor-noun pairs
12144,governmental entities and actions
12145,"class attributes, on the, or Ren, and RNA"
12146,positive descriptions
12147,>= comparisons
12148,reporting factual information
12149,end of sentence
12150,names followed by verbs
12151,code and symbols
12152,never
12153,country names and parentheses
12154,showing figures and results
12155,comparing sameness or difference
12156,pronouns followed by verbs
12157,driving or being driven
12158,sending to destinations
12159,scientific terms followed by definitions
12160,subjects or items
12161,animation and transitions
12162,"TX, RX, CONTROL"
12163,questions or code blocks with punctuation
12164,charges and fees
12165,conditional logic or return values
12166,disappointment and dissatisfaction
12167,sustained injury from errant
12168,code and technical terms
12169,golf tournaments and PGA
12170,amount of
12171,note that
12172,future and ongoing states
12173,as followed by various phrases
12174,white followed by nouns
12175,travel and portable items
12176,team performing actions or projects
12177,places and dates
12178,we reporting research findings
12179,course no doubt
12180,mathematical exponents and symbols
12181,such as
12182,initials followed by periods
12183,outcomes differing from expectations
12184,quantity or degree followed by specifics
12185,"processes, factors, competence"
12186,public buildings and institutions
12187,method calls and assignments
12188,ellipsis and continuation
12189,prepositional phrases for purpose
12190,schizophrenia and psychiatric conditions
12191,submit and details requirement
12192,glad for you
12193,abbreviation or chemical suffix followed by a noun
12194,formal titles
12195,new instances of classes
12196,phrases starting with common words
12197,LaTeX formatting and math notation
12198,agent and host
12199,hypothetical scenarios and alternative worlds
12200,member of a club
12201,"end of statement, beginning clause"
12202,requests and inquiries received
12203,assembly and library loading
12204,democracy cannot
12205,logical consequences
12206,included in
12207,having fun with activities
12208,scenery and landscapes
12209,version number or identifier
12210,ways to do something
12211,superlatives and ordinal words
12212,foreign words and licenses
12213,repeated mathematical symbols
12214,"AIM, leq, MAX"
12215,measures of proportion
12216,null or nil values
12217,programming language syntax
12218,"founded, formed, established"
12219,neural networks learning and training
12220,resuming or restoration
12221,financial documents and forms
12222,formatting around text segments
12223,descriptive evaluation
12224,multiplicity and dimensionality
12225,"nerve, pathways, receptor, block"
12226,similarities and connections
12227,nanoparticle fabrication and characterization
12228,people named to roles
12229,sentiment and consequence adverbs
12230,or introducing different possibilities
12231,referencing figures and tables
12232,calculate -
12233,combat weapons and tools
12234,self-referential statements
12235,personal statements and opinions
12236,states and descriptions
12237,seize opportunity
12238,"Republican candidate, harm, condition"
12239,protein analysis
12240,foreign language or technical terms
12241,"is a form of ""to be"""
12242,"Islanders, CS, Kanteen"
12243,when / whenever / during
12244,positive abstract qualities
12245,decomposed into parts/sums
12246,words ending in 'o'
12247,doesn’t
12248,mathematical comparisons with operands
12250,"I think, I am, I have"
12251,economic and legislative events
12252,"genetic code, ionic liquids, gene expression"
12253,astronomy accretion astrophysics
12254,"hostile behavior, did not"
12255,prepositions followed by activities or states
12256,words indicating finality
12257,materials used in objects
12258,feel like
12259,come/comes followed by preposition
12260,numbers and symbols
12261,"other, and others"
12262,information is listed or posted
12263,citations and numbers
12264,"code delimiters including `fi`, `else`, `)`, `}`"
12265,code structure and definitions
12266,object parameters and options
12267,age and aging
12268,medical events and recovery
12270,SQL VALUES clauses and code assignments
12271,"exception, amendments, factor, two"
12272,but followed by contrast
12273,acronyms and their follow-on parts
12274,explaining why
12275,interjections and conversational sounds
12276,adding information
12277,specialization in fields
12278,com class imports
12279,multi-lingual punctuation
12280,division and remainder
12281,directory and file paths
12282,consumption during lockdowns
12283,"that is, that something"
12284,described as
12285,but and contrast
12286,mathematical expressions and version identifiers
12287,names and technical terms
12288,declaring constants
12289,applications in industries
12290,words starting with re
12291,date and time formats
12292,rural household activities
12293,"""But"" introducing contrast"
12294,javascript querySelectorAll
12295,combining numbers and proportions
12296,"phrases starting with ""with"""
12297,financial news about taxes and legal matters
12298,javascript libraries and UI components
12299,punishment justified
12300,he was and won
12301,handles and emails
12302,programming terms and phrases
12303,contrasting conjunctions or affirmations
12304,discovery and revelation
12305,actions linked by and
12306,sports positions and names
12307,delete and its consequences
12308,"places like hospitals, clinics, airports, banks"
12309,"daily, weekly, monthly"
12310,en french phrases and technical terms
12311,founder lifespan lifetime lifelong
12312,in or after specific words
12313,mostly prevalence
12314,kids and parenting
12315,get it wrong
12316,a little bit
12317,"the rates, relevant, two"
12318,news announcements and timings
12319,defining conditions or examples
12320,develop long-term cooperation
12321,software and applications
12322,skilled professionals and services
12323,retail store operations
12324,scored statistic
12325,"creating, consuming, posting"
12326,specific sectors and fields
12327,"thinksThe user wants me to explain the behavior of a neural network neuron based on four provided lists.The explanation needs to be concise, between 3 and 20 words.I need to find a pattern common in the lists.Let's analyze the lists:*   **MAX_ACTIVATING_TOKENS**: `)+`, `length`, `(`, `length`, `len`, `(`, `len`, `,`, `len`, `==`, `len`.    This list contains tokens like 'length' and 'len', often associated with getting the size or length of something. It also shows parentheses `()` and commas `,`, common in function calls or declarations related to lengths. The `)+` and `==` might suggest operands or comparisons.*   **TOKENS_AFTER_MAX_ACTIVATING_TOKEN**: `ht`, `strlen`, `=`. `len`, `=`. `=`. `len`, `;`. `result`, `;`.    This list also shows 'len' and 'strlen', further reinforcing the idea of length calculation. It also includes assignments (`=`) and semicolons `;`, common in code. `strlen` is a direct function for string length. 'ht' and 'result' are less clear on their own but could be part of code context.*   **TOP_POSITIVE_LOGITS**: `length`, `size`, `lengte`, `longueur`, `Length`, `tamaño`, `Length`, `lengths`, `length`, `sizes`.    This list is very strong. It contains variations and synonyms of ""length"" and ""size"" in English and other languages (Dutch: 'lengte', French: 'longueur', Spanish: 'tamaño'). This strongly suggests the neuron activates for concepts related to length or size.*   **TOP_ACTIVATING_TEXTS**: This list shows code snippets.    - `udp->len=htons(sizeof(struct udphdr)+strlen(data));` -> uses `len` and `strlen`.    - `size_t length = JSStringGetLength(resultStrRef);` and `char buffer[length + 1];` -> uses `length`.    - `EncodedLen(len(v.Data)))` -> uses `len`.    - `const size_t length = strlen(resource_str);` -> uses `length` and `strlen`.    - `size_t match_len = (pmatch[0].rm_eo - pmatch[0].rm_so);` -> uses `match_len` which implies length.    - `make([]byte, base64.StdEncoding.EncodedLen(len(v.Data)))` -> uses `len`.    - `if (len == 0)` -> uses `len`.    - `s = make([]uint16, 0, len(bmpString)/2)` -> uses `len`.    - `__be16 len;` -> uses `len`.    - `__be32 len;` -> uses `len`.    - `result_len + 1); assert(strlen(anonymous_symbol) == result_len` -> uses `result_len` and `strlen`.**Pattern Synthesis**:The overwhelming pattern across all lists, especially `TOP_POSITIVE_LOGITS` and `TOP_ACTIVATING_TEXTS` (which contains code related to lengths and sizes), is related to the concept of ""length"" or ""size"". The `MAX_ACTIVATING_TOKENS` and `TOKENS_AFTER_MAX_ACTIVATING_TOKEN` lists reinforce this with tokens like `length` and `len`, and related functions/operators like `strlen`, `=`, `;`.**Constraint Checklist & Confidence Score**:1. Concise explanation (3-20 words)? Yes. length and size calculations"
12328,committee and board roles
12329,"University of Texas, mountains, Kuhlmann, Office, Taylor, supreme court"
12330,introduces results or reasons
12331,Go function definitions
12332,technical identifiers
12333,Econometrica citations
12334,bitwise operations and formulas
12335,"likewise, whereas, vs"
12336,SEO and website optimization
12337,books and authors
12338,closing brackets and parentheses
12339,Kansas law
12340,Western mainstream culture
12341,factor of
12342,names of authors and historians
12344,French article followed by technical terms
12345,demanded integral part
12346,other two
12347,install BlueStacks
12348,programming and technical terms
12349,iran nuclear weapons
12350,have seen
12351,"lives in, who have, activists who"
12352,sex and nudity
12353,programming and licenses
12354,hexadecimal character sequences
12355,make/file/boost actions
12356,list of
12357,method parameters
12358,first derivative of
12359,it was time
12360,about
12361,or other
12362,home and related contexts
12363,UI text display elements
12364,code and math notation
12365,"JSON files, order state, layoutparams"
12366,play a role
12367,for numerical values
12368,ijer ph
12369,structured data keys
12370,body and related physical concepts
12371,Stinger and Kyuranger characters
12373,forum and discussion spaces
12374,verbs making statements followed by clauses
12375,what changed or is new
12376,skills and knowledge
12377,lists of attributes
12378,Nuclear stopping
12379,processing received data
12380,"fever Right, themed Kyu, crisis, article"
12381,governance and public duty
12382,having or possessing
12383,prepositions of position
12384,also / and similar words
12385,depending on context
12386,"to no, to do, to say"
12387,code and technical terms
12388,variable declaration and assignment
12389,of [noun/descriptor]
12390,mean ± standard deviation
12391,JavaScript controller errors
12392,programming and math notation
12393,drug name suffixes or acronyms
12394,out of
12395,belief and conviction
12396,"deputy, _vc, set of"
12397,tent or hoop
12398,technical and specific outcomes
12399,company or historical entity
12400,policy and economics briefings
12401,plural nouns followed by articles
12402,"""this"" followed by a noun"
12403,category and external links
12404,as you can see above
12405,technical identifiers and code fragments
12406,and / therefore
12407,"highlights, moments, incidents"
12408,currency codes with three letters
12409,access and telephones
12410,code comments and symbols
12411,artist or art related
12412,happenings and occurrences
12413,synaptic plasticity and LTD
12414,sports seasons and achievements
12415,"nozzle part, they studied"
12416,basque country and language
12417,biological and technical terms
12418,inspired by
12419,showing research findings
12420,in addition to
12421,introduces role or basis
12422,please contact or email
12423,references in many languages
12424,numbers and measurements
12425,code syntax and numbers
12426,country and affiliation markers
12427,is governed by license
12428,forearms nose cough positive
12429,"the agent, object, file, substrate"
12430,closing parentheses and semicolons
12431,North Carolina cities and courts
12432,descriptive phrases and clauses
12433,abbreviations and technical tags
12434,articles and prepositions
12435,At followed by phrases
12436,begin action or state
12437,terrain and landscape features
12438,mathematical and scientific notation
12439,programming components and directives
12440,restore order or fix problems
12441,multiplication and arithmetic operations
12442,if statements checking properties
12443,code syntax elements
12444,C/C++ preprocessor directives
12445,Tetsuya Nakashima
12446,asynchronous code execution
12447,enhance or increase effect
12448,string manipulation in code
12449,mobile and portable things
12450,resistin and lung adenocarcinoma EMT
12451,instructions or steps
12452,variable names and string literals
12453,French and Japanese technical phrases
12454,items in a collection
12455,he was
12456,i don't know/have
12457,paying for services or goods
12458,if
12459,"programming data structures: arrays, lists, maps"
12460,function/variable declarations
12461,any anytime
12462,calmness and peace
12463,presence and location words
12464,android semiconductor usages
12465,prepositions followed by possessive pronouns
12466,liking a statement or quality
12467,IP address or volume information
12468,business names
12469,between two entities
12470,requests for personal experiences
12471,based upon
12472,`SerializedName` or `json` annotations
12473,programming result assignments
12474,sacrifice
12475,"internet that, American interests, shaped wiring"
12476,locations following prepositions
12477,approximations and comparisons
12478,proper nouns following punctuation
12479,committee and similar bodies
12480,people leaving management positions
12481,PHP code snippets
12482,youth sports talent scouting
12483,biological and scientific examination
12484,neoliberal narratives and discourses
12485,with no or many
12486,assignment operators and punctuation
12487,technical contexts
12488,I followed by verb
12489,ear sound
12490,one of the
12491,data array indexing
12492,pronoun followed by past tense verb
12493,special characters and code constructs
12494,advice and seeking solutions
12495,closing code blocks and statements
12496,technical terms followed by common verbs
12497,child related play and activities
12498,quantifying cases
12499,events held during dates
12500,null checks
12501,"Ram, Larsson, Ministry"
12502,reporting speech
12503,international scope
12504,code snippets and structured data
12505,this followed by verb or noun
12506,QuantiGene mRNA measurement
12507,list items and code
12508,emotions preceded by prepositions
12509,simulating electromagnetic transforms applied
12510,"image file extensions""}"
12511,and/or followed by description
12512,managed to achieve
12513,Solve equations or scientific terms
12514,evaluating sufficiency or quality
12515,"results, data, present, experimental"
12516,substituting equations and formulas
12517,media reporting and sources
12518,even more
12519,mathematical expressions and code definitions
12520,diverse collections
12521,US place names
12522,such as
12523,occurrence frequency
12524,"profiled, categories, and identifiers"
12525,code construct delimiters
12526,single/alone
12527,contrastive conjunctions then continuation
12528,Assuming or sounds likely
12529,over or bar
12530,"items, invoices, or cart contents"
12531,job opportunities
12532,items before commas
12533,has been for years
12534,proper names
12535,temperature and weather
12536,complex or difficult situations
12537,automated machines and apparatus
12538,even followed by contrast or concession
12539,professional titles and types
12540,those/these/this followed by noun
12541,numeric sequences and citations
12542,integer indexing with braces
12543,important matters and consequences
12544,code following special characters
12545,place names following action nouns
12546,getter methods
12547,Introductory phrases in multiple languages
12548,qualities and states
12549,comprehensive detailed descriptions
12550,web links and specific entities
12551,book titles and stories
12552,manual operation modes
12553,physical inscriptions and stamps
12554,lists with specific items
12555,formal review or legal terms
12556,most + adjective
12557,specific following words
12558,common word pairings
12559,import javax
12560,referencing tables
12561,legal citations and names
12562,hexadecimal region
12563,mathematical calculations
12564,subject followed by verb
12566,introduces clauses explaining or justifying
12567,formal address and judicial roles
12568,general or introductory information
12569,scientific and technical concepts
12570,nureflex
12571,R package loading
12572,bring verb conjugations
12573,dimensions and measurements
12574,question beginnings
12575,language constructs like semicolons and braces
12576,"ignorance is bliss, corrosion resistance"
12577,command and execution verbs
12578,removing or removal
12579,average daily and annual records
12581,preposition or infinitive marker
12582,made of materials
12583,a href or onclick
12584,does not mean
12585,names after 'by' or other delimiters
12586,medical symptoms and conditions
12587,numbers and special characters
12588,code ending punctuation
12589,referring to earlier or previous information
12590,international relations or national status
12591,code tags < > figure table references
12592,properly before
12593,cause leading to outcome
12594,prime
12595,code block alternatives
12596,and what
12597,legal action against defendants
12598,seeing and knowing after subjects
12599,uj mic
12600,crime and policing
12601,respectively
12602,"HTML entities: &lt;, &gt;, &nbsp;"
12603,effect of
12604,receiving emails
12605,sequence or temporal consequence
12606,marketing and advertising
12607,punctuation followed by Clause connectors
12608,"event, study, plan, research nouns"
12609,physical separation or containment
12610,conclusion and future
12611,percentages and years
12612,predicting word pairs
12613,suspect in a murder case
12614,code blocks and delimiters
12615,both/either
12616,research projects and development
12617,"the classic, absence, first, trash, lavage, $"
12618,nostalgia and retro effects
12619,words before or after prepositions
12620,beauty brands and research
12621,everywhere
12622,traveling and wandering
12623,"arrest, alleged, police involvement"
12624,time units
12625,search for
12626,"effort, time, and resources"
12627,is entitled to
12628,costing or pricing
12629,"conspicuous, prominent, visible text"
12630,give to
12631,spills and leaks
12632,wide range ofwide variety ofwide applications
12633,endless possibilities
12634,"permanent post, salary, duties"
12635,custom configuration
12636,"refused, requested, or questioned"
12637,"role, factor, understanding, link, basis"
12638,introduces subsequent clause
12639,numbers and dates
12640,minecraft redstone mechanics
12641,business loans and credit
12642,conditional clauses followed by questions
12643,proper nouns
12644,"`null`, `false`, `0`, `;`"
12645,Company name or business entity
12646,dates and names
12647,necessity and challenge
12648,allele frequency change
12649,phrases starting with specific symbols
12650,various nouns
12651,javascript imports and paths
12652,está / estiver / entrain
12653,Greek letters and indices
12654,advisor or counsel
12655,relative pronouns and articles
12656,"XML, code, or technical terms"
12657,"option, factor, patients, promoters, purpose"
12658,you can / you may
12659,code function calls
12660,counting times or occurrences
12661,recommend proposal decision
12662,worth and deservingness
12663,European male given names
12664,people's actions and states
12665,"html escaping, thumb tintcolor, peak thread, group descriptions"
12666,button elements in code
12667,reporting speech
12668,taking actions
12669,legal citations and addresses
12670,categories of data or actions
12671,R starting words
12672,topics and issues
12673,http URLs
12674,"the person, family, president, victim, police"
12675,various topicspolitical and social issuestechnical and legal terms
12676,"financial, scientific, or technical contexts"
12677,"partner of, in, with"
12678,prepositions following nouns
12679,reaching a state or quantity
12680,mathematical proving
12681,coding comments
12682,science subjects and fields
12683,exclusivity or specific limitation
12684,Reporting verbs followed by conjunctions
12685,regardless of what or how
12686,expressions amicales avec :)
12687,names ending in son
12688,telling TMZ
12689,common followed by a noun
12690,Receiving messages or notifications
12691,placebo-controlled
12692,prepositions followed by specific words
12693,and followed by specific technical terms
12694,State Department diplomacy
12695,shorten arguments in drawing commands
12696,"oregon, portland, blazers"
12697,natural
12698,Lula interview politics
12699,"words for members, groups, or subgroups"
12700,absence or lack
12701,legal citations and clauses
12702,addressing you
12703,government actions
12704,typical definitions of concepts
12705,"transformed, new, final states"
12706,legal citations and references
12707,"localctx, Ingredientes, Categories"
12708,strong and its variants
12709,keywords followed by punctuation
12710,declaration to support self
12711,named entities or places
12712,numbers followed by slashes or dots
12713,likeness and comparison
12714,"your, you, yourself"
12715,hexadecimal constants
12716,logarithm and related functions
12717,"my, our, possessives"
12718,uncommon and common occurrences
12719,separating clauses or list items
12720,activities and fun
12721,added code lines
12722,enter into
12723,returns conditional values
12724,the followed by a noun
12725,agent suffixes
12727,external links
12728,need for or demand for
12729,protein transporter
12730,dates and months
12731,"""Sorry, but"""
12732,code and mathematical expressions
12734,"other cases, longer time"
12735,quality
12736,ammonium nitrate
12737,programming language constructs and types
12738,response rate or response to
12739,questions starting with what
12740,constraining cosmological models
12742,addresses and names
12743,used to prepare or process
12744,patient appointments and costs
12745,participant actions or states
12746,related to others
12747,company names and locations
12748,loading Keras models
12749,cities and states
12750,numeric data followed by punctuation/operators
12751,code snippets and programming language
12752,"besties, bae, fave, love"
12753,qualities and features
12754,born out of wedlock child paternity
12755,major organizations and institutions
12756,rules and regulations
12757,people doing things
12758,grammar categories and parts of speech
12759,code includes and imports
12760,GUI component declaration
12761,modern or contemporary history
12762,timeouts and numerical values
12763,"numbers, citations, and technical notation"
12764,pre-print and publication information
12765,judgment entry order complies
12766,"look, look at, look for, look back"
12767,purposeful action verbs
12768,to the extent
12769,a followed by descriptive words
12770,"WT value, edge between"
12771,professor titles
12772,city administration and municipal departments
12773,the same thing
12774,recognizing opportunities
12775,full of / filled with
12776,brushing for cleaning
12777,arabic names beginning with al
12778,armed groups and conflict
12779,articles followed by nouns
12781,"button, significant, Sir"
12782,file path separators
12783,common words and punctuation
12784,calculate greatest common divisor
12785,political climate and related
12786,our company website
12787,database entry followed by period
12788,programming function calls
12789,equations
12790,there is/are
12791,"id, key, SNPs"
12792,\usepackage command
12793,further details or information
12794,"proper nouns, names, places"
12795,repeated data types
12796,marked with specific terms
12797,technical phrases and code segments
12798,numbers followed by parentheses
12799,virtual machine routes
12801,"in reality, actually"
12802,it was
12803,United States Patent
12804,a range of
12805,numbers and symbols in math
12806,commencement exercises
12807,executive titles
12808,blame both3xbhlh
12809,special characters followed by words
12810,java import annotations
12811,by [time]
12812,yes/no and true/false answers
12813,sports and movement actions
12814,new features and releases
12815,specific files or topics
12816,"without harm, safe, satisfying"
12817,general concepts
12818,simply / merely
12820,consulting administrator methodology
12821,collections of things
12822,protocol buffer messages
12823,sentence ending punctuation
12824,.standard(proto:
12825,what would have happened
12826,nouns often followed by specific suffixes or concepts
12827,job card elements
12828,number ranges and citations
12829,number followed by noun
12830,opening quotation marks
12831,un followed by readable
12832,calming peace
12834,temperature and duration
12835,clauses separated by commas
12836,expert analyst
12837,in the form of
12838,aware of information
12839,lists with specific data points
12840,closing punctuation
12841,"chloride, cell, diffusion"
12842,auxiliary verbs starting questions
12843,in equations or sections
12844,biological and technical components
12845,need to do something
12846,continuation or progression
12847,changing paradigms and perspectives
12848,"also, then, thus, fact"
12849,year Invented
12850,program code identifiers
12851,and followed by a verb
12854,hex numbers in data structures
12855,"mapping, comparison, extraction, determination"
12856,dialogue start or female pronouns
12857,area and regions
12858,stand up or stand alone
12859,measuring physical properties
12860,programming or technical terms
12861,words starting with but or however
12862,offer assistance or opportunity
12863,doi prefixes aa<number>
12864,cells or cell concentration
12865,numbers and punctuation
12866,others agree
12867,break or violation
12868,monthly payments and repayments
12869,properties followed by descriptive words
12870,"want, worth, consider"
12871,local discovery
12872,cosmetic purposes and dressing
12873,"adjustable, removable, flexible"
12874,"refer-type=""fig"""
12875,be LR
12876,according to data or statistics
12877,required fields or presence
12878,people discussing or observing
12879,numbers in citations
12880,Hungarian academics and scientists
12881,community
12882,heard noises or explosions
12883,Black identity and origin
12884,auxiliary followed by verb
12885,durations and counts
12886,he himself
12887,past findings or results
12888,code parsing and generation
12889,cc lithium
12890,cost or expense
12891,years and version numbers
12892,need for
12893,programming language keywords
12894,gentle words or peaceful states
12895,JavaScript code snippets
12896,international code names
12897,specific words
12898,"followed by ""would"""
12899,scheduling days of the week
12900,Sithon legal claims
12901,physical movements and gestures
12902,oral modifications and anecdotal reports
12903,2 followed by 0 or 1
12904,concepts and their context
12905,sections and data boundaries
12906,mathematical symbols and Greek alphabets
12907,introducing a list or range
12908,actions and activities
12909,automated system changes
12910,"reclaim active, families have, to go"
12911,numbers followed by nm
12912,photographer credits
12913,temporal periods and events
12914,applying conditions or states to systems
12915,to or into followed by noun phrase
12916,expressing doubt and belief
12917,approximating quantities
12918,method chaining in builders
12919,"as soon as, as well as"
12920,similarity and likeness
12921,looking for something
12922,prior to an event
12923,fastening and attaching parts
12924,feminine qualities
12925,X and Y
12926,"Judge, wishes, dated, hire, invention"
12927,reporting verbs followed by clauses
12928,following study
12929,non-english or technical words
12930,legal argument phrases
12931,"role in hematopoiesis, homeostasis, processes"
12932,organization founding and specialization
12933,club or university affiliation
12934,future dates and events
12935,don't understand enough
12936,"German, English, Arabic mixed phrases"
12937,matrix
12938,closing html tag
12939,domain-specific noun followed by descriptor
12940,medical and biological terms
12941,either/or choices
12942,absence or negation
12943,using something in action
12944,field names in data structures
12945,give followed by a variable
12946,comparison using 'than'
12947,current or present time
12949,after completion
12950,numbers and ranges with delimiters
12951,hockey and player statistics
12952,who or whose
12953,"conditions, state, failure, test"
12954,[verb-ed] by
12955,each agency
12956,listing structured information
12957,"app growth, measurement ranges, cell uptake"
12958,prepositional phrases
12959,mathematical or programming structures
12960,academic and foreign words
12961,creation and manufacturing
12962,addresses ending in punctuation
12963,positive infinitive verbs
12964,"medical, scientific, or technical terms"
12965,the new
12966,return after parenthesis
12967,"is evident, board lattices"
12968,"requirement, adding, tax"
12969,large things
12970,end of subject
12971,mathematical operations
12972,punctuation followed by attributes
12973,told X that
12974,medical conditions and diseases
12975,"ulcer, minimality, gl"
12976,God and Jesus
12977,if 1 then
12978,"situations, occasions, instances"
12979,scientific methods and techniques
12980,additives
12981,durations and distances
12982,additional linking words
12983,progressive impairment or defect
12984,visual capture and recording
12985,headgear or head protection
12986,connecting words
12987,simplifying or making easy
12988,angiogenesis promoting pathways
12989,numbers after punctuation
12990,possessive pronouns in multiple languages
12991,trail continues or ends
12992,adj/adv describing situation or question
12993,get/set blocks with return/newValue
12994,support for things
12995,bidding and applications
12996,citation author names
12997,verbs followed by that
12998,manufacturing tools
12999,data privacy
13000,numbers count or value
13001,chief justice and university observers
13002,splitting and partitioning
13003,based on
13004,technical and mathematical text
13005,GTK graphical elements
13006,"quarantine, infected, COVID, virus, disease"
13007,months of the year
13008,available now
13009,possession and rules
13010,"toilet paper, pages"
13011,jar file execution
13012,words starting with st
13013,"from there, then, subsequently"
13014,copyright notices
13016,biological pathway signaling
13017,qualifiers and likelihoods
13018,introducing unexpected or fortunate outcomes
13019,introducing or concluding points
13020,vectorizing data into structures
13021,programming loop iterators
13022,proper nouns and abbreviations
13023,conjunctions and subsequent words
13024,"interventions, ties, interactions, committees, limits, impact"
13025,concave part
13026,algebraic and transcendental numbers
13027,available options and configurations
13028,"the layout, discovery, truthful"
13029,classification methods and approaches
13030,infrared cameras
13031,HTML buttons or UI elements
13032,"general statements, specific laws, or tests"
13033,describes extent or quantity
13034,clock times
13035,technical abbreviations and specific terms
13036,immediate risk
13037,"proper nouns: places, people, or brands"
13038,category titles and code structures
13039,"inhibition, fails, delays"
13040,code snippets and technical phrases
13041,words indicating seriousness
13042,Data Reduction Proxy
13043,providing information or warnings
13044,analytical solutions and conditions
13045,"It's tough, huge, frustrating, very"
13046,position: absolute
13047,referring to people
13048,"conduct interviews, attempts, assessment"
13049,user operations
13050,organizations and countries
13051,SQL column assignments
13052,mathematical subtraction operations
13053,federal grants and financing
13054,cost and
13055,"fragile beginnings, naïve young, divergent, danger"
13056,code markers like {#} or ifdef
13057,noticing or seeing
13058,celebration and events
13059,"congrats, luck, bye, rim"
13060,"optimistic about, than one, part in"
13061,compound and technical terms
13062,saliva secretion
13063,biological/chemical components and suspension
13064,alternative way to represent
13065,accusations about people or groups
13066,the following word
13067,female pronouns and equivalents
13068,positional fluid C exercise
13069,CPU core counts and configurations
13070,network contained
13071,complex to
13072,function calls with graphics parameters
13073,data processing options
13074,numbers and names
13075,authors' contributions and roles
13076,definition and condition clauses
13077,legal citations and numbers
13078,negative reciprocal
13079,descriptive aesthetics and arrangement
13080,api documentation annotations
13081,mathematical notation with symbols
13082,.com website contexts
13083,third biggest value
13084,words preceding scientific specific terms
13085,we thank / this work was supported by
13086,won and lost outcomes
13087,swapping and reversing
13088,scientific notation or subscripts
13089,superlatives followed by descriptive terms
13090,navigation bar menus
13091,voluntarily made
13092,personal feelings and preferences
13093,"""then"" followed by a consequence or query"
13094,similar followed by comparisons
13095,asking questions
13096,"""here"" and foreign ""here"" equivalents"
13097,parentheses and answers
13098,designers and their work
13099,aligned followed by `}}` formatting
13100,towns and cities
13101,Wisconsin and Milwaukee
13102,technical and scientific terms
13103,C code structures
13104,relative clauses
13105,foreign words and names
13106,"death, death sentence"
13107,socializing events
13108,results and data
13109,in its nature
13110,raising something
13111,medical negligence and liability
13112,chess game players
13113,numbers or quantities
13114,surgical procedures performed
13115,positive sentiment expressions
13116,numbers and hexadecimal characters
13117,countries and specific components
13118,"choice, alternative, or specific term"
13119,yesterday and tomorrow
13120,cardiac conditions and events
13121,percentages
13122,web paths and extensions
13123,width and size
13124,can I
13125,emoticon components
13126,non-english words and technical terms
13127,aware of the continuation
13128,code conditionals with parentheses
13129,biological or scientific assays and experiments
13130,intensifiers modifying qualities
13131,opposing teams
13132,math and related symbols
13133,strong positive adjectives
13134,staff members
13135,names and titles
13136,people's names and last names
13137,Greek letters and mathematical symbols
13138,then or ) {
13139,comparative and superlative adjectives
13140,The followed by a noun
13141,"regular expressions, math, code"
13142,countries and nations
13143,"bone, femur, fractures, lesions, formation"
13144,file extensions and document types
13145,specific sequences and punctuation
13146,css file paths and imports
13147,relative clauses using which or that
13148,world of titles
13149,incorporating or inserting
13150,"medical, health, or scientific terms"
13151,noise or separation
13152,punctuation and emoticons
13153,because non-English
13154,across a range
13155,only followed by verbs/adverbs
13156,technical specifications and features
13157,intentions and changes
13158,connecting or wrapping things
13159,people in professions
13160,introducing a consequence or alternative
13161,parenting and family caregiving
13162,helpful and beneficial outcomes
13163,"into, onto, unto"
13164,internal components and processes
13165,closing bracket or quote
13166,child advocate
13167,#define statements
13168,belonging and welcome
13169,math environments with closing braces
13170,"speaking, stating, explaining, testifying"
13171,trade-off
13172,linking contrasting clauses
13173,christmas season
13174,region or code addresses
13175,interface
13176,"introducing a subject with ""This"""
13177,symbol or number followed by word
13178,acronyms in parentheses
13179,adjective-noun pairs
13180,roles and responsibilities
13181,adverb/adjective describing a state or action
13182,the number or amount
13183,URLs with path components
13184,sql queries and database operations
13185,other
13186,"red, blue"
13187,leasing opportunities
13188,start of code blocks
13189,file names and module IDs
13190,describing specific contexts
13191,< or «
13192,European or Euro
13193,health and lifestyle factors
13194,index (with punctuation)
13195,disassemble or reinstall
13196,`forKey ` or `forKey
13197,fire containment
13198,revealing vulnerable truths
13199,kindness and helpfulness
13200,"Jasenovac camp, diglyceride kinase, Erlenmeyer flask, hamburger bun, FiwareLab"
13201,identifier suffixes
13202,missing persons report
13203,w followed by parentheses
13204,religious terms and scripture
13205,metabolic control
13206,"numbers and ""Middle"""
13207,describing effects and consequences
13208,names and specific identifiers
13209,describes qualities or parts
13210,comparisons of numbers
13211,"legal, financial, or procedural terms"
13212,specializing or specialization
13213,Category: prefixes
13214,actions and following words
13215,deposition research arrangement
13216,scientific technical terms and concepts
13217,seeking and invitations
13218,past tense verb 'to be'
13219,repeated integers in code
13220,"rush, haste, hurry"
13221,airport demonstration
13222,list items or endings
13223,"debut of, murder of, in Sith"
13224,authored by or led by
13225,foreign language words
13226,"Cardinals, Quakers, German, defendants"
13227,dates and numbers
13228,alternating sign pattern
13229,code:
13230,statements and phrases
13231,scoring runs and comebacks
13232,anti-inflammatory activity or regime
13233,words following and
13234,(static or dynamic)
13235,sea related words
13236,"family members, relationships"
13237,relative clauses describing composition or function
13238,identifying specific items
13239,past actions followed by context
13240,questions starting with does
13241,programming commands and concepts
13242,states or processes
13243,plot references after delimiters
13244,errors following punctuation
13245,Saint abbreviations
13246,native code interop with swig
13247,product components
13248,our holdings and precedent
13249,no followed by a noun
13250,past tense verbs
13251,"legal, scientific, programming contexts"
13252,deep state
13253,is there or are there
13254,adverbs followed by punctuation
13255,education and healthcare research
13256,temporal context words
13257,"timer del, destroy, data, http, DOM element"
13258,end of condition or statement
13259,actions and states
13260,qualities and sensations
13261,technical and mathematical contexts
13262,brands and car models
13263,describing processes and methods
13264,functional parameters
13265,assignments and code structure
13266,because my
13267,another or other
13268,extra or optional additions
13269,not repeated here
13270,CW/CCW direction
13271,gene introduction and modification
13272,reserved rights or future actions
13273,have followed by verb
13274,here introducing information
13275,pat. no
13276,hexadecimal values followed by comma or brace
13277,prime factors or formulas
13278,foreign language code imports
13279,business entities and requirements
13280,technical programming terms
13281,asking questions or providing explanations
13282,numbers and numerical strings
13283,the phrase rather than
13284,acronyms and abbreviations
13285,European Union aid during
13286,technical terms and quantities
13287,derived NCs
13288,have been
13289,code identifiers and terms
13290,program termination and execution
13291,introduces examples or lists
13292,programming language syntax and lambda calculus
13293,regularly occurring conjunctions
13294,get record
13295,conjunctions and transition words
13296,locations and circumstances
13297,depends
13298,"by followed by verb-ing, accuracy"
13299,guiding principles and aspirations
13300,"temperature, ful, with"
13303,uncovered/identified between
13304,forms of 'to be' and modal verbs
13305,contrast or exception
13306,"county, section, function, belonging"
13307,"some problems, Jews, tale"
13308,roles and entities
13309,latitude and longitude coordinates
13310,industrial centers
13311,array indexing and slicing
13312,conditions and provisions
13313,daily frequency
13314,during or throughout
13315,several items
13316,past value
13317,"example, followed by specifics"
13318,code constructs
13319,programming terms
13320,endif
13321,low oxygen levels and hypoxia
13322,federal government and system
13323,"privacy, legal, and medical terms"
13324,I followed by verb
13325,corrections and afterthoughts
13326,specific nouns and technical terms
13327,on which relied or based
13328,brave actions and perseverance
13329,code and documentation
13330,mathematical axis and variables
13331,comply with rules
13332,F1 Manager Apps
13333,"articles, tables, figures, and graphs"
13334,my family and possessions
13335,closing mathematical expressions
13336,under the
13337,model modelnumbers followed by letters or symbols
13338,jobs and unemployment
13339,words followed by punctuation
13340,storing and tidying things away
13341,one
13342,references and supplements
13343,specific named entities
13344,freedom from incarceration
13345,which starts relative clauses
13346,Greek letters and indices after superscripts
13347,shall be
13348,US or United States
13349,contrasting or comparison
13350,98/99
13351,tonight news
13352,roschein
13353,when or cause followed by words
13354,actions that must be done
13355,printing and displaying output
13356,mathematical notation
13357,call logs and activity
13358,Indian cities and languages
13359,values between boundaries
13360,code syntax
13361,many or a lot
13362,taxpayers and shareholders
13363,building structures and infrastructure
13364,our joining and transactions
13365,expressing appreciation
13366,Java package declarations
13367,statements and forecasts
13368,method override
13369,possessive pronoun followed by noun
13370,property accessors
13371,training in/among
13372,"buy, purchase"
13373,unspecified or unknown
13374,miscellaneous other items
13375,pronouns followed by verbs
13376,place names and descriptions
13377,"said, reporting, attributing speech"
13378,assistance
13379,arXiv papers and pdfs
13380,chapters and lists
13381,"similar, another, elsewhere"
13382,HTML italics and emphasis tags
13383,audience and artists
13384,first or last in a sequence
13385,URLs and email addresses
13386,"also, equally"
13387,code data types
13388,physical properties and characteristics
13389,definitions and examples
13390,the kind of quality
13391,"absence, omission, or exclusion"
13392,legislative history
13393,extremity or intensity
13394,control and code blocks
13395,rain and its partitioning
13396,array definitions
13397,spectroscopic and analytical techniques
13398,north
13399,questions and code blocks
13400,announces quitting or leaving
13401,html paragraph and list tags
13402,conditional conjunctions or first-person pronouns
13403,code variables and identifiers
13404,time and availability
13405,whether or boolean return
13406,months and days
13407,to Mobile
13408,payment and price
13409,enables or allows
13410,"re-elect, polysaccharide, evidences singular"
13411,can followed by auxiliaries
13412,mathematical expressions
13413,syscall signal and errno codes
13414,launching android activities with intents
13415,stretching and bending vibration
13416,programming language constructs
13417,"code keywords like map, storage, command"
13418,reverse or backwards
13419,"various types, lists"
13420,Usage or script after ##
13421,legal and technical contexts
13422,"spokesperson, spokesman, spokeswoman"
13423,regions and countries
13424,holidays and celebrations
13425,stories of struggle and adventure
13426,new beginnings
13427,overseas and foreign places
13428,at/in a place or event
13429,technical procedures and data
13430,"names followed by group, team, or colleagues"
13431,if clauses and foreign equivalents
13432,New Jersey
13433,possessive pronoun 'its'
13434,"in fact, in the"
13435,numbers and separators
13436,"watching, reacting, or thinking about media"
13437,next occurrence
13438,instantiate new factory creation
13439,these mentioned items
13440,mice and DZ computational chemistry
13441,restricted or limited by constraints
13442,connects lists or alternatives
13443,software and system versions
13444,people in job roles
13445,sports teams and countries
13446,position and context
13447,calculate mathematical expressions
13448,localized strings and UI text
13449,qualifiers and context words
13450,easy job scope
13451,html attribute assignment
13452,country names
13453,God and Jesus
13454,hypersensitivity or severe conditions
13455,"modeling, writing, stenting, blogging"
13456,currency symbol $
13457,programming language constructs
13458,width and dimensions
13459,of administrative divisions
13460,"locational prepositions like in, within, on"
13461,"scandal, lawsuit, or event discussions"
13462,"return, disease, *"
13463,temporal endpoints and deadlines
13464,file or folder names
13465,for + noun/gerund
13466,multiple or several
13467,entities and their specifications
13468,Constitution and Amendments
13469,or and the with
13470,"people, species, types, person, stuff"
13471,calculate or evaluate math expressions
13472,psychological distress
13473,computer code and libraries
13474,legal cases and names
13475,Pregnancy outcomes and delivery
13476,actions followed by by/on/from
13477,and followed by conditional or contrasting clauses
13478,enrollment into groups
13479,actions and decisions
13480,following actions or states
13481,data structure identifiers
13482,focus on
13483,descriptive adjectives and past participles
13484,distance from to
13485,indirect connections
13486,method calls and data structures
13487,conjunctions and list separators
13488,decoding repeated optional fields
13489,state or action completed
13490,"following ""where"""
13491,code and scientific expressions
13492,depending on
13493,alternative words or phrases
13494,mathematical notation using symbols like * and (
13495,"CLOSEWAIT, bit fields"
13496,"error, mistake, jar, dollar amounts"
13497,lists separated by commas or 'and'
13498,programming constructs and keywords
13499,video games
13500,special characters followed by specific sequences
13501,entities in various locations
13503,first stage or phase
13504,"given, follow by brace or bracket"
13505,scientific understanding and processes
13506,actions that enable things
13507,world is
13508,phrase endings after commas
13509,fungi and mushrooms varieties
13510,from which
13511,describes features or types
13512,on sequences and specific contexts
13513,your first stop
13514,alternatives or choices
13515,DumpErrorCodes
13516,C++ preprocessor directives and syntax
13517,'have' verb forms followed by other words
13518,items in lists
13519,"any, not, of"
13520,enum definitions
13521,instance of something
13522,"Facebook, Voice, Account Kit"
13523,closing or ending
13524,contrast or continuation conjunctions
13525,around the world
13526,plural nouns followed by verbs
13527,university alumni
13528,importing code modules
13529,"this though, President, happens"
13530,self-reflection or internal states
13531,"`of adulthood`, `recent audit`, `seen as`, `use song`"
13532,testing whether feasible
13533,pagination size and cursor
13534,"convert, download, reset"
13535,making soup
13536,location where
13537,inspiration and role models
13538,all languages and concepts
13539,code configuration properties
13540,cities and states
13541,closing parentheses and mathematical expressions
13542,describing an invention
13543,"both, each, all"
13544,UAE and Gulf countries
13545,similarly
13546,transitioning between events
13547,foreign and archaic words
13548,also / adverbial connectors
13549,changes and extremes
13550,hex color codes and styling
13551,yes indeed
13552,earlier / formerly
13553,lawyer or attorney
13554,receiving outcomes or benefits
13555,"footer, date, choice, animals, ignore"
13556,court appeals and dates
13557,"concepts, substances, units, results"
13558,decision as plaintiff fortunes of
13559,there is
13560,phone calls and emails
13561,bronchoscopy
13562,B variants and preceded by b
13563,adversity and challenging circumstances
13564,throw away
13565,arXiv hep-th
13566,scientific terms and abbreviations
13567,indicating a result
13568,matlab code and programming constructs
13569,fit and suitability
13570,collegiate achievements and awards
13571,ability to
13572,prescription generic buy
13573,dependency injection keywords and code syntax
13574,tours and excursions
13575,"lift, raise, or elevate"
13576,credited with contributions or inventions
13577,meaningfully distinguished
13578,HTML container and card elements
13579,rest parameters or sixes
13580,state of being
13581,names and suffixes
13582,specific situations or circumstances
13583,French and german language content
13584,Azure Container Registry commands
13585,mathematical expressions and code snippets
13586,parenthetical expressions or conjunctions
13587,engine specifications
13588,specific topics and consequences
13589,pasta kill
13590,past history and timeframes
13591,sports leagues and tournaments
13592,URLs and file paths
13593,code syntax and technical terms
13594,describing or prohibiting actions
13595,code blocks and declarations
13596,common and technical phrasing
13597,First names followed by surnames
13598,preposition + relative pronoun
13599,stages and conditions
13600,"than ever, largest, challenge of"
13601,to conclude
13602,to
13604,ignored or disregarded TREATMENT
13605,c code snippets
13606,farmers who
13607,numbers followed by units or descriptions
13608,analysis and findings discussed
13609,sentence terminators
13610,code structure and punctuation
13611,reality and actual things
13612,greetings and titles
13613,purpose or requirement
13614,"inventor, location, and year"
13615,conferences and meetings
13616,Python class methods
13617,smaller or bigger comparisons
13618,quantities and proportions
13619,trends in quantity
13620,swift init and case statements
13621,i think opinions
13623,technical/academic terms
13624,function calls and programming constructs
13625,medical or technical context
13626,"Id, Component, Persistent annotations"
13627,dollar amounts and prices
13628,"yards, hits, points"
13629,"programming contexts, classes, methods"
13630,modern contexts
13631,doc comment urls
13632,action completed or observed
13633,past perfect tense indicator
13634,possessive pronouns and kinship terms
13635,year month date calendar
13636,mathematical expressions with variables
13637,Chinese cuisine and China
13638,"left, right, west"
13639,"words after ""he"" or ""firm"""
13640,code syntax
13641,performance evaluation
13642,red and blood
13643,justified expectations
13644,numbers and units
13645,legal citations like U.S. and S.Ct
13646,comparative degree
13647,comma followed by adverb
13648,phrases starting with why
13649,natural disasters
13650,documentation tags
13651,window and windows in technical contexts
13652,structure and structural variations
13653,numbers and mathematical notation
13654,repeated packed standard reference
13655,introduces examples or conditions
13656,technical phrasing
13657,"medical, therapy, value, process"
13658,foreign words and personal names
13659,numbers as decimals
13660,online discussion and reaction
13661,"earn, earned, got, pleasure"
13662,member of group
13663,showing or displaying information
13664,quotes and questions from interviews
13665,object-relational mapping
13666,future actions and expectations
13667,spatial positioning words
13668,next
13669,percentages and composition of substances
13670,punishing blockade
13671,call our guaranteed
13672,code block start
13673,system implementation method adaptation
13674,makes me feel or think
13675,presenting or showing
13676,agreement with previous studies
13677,"managing business, expectations, costs, or projects"
13678,open closed removed
13679,"amazing, incredible, extraordinary"
13680,partially or some
13681,text and code snippets
13682,mainly for specific outcomes
13683,scalable versions
13684,introduces an explanation
13685,words starting with sp
13686,. followed by I
13687,comedy and Colbert
13688,specific nouns or concepts
13689,years and dates
13690,technical and programming terms
13691,is described
13692,government and business news
13693,names and abbreviations
13694,job and work
13695,numbers and punctuation
13696,providing support or methods
13697,economic indicators and changes
13698,past events and comparisons
13699,cooperation among groups and entities
13700,remainder when divided by
13701,is provided/given/undertaken
13702,"codes, ids, numbers, indices"
13703,method calls in code
13704,numbers and decimals
13705,social discomfort or shyness
13706,money amounts
13707,plural nouns ending sentences
13708,expressions of fear and being afraid
13709,various forms and options
13710,Lithuanian male conscripts
13711,book
13712,appears like
13713,common divisor or factor
13714,academic paper citations
13715,numbers and percentages
13716,List of abbreviations
13717,authors'
13718,endings and completion
13719,invented and designed by
13720,PHP variable declarations
13721,universities and colleges
13722,variation and dependence
13723,social interactions and relationships
13724,Greek letters and science notation
13725,"thank you, sorry, thanks, questions"
13727,married status
13728,target followed by particles/atoms/masses
13729,average numerical values
13730,time progression and continuation
13731,nginx provider code
13732,days ending in commas
13733,conditional outcomes
13734,mentions of error
13735,watches and timepieces
13737,seeking desirable qualities
13738,sculptures and statues
13739,negotiation and bargaining
13740,identifying labels or keys
13741,It has or will
13742,font family and font size
13743,brother or sibling
13744,a University
13745,window orientation
13746,error handling and function return values
13747,angry outbursts and yelling
13748,trends and phenomena
13749,attracts audiences and popularity
13750,Canadian provinces and states
13751,protest
13752,exception handling
13753,people's names
13754,first part of compound words
13755,giving help or aid
13756,numbers and ranges
13757,"""In"", ""And"", ""This"", ""Aim"", ""Yet"", ""For"""
13758,conjunctions and foreign words
13759,Field of the Invention
13760,challenge
13761,subsurface water
13762,pronouns referring to entities
13763,SMR assumptions
13764,"administration, identifiers, exclusion, characteristic, scale"
13765,je me suis
13766,"detention, imprisonment, confinement"
13767,verbs and outcomes
13768,HTML tags and markup
13769,technical & foreign language citations
13770,dependency injection
13771,foreign names and terms
13772,should recommend
13773,corporate technology and personnel
13774,funeral procession
13775,against the
13776,hiking and outdoor activities
13777,super merci
13778,Registry Status Foreign
13779,drawing conclusions
13780,social events and learning
13781,al arrived
13782,"users, buyers, shoppers"
13783,enumeration and conjunctions
13784,consulting experts
13785,"glucose, LH"
13786,RNA undergoes
13787,"take on, take a, take some, take into"
13788,realization or thought expressed
13789,justification or clarification
13790,today and still
13791,months and years
13792,"racial descriptions, especially ""Blacks"""
13793,-s possessive
13794,years and numbers
13795,contrastive conjunctions but except only
13796,code syntax elements
13797,adding information or terms
13798,this or again
13799,tree descriptions and related topics
13800,location prepositions
13801,adverbs and other descriptors
13802,requires or are required
13803,seeing and feeling things
13804,I asking for help
13805,legal wording or mention
13806,sponsored by
13807,"questions after ""is"""
13808,concepts of freedom and spontaneity
13809,section headings
13810,investment portfolios
13811,"companies, tiers, and specific items"
13812,opening quotes or parentheses then sentence starters
13813,syntactic separators
13814,programming code and multiple languages
13815,questions starting with what
13816,adjectives describing things
13817,const declarations
13818,launch or run
13819,code delimiters and structure
13820,"requestType=""convert"""
13821,prepositions and sentence endings
13822,Bennett Expedition 4
13823,quantities after groups
13824,citations with page numbers
13825,edited question/answer
13826,initial parts of names and words
13827,"that followed by 's, does, you, or for"
13828,small quantity values
13829,and [name] or [technical term] level
13830,`.domain names`
13831,URL parameters and query strings
13832,"so vast, so low"
13833,Swedish people
13834,"forms of ""to be"" + past participle"
13835,"China, universities, cities"
13836,citations and numbers
13837,this that these followed by noun
13838,apologies for english
13839,"directory, folder, pathname, tuples"
13840,"lists with ""and"""
13841,and or &
13842,Once upon
13843,listing and completion
13844,"completely, wholly, just"
13845,got a / has a / have a
13846,endangered or threatened
13847,ISO 8601 timestamps with timezone offsets
13848,etc. and similar abbreviations
13849,Babcock
13850,all the way
13851,year numbers
13852,modal auxiliary followed by be/been
13853,catalyst operates with reactor
13854,mathematical expressions with variables
13855,repeated optional field types
13856,new object instantiation
13857,"ordering, choosing, and sharing"
13858,"sports, health, and medical subjects"
13859,actual vs. theoretical
13860,figures and code snippets
13861,exercise and meditation instructions
13862,closing statements of code blocks
13863,academic journals and magazines
13864,through or until
13865,"even, also, furthermore"
13866,performed the experiments
13867,"systems, states, and measurements"
13868,web resource or code endings
13869,job titles and seniority
13870,variable declaration keywords
13871,material and item pairs
13872,disclaimers of warranty and liability
13873,implement such behaviour
13874,enumerating sequential steps
13875,"has added, has nearly, with intensive"
13876,code comments and preprocessor directives
13877,occasionally after numbers or periods
13878,php code
13879,both
13880,russian federation
13881,countries and nationalities
13882,recent discoveries and reports
13883,describing size and quantity
13884,city names and dosages
13885,temporal sequence then
13886,by means of
13887,some and descriptor
13888,for durations or quantities
13889,opening and closing
13890,location below
13891,if conditions
13892,special characters and mixed languages
13893,narrative timeline construction
13894,statutes and legal provisions
13895,bracketed or quoted text
13897,"bound in, largely dispersed"
13898,wireless and USB connectivity
13899,political or rhetorical discourse
13900,food and cosmetic regulations
13901,defining words and terms
13902,technical terms and code snippets
13903,the number one
13904,SQL FROM clauses
13905,multiple occurrences
13906,commands and actions
13907,hardware equipment devices
13908,code identifiers and mathematical notation
13909,@ followed by alphanumeric identifiers
13910,hand/finger placement or action
13911,examples and conjunctions
13913,announcing peace
13914,isolated singularities
13915,roles and their actions
13916,arithmetic operations and programming constructs
13917,"nor, neither, but"
13918,"code attributes, filenames, or technical terms"
13919,available prepositions
13920,"events, genetics, and people"
13921,buying or purchasing
13922,Gy gamma irradiation
13923,easy or simple ways
13924,praised | Italy | Turkey | Change
13925,version or mode
13926,ordinal numbers and positions
13927,. a
13928,foreign words and technical terms
13929,time units like h and
13930,as to
13931,code addresses and ranges
13932,once
13933,years and numerical codes
13934,during periods
13935,technical terms and actions
13936,United Nations
13937,"AnnGastroenterol citation, figure references"
13938,"weapons, biology, and items"
13939,parameter space diagrams
13940,copying prohibited
13941,connection related words
13942,Monte Carlo studies of body
13943,methadone
13944,current state or status
13945,not found or present
13946,code and data structures
13947,"health, societal, and technical concepts"
13948,"options, parameters, settings"
13949,code variable access
13950,for loop keywords
13951,describing how something happens
13952,political hypocrisy and communism
13953,holiday mansion
13954,German and English phrases
13955,running out or depleted
13956,"I, pretty, myself"
13957,lung adenocarcinoma tissues
13958,label id/for/class
13959,email addresses and phone numbers
13960,closing parenthesis delimiters
13961,compared technical details
13962,contractions and website domains
13963,identifying problems or errors
13964,dictionary keys or structure elements
13965,mathematical symbols and operations
13966,mail addresses and locations
13967,"`)."""
13968,programming and foreign language identifiers
13969,citations with years
13970,mental brain concepts
13971,the following result lemma proposition
13972,mathematical expressions
13973,warming increase in soil temperature
13974,addressing a group to ask a question
13975,is one of
13976,symbols followed by keywords
13977,medical and operational review
13978,news publications reporting
13979,entertaining lifestyle concepts
13980,method or property assignments
13981,revealing secrets or leaks
13982,eighteenth century and years
13983,"arterial pressure, America Internal Revenue"
13984,expressing agreement
13985,http client requests
13986,sudden change or removal
13987,arrangement composed of
13988,before common nouns
13989,"somewhat, fairly, mildly"
13990,adding and mixing substances
13991,citation numbers and years
13992,specific items or distinctions
13993,iCADE and retro gaming
13994,citations with numbers and punctuation
13995,clothing and wardrobes
13996,"dialogue, cooperation, and common ground"
13997,"properties, parameters, or rules"
13998,when introducing clauses
13999,calendar dates
14000,when followed by punctuation or conjunction
14001,read
14002,.
14003,greenhouse gas emissions
14004,pronoun + verb or possessive
14005,names and nicknames
14006,thanks and acknowledgements
14007,just recently
14008,mathematical expressions or code snippets
14009,parental involvement
14010,goodness and harm
14011,anthropogenic impacts on animals
14012,finding results or conclusions
14013,suggests related articles or guides
14014,converging to zero
14015,quoted speech followed by attribution
14016,for more information
14017,then
14018,occasional conjunctions
14019,mid-
14020,whenever or anytime
14021,personally overseeing announcements
14022,reasoning or justification
14023,"gender, age, names"
14024,family and friends
14025,calculating values per category or group
14026,political and social opposition
14027,Go programming and internationalization
14028,existing or obsolete terms
14029,quantified entities or groups
14030,tone and voice qualities
14031,aspects or characteristics
14032,actions and outcomes
14033,string input sequence
14034,had similar results or other failures
14035,"programmes, centres, aim, stabilisation, particular"
14036,either or alternatives
14037,aircraft upgrades and prototypes
14038,bacteria and infections
14039,upload; continue
14040,Malaysian places and organizations
14041,commands and requirements
14042,calls to action or invitations
14043,jazz musicians and bands
14044,"states of trying, wanting, or making"
14045,producing news programs
14046,information for professionals and entities
14047,absence or negation
14048,members of organizations
14049,created on or sent
14050,properties of nouns
14051,batting runs scored
14052,triangles and triangulations
14053,concepts and ideas
14054,geographical place names
14055,update actions
14056,"ratio, scale, factor, division"
14057,technical analysis section headers
14058,"solid, dotted, and dashed lines"
14059,following words
14060,action verbs and their continuations
14061,introducing technical facts or steps
14062,"movie lighting, smartphone connectivity, New Orleans shotgun"
14063,indicates sufficiency
14064,connectors for parallel concepts
14065,personal statements in discussions
14066,what and anything
14067,current authority
14068,presenting specific information
14069,statements and utterances
14070,multi-letter variable names like X_
14071,mathematical and code elements
14072,specific identifiers or contexts
14073,explains that
14075,company tax and legal documents
14076,numbers followed by groups or types
14077,code structure and symbols
14078,android attributes
14079,References section endings
14080,"invoice, receipt, transaction states"
14081,devices and equipment
14082,with a
14083,actions and outcomes
14084,in + concluding words
14085,how questions
14086,commercial entities and sources
14087,"structure: code, json, data"
14088,possessive pronoun followed by noun
14089,method calls
14090,noun followed by activity or state
14091,views of landscapes
14092,hexadecimal numbers and ranges
14093,explaining foreign words and origins
14094,sorted array
14095,computerized systems and databases
14096,web server redirection rules
14097,conjunctions introducing clauses
14098,code snippets and special characters
14099,commands and explanations
14100,immediately or first
14101,defining phrase
14102,"legal dispute, actions, or team"
14103,removeEventListener or load()
14104,other descriptions
14105,ready to start
14106,clutch victory in closing moments
14107,programming sequences and logic
14108,error signals and codes
14109,string formatting placeholders
14110,connecting two entities or points
14111,afterwards followed by a noun or verb
14112,improvement and reduction outcomes
14113,willingness to act
14115,health and biology concepts
14116,available and offers
14117,making a javascript metro app
14118,meals and mealtimes
14119,programming and technical terms
14120,connectors or conjunctions
14121,"dates like 2013, 2014, 2015, 2010, 2017, 2002"
14122,person born on or followed by legal citations
14123,paths related to projects
14124,expect in javascript tests
14125,numbers and quantities
14126,bond ratings
14127,"dx, dy, integrals"
14128,reflection and code syntax
14129,must establish or require
14130,"packet networks, drug loading, pyrite exposed"
14131,"numbers, years, 's, cotton"
14132,"class, param, @, 0"
14133,entity types
14134,PDB entry or patent number
14135,among other
14136,facebook ads sdk
14137,architecture and buildings
14138,"width specifications (textwidth, linewidth, columnwidth)"
14139,learning how to
14140,anaerobic bacterium and technical memory
14141,"legal, technical, and scientific terms"
14142,building structures
14143,connecting words
14144,enjoyable experience
14145,and then other words
14146,provide or provided
14147,expressions of surprise or disbelief
14148,purposeful actions or outcomes
14149,possessive pronouns followed by nouns
14150,binding methods
14151,"words starting with ""ex"""
14152,lists ending with and
14153,pages and views
14154,respectively / both
14155,months of the year
14156,our company / our systems
14157,"in followed by addition, many, some"
14158,american judicial system
14159,code structures
14160,classical model decentralized structure governance
14161,"specials, list, factor, particular, minimum, XML"
14162,negation and comparison
14163,communication with me or us
14164,"MPs, Batts, healthcare leadership"
14165,code creation and modification
14166,defendant
14167,local clock
14168,speculative possibility
14169,invitations to see or join
14170,"prototype, reference, model"
14171,solution to a problem
14172,"ORM operations, database records"
14173,field name datatype description
14174,phrase and connector
14175,incentive and deterrence
14176,"currently, already, presently"
14177,!
14178,birth dates
14179,foreign words and organizations
14180,mathematical expressions or code snippets
14181,various conjunctions and list items
14182,challenge or difficulty
14183,code syntax and structure
14184,no evidence or merit
14185,schools and teachers
14186,names followed by legal or political terms
14187,reviews and testimonials
14188,announcements of appointments and events
14189,Pennsylvania locations
14190,this followed by noun/phrase
14191,patches file or polymerase catalysis
14192,business services and solutions
14193,introduces explanations
14194,following specific tokens
14195,school bullying and social exclusion
14196,German language emphasis
14197,"issues, matters, and questions"
14198,food and breaks
14199,expands and grows
14200,programming language constructs
14201,mathematical notation and medieval arms
14202,Halfhill based
14203,mathematical symbols and numbers
14204,scientific and technical jargon
14205,old or previous versions
14206,mutual concepts and contrasts
14207,traumatic experiences
14208,centralized location
14209,programming language keywords
14210,file and resource loading
14211,Jark Matter or DRPAs
14212,scientific and technical terms
14213,Schmidt with citation numbers
14214,academic citations and papers
14215,consecutive verbs or modal verbs
14216,electing citizens
14217,UI buttons and navigation toggles
14218,take part / method summary
14219,programming and code terms
14220,turnere
14221,design and its purpose
14222,buyer requested
14223,photography and photoshoots
14224,key press
14225,"working fluid, electrical wire, spaceband, red cell, nervous system, copy number, stem cell, association football, serial port"
14226,optionalImportMessage
14227,code comments /*
14228,"before, service, associated with"
14229,custom overrides provider
14230,lists followed by respectively
14231,diet or control group
14232,building restrictions
14233,fitness and physical activity
14234,rape and sexual abuse
14235,noun followed by specific punctuation
14236,fitting more into less space
14237,areas of fields
14239,varying number
14240,alibi and conduct
14241,offensive comments and remarks
14242,explaining or clarifying phrase markers
14243,religious accounts of actions or figures
14244,emotional reactions and intensity
14245,"actually, indeed, specifically"
14246,whose / which
14247,"taxes, fees, and fines"
14248,replacement
14249,spread like wildfire
14250,finding best configurations or outcomes
14251,installing Linux and Ubuntu
14252,embedded electronics classes
14253,specifying purpose or recipient
14254,guidance and support
14255,"simultaneously, combined, integrated"
14256,currency and programming constructs
14257,public class declarations
14258,code identifiers
14259,the following word
14260,interaction between
14261,while coordinating clauses
14262,"after the, along with, other"
14263,introducing points in a list
14264,and finally / and this
14265,scientific equipment and measurements
14266,places and their functions
14267,lists or adds items
14268,leadership styles and management
14269,filling out forms and questionnaires
14270,physical textures and properties
14271,over time and distance
14272,code keywords and punctuation
14273,release or emission
14274,in addition to
14275,if condition or length check
14276,different languages
14277,the noun
14278,paths like /resources/
14279,same result
14280,user needs
14281,(d) )
14282,combative
14283,start of events and entities
14284,I or manifold followed by negative contexts
14285,package declarations
14286,installation and upgrades
14287,as if or as though
14288,"actor, actress, or creative professional"
14289,"therefore, thus, improved"
14290,foreign words and punctuation
14291,SQL commands and database systems
14292,numerical expressions
14293,linking things together
14294,because or other reasons
14296,conducting experiments and preparation
14297,"HSP, ph, or last names"
14298,legal terms and obligations
14300,air fryer cookbook
14301,national institutions and organizations
14302,"select, get, find methods"
14303,arrested in locations and times
14304,State v. Nguyen
14305,HTML tags and attributes
14306,SQL CREATE TABLE statements
14307,Java generics and type declarations
14308,quantities and numbers
14309,programming identifiers and structure
14310,plaintiff sustained damages
14311,pension and retirement finances
14312,dataset creation and usage
14313,foreign and technical terms
14314,scientific models and hypotheses
14315,authors and producers of works
14316,type or category
14317,function arguments or casts
14318,beach
14319,sea and maritime activities
14320,words following possessive 's'
14321,action verbs followed by objects
14322,economic consequences and harm
14323,calculate factors and divisors
14324,describing titles and phrases
14325,code handling personal data
14326,citations and years
14327,default value or setting
14328,land or property areas
14329,"storage locations, places, biological organs"
14330,of [concept]
14331,end of quote marks
14332,className attribute
14333,code snippets and links
14334,using syntax and imports
14335,chiefs and former roles
14336,removed or subtracted
14337,sentence start or phrase start
14338,tout and following words
14339,numbers and foreign words
14340,a + noun phrase
14342,detaching things
14343,Agile software development and testing
14344,the Mormon law
14345,First name then last name pairs
14346,world status
14347,staying
14348,consecutive occurrences or counts
14349,mathematical notation
14350,repairs and replacements
14351,verbs ending in ing
14352,mathematics and physics notation
14353,small-caps style attribute
14354,funded by
14355,supernatural powers and abilities
14356,mathematical symbols and multilingual words
14357,css position and display values
14358,mathematical symbols and variables
14359,water conditions and management
14360,places and regions
14361,document type and its identifier
14362,dedicated tunnel
14363,code keywords and identifiers
14364,"teach, give, award, loan"
14365,return nil or empty
14366,"extent of, level of, degree of"
14367,queue operations and waiting
14368,"decoding fields with `case`, `if`, `var`"
14369,invention relates to
14370,concerns about incidents or cases
14371,benefits to groups
14372,geometric shapes and vertices
14373,dental medicine
14374,I think
14375,divisibility and multiples
14376,". or , after certain words"
14377,sudden action or immediate result
14378,as to explanation or purpose
14379,Microsoft network paths
14380,technical terms and procedures
14381,commands starting with please
14382,public class definitions
14383,</p> <p></p>
14384,Japanese compound words
14385,showing groups on tours
14386,queuing and waiting
14387,early settlers and pioneers
14388,file size and type
14389,durability and resistance
14390,"configuration sequence, resin film, former spouse"
14391,"countingsections, schemes, scripts, volunteers, objects, jaws, points, chances"
14392,ordinary least
14393,absence of significant findings
14394,mathematical functions and mappings
14395,current state or progress
14396,list items after numbers/codes
14397,type 2 DM
14398,an followed by vowel
14399,sending acknowledgments or remote data
14400,"refugees, modern, $(X_n)$"
14401,third person pronouns
14402,years and dates
14403,street and road names
14404,hood status ship
14405,x followed by n or 0
14406,attentive and respectful communication
14407,subject followed by verb
14408,the word get
14409,mathematical terms and numbers
14410,multiple of
14411,mix and mixing
14412,"numbers, punctuation, and code"
14413,"next, neighbouring, parent, young group"
14414,"legal, vehicle, place, person, status, peak, helped"
14415,"was tall, saw defendant, scream next"
14416,read ebooks
14417,value and contribution
14418,INFO and WM
14419,agriculture and genetics
14420,movement after connectors
14421,processes and states
14422,from experience
14423,celebrity and technical terms
14424,"k, kola, debute, propencao, estatua"
14425,"code constructs (let, if, for)"
14426,our successful demonstrations
14427,nested structures
14428,Institut/Board/Centre followed by preposition
14429,food ingredients and preparations
14430,extracted from
14431,formulations and mixtures
14432,"manager, director, award"
14433,if..else if
14434,multi-lingual words and suffixes
14435,over and over
14437,handling or solving problems
14438,cozy fires and winter warmth
14439,specific technical or foreign words
14440,classification and metadata
14441,future events
14442,inserting transitional words
14443,"own worth, goals, truth, happy, world"
14444,direction of movement or data
14445,plot filenames and paths
14446,numbers with and
14447,phrases indicating comparison or status
14448,introducing contrast
14449,duration or time units
14450,de la
14451,words like these or this
14452,in/on followed by specific domains
14453,pass or touchdown
14454,dates and relative times
14455,systems analysis and structure
14456,known as
14457,point marker precursor zone
14458,@ Override annotations
14459,recently completed actions
14460,first / początku
14461,inflammatory signaling
14462,describing a situation or quality
14463,method return statements
14464,distinct sequences from PUFs
14465,"web interface, netbooks"
14466,if you want
14467,"names following ""named"""
14468,web api routes
14469,"guitarist, guard, absence"
14470,auxiliary verbs followed by past participles
14471,ignored or indifference
14472,torture and cruel treatment
14473,how [descriptor]
14474,scientific names and species
14475,the [noun/concept]
14476,Supreme Court legal decisions
14477,options and choices
14478,proper nouns and abbreviations
14479,place names followed by institutions
14480,adjective after article
14481,ternary operators and code constructs
14482,verb followed by preposition
14483,saliva formulation from spinach
14484,public void function declarations
14485,preceding certain words or punctuation
14486,"crime, trials, and attacks"
14487,"IDs, dates, and URLs"
14488,compiler directives and code patterns
14489,you followed by verbs
14490,function calls and operations
14491,definitions of functions and derivatives
14492,office staff organizations
14493,graduating with honors
14494,reported past actions or states
14495,lower-case
14496,this or such kind
14497,word pairings for common phrases
14498,"declarations, statements, officials, reports"
14499,food flavours and spice descriptions
14500,"eventually, then, later"
14501,too [adjective]
14502,equations and calculations
14503,specific nouns
14504,error handling and control flow
14505,closing code blocks
14506,programming contexts
14507,list items followed by punctuation
14508,Summer Olympics
14509,words describing scenery and dates
14510,USA locations and related entities
14511,Swiss and Switzerland
14512,cancel or delay
14513,object deserialization or parsing
14514,constructor parameters and initialization
14515,let me explain or project
14516,difference or similarity observed
14517,property taxation
14518,people who want or aspire
14519,names of companies and organizations
14520,her tonsils
14521,extremely positive adjectives
14522,words followed by actions
14523,"""today to"""
14524,"mathematical notations, words, and code"
14525,Map and map variations
14526,making clear and efficient
14527,select *
14528,"payment, withdrawal, energy"
14529,scientific and technical terms
14530,authors and citations
14531,football categories
14532,physical measurements and quantities
14533,academic or scholarly research
14534,"command, table, client, tier"
14535,sequence ending with punctuation
14536,public function
14537,late in the period
14538,located anatomical structures
14539,perfection and imperfection
14540,names and titles
14541,. then punctuation
14542,uuid
14543,football match outcomes
14544,we try to do
14545,force and strength
14546,legal arguments and outcomes
14547,programming return statements
14548,compiler flags and build scripts
14549,code and mathematics indices
14550,apology and forgiveness
14551,Galerkin method approximating space
14552,"Is, in, improve"
14553,select or selection
14554,three or five
14555,New York legal citations
14556,additive conjunctions
14557,research and studies
14558,mathematical citations and symbols
14559,"stiamo, stanno, đang"
14560,past and present tense verbs
14561,underscored variables or ui prefix
14562,DC to AC conversion
14563,test or detection
14564,"intmask, newThreads"
14565,date followed by numbers
14566,describing qualities or states
14567,possible to
14568,code parameters and data placeholders
14569,mathematical expressions and numbers
14570,in [context/location]
14571,earthly vs celestial
14572,code imports and includes
14573,script/href attributes
14574,"buy essential commodities, sleep apnoea, and another"
14575,code structure and punctuation
14576,fax numbers
14577,probability distributions and laws
14578,character and plot analysis
14579,indefinite article before noun
14580,exceptions and stack traces
14581,clinical trials
14582,dialogue responses
14583,unique identifiers
14584,quotation marks
14585,since a point in time
14586,within time or space
14587,the extent
14588,need or requirement
14589,academic research and projects
14590,"inside, without, content, or DNA"
14591,according to
14592,more specifically
14593,starting
14594,section headers
14595,determiners and articles
14596,code and scientific notation
14597,new term introduction
14598,this / that descriptor
14599,ngx_ function definitions
14600,multilingual content and technical terms
14601,"job, resources, solutions, cellular, authentication"
14602,identifying food items
14603,starting phrases
14604,Rick woke up
14605,HTML list items
14606,coordinates and labels
14607,numbers or comparisons
14608,origin and place of residence
14609,academic paper components
14610,geographical regions and directions
14611,no longer
14612,list 7
14613,phrases starting with All
14614,left punctuation
14615,programming language file paths
14616,sentence continuations
14617,"like, likes, liked"
14618,verbs indicating completed actions
14619,"properties, labels, and concentrations"
14620,next in sequence
14621,X and Y connections
14622,in a manner
14623,"tech, science, and programming contexts"
14624,catch up
14625,"apply, impose, inflict"
14626,fulfilled or needed outcomes
14627,one of
14628,continues reading or calculation
14629,code and technical terms
14630,opening quotes or specific formatting
14631,"state, lifespan, dimensions"
14632,mathematical definitions ending in braces
14633,previous studies and research
14634,legal arguments and outcomes
14635,number of
14636,groups of people or entities
14637,questions and conclusions on topics
14638,handling code exceptions and callbacks
14639,using or using to
14640,"foreign words for ""same"""
14641,states or implies actions
14642,in order
14643,weights and probabilities
14644,conditional outcomes
14645,changing conditions
14646,internet and wireless connectivity
14647,code and mathematical notation
14648,preposition + specific domain noun
14649,references to past time
14650,technical tasks or data analysis
14651,glyphicon and syscall
14652,"code, comments, and references"
14653,citations and article numbers
14654,code function/method declarations
14655,places to stay
14656,contrasting conjunctions
14657,times and dates
14658,XML parsing and serialization
14659,"every, all, any"
14660,off-site/on-site/cross/post/down
14661,size and quantity
14662,contract appeals
14663,reproductive processes
14664,acknowledging or helping others
14665,status or state
14666,supra shoes
14667,numbers and specific units
14668,"black people, Pacific peoples, Chinese dishes"
14669,video game industry
14670,legislative acts and abbreviations
14671,"impact, affect, effect, benefits"
14672,specific nouns followed by context
14673,occupations and roles
14674,domain qualifiers
14675,randomness and random selection
14676,"your outfit, their life, the work, stack Developer"
14677,"shall, should, appeal, counsel"
14678,async function definitions
14679,programming language keywords and constructs
14680,biological and chemical processes
14681,tell Cora or Mrs
14682,age and years old
14683,object method access
14684,cholinoceptive neurons and alleys
14685,special characters and symbols
14686,category-specific classification
14687,awards and roles
14688,"modal verb ""should"""
14689,cannot guarantee
14690,XML/code structure tags
14691,contrastive conjunctions
14692,scoring goals
14693,leasing and renting
14694,invention relates to
14695,Break schedule and options
14696,do again
14697,audiences and communities
14698,medical terms and programming constructs
14699,describing a state or quality
14700,escaping crime and congestion
14701,special followed by a noun
14702,haven't yet
14703,numbers and abbreviations
14704,both and or
14705,offers highly competitive accounts
14706,low or zero quantities
14707,code variable names
14708,"catalyst/oil, improve Si, anti-tumorogenic"
14709,"et, ou, and"
14710,Crime and slaves
14711,DNA and RNA transcription
14712,professions and job titles
14713,"me, myself, and I"
14714,promise or commitment
14715,quantified or specified
14716,status actions
14717,rules and conduct
14718,React component attributes
14719,times of day
14720,life 3
14721,but not
14722,top ten rankings
14723,database and request
14724,just before or just as
14725,"During Reconstruction, s contract"
14726,c/c++ preprocessor directives
14727,code comments and structure
14728,past significant events or advice
14729,technical code snippets `command` `id` `API` `Node`
14730,code structures or tags
14731,"fraudulent, false, or misleading statements"
14732,"respondents, research, traditional"
14733,sale and selling
14734,views from high places
14735,town and city governance
14736,guy that
14737,mathematical function notation for f and h
14738,io.dist
14739,code comments or markup
14740,next node in list
14741,financial and health topics
14742,citations to equations and figures
14743,found or placed
14744,"glycoprotein, stretching vibration, formulation"
14745,"dietary patterns, mixed diet"
14746,"""doing"" or ""to do"""
14747,art and depictions
14748,in phrases
14749,list creation and quantitative calculations
14750,shed light
14751,y coordinate assignments
14752,specific entities or technical terms
14753,saturation range
14754,Possessive and compound adjectives
14755,word endings
14756,try this or tried to
14757,access to
14758,take away food or trial court
14759,specific calculations and changes
14760,"custom, customize, customization"
14761,Super Meteor Break
14762,sunday morning
14763,states of being or duration
14764,"governments, laws, and jurisdictions"
14765,width and size specifications
14766,sending and receiving letters
14767,therefore consequences or conclusions
14768,in the
14769,state of the art will
14770,double [noun]
14771,orders and shipping
14772,journey or adventure
14773,conjunctions and prepositions
14774,"modulo, remainder, division"
14775,folder status and parameters
14776,donations of aid and services
14777,processes and calculations
14778,coins and banknotes
14779,programming keywords and functions
14780,ratio or proportion
14781,declarative statements or specific terms
14782,ultimate tensile stress
14783,"events, speakers, and discussions"
14784,"formerly, previously, currently, author"
14785,code and technical terms
14786,place names followed by nouns
14787,academic research
14788,"reports, findings, and official documentation"
14789,special characters and code
14790,is X completion
14791,Java `javax` code
14792,"and then, and ultimately, and also"
14793,animal adoption and care
14794,also indicating sameness
14795,"However, an, the, recent, most, JAK"
14796,year followed by parenthesis
14797,chemical reactions and compounds
14798,protocol codes and errors
14799,states of being or occurrence
14800,contractions
14801,numerical type checking
14802,tailor and adjust for outcome
14803,names ending in ice or ace
14804,legal and research documents
14805,specific names and technical terms
14806,positive sentiment
14807,business
14808,adjective followed by noun
14809,pronouns and proper nouns
14810,tableware and kitchen items
14811,concepts and principles
14812,initials and abbreviations
14813,"numbers, questions, and lists"
14814,say that
14815,nursing jobs USA
14816,United States
14817,Pride Offshore
14818,adding or adding to
14819,legitimately scare audiences
14820,yoga and meditation practices
14821,specific items and categories
14822,technical terms and contexts
14823,event entertainment gala
14824,announcements and news notifications
14825,numbers followed by units or years
14826,appointed to positions
14827,webpages and websites
14828,making definitive statements
14829,distance driven annually
14830,broad categories or ranges
14831,purchase or download options
14832,adverbs of manner
14833,"locations introduced by ""in"""
14834,guessing perhaps or maybe
14835,excited!!!!
14836,calling to inquire
14837,parsing and splitting strings
14838,after then
14839,and verb
14840,"type, method, and choices"
14841,field delimiters
14842,consequence of difficulty or inability
14843,price and market dynamics
14844,used as a tool
14845,degree intensifiers
14846,focus on specific things
14847,"financial, technical, or organizational terms"
14848,"technical, abstract, or foreign terms"
14849,equine and horse riding
14850,function or ability descriptions
14851,visual representation and its meaning
14852,code block syntax
14853,technical terms following prepositions
14854,numbers following titles
14855,financial guidance and revenue outlook
14856,"a, the followed by descriptive words"
14857,algebraic or numerical properties
14859,Middle East Arab geography
14860,discussing matters and issues
14861,"Shader, ( , : , CR, ~"
14862,a/an followed by a descriptive noun
14863,retromastoid tumor
14864,legal and official contexts
14865,brand names and related products
14866,oval followed by descriptors
14867,exactness or precision
14868,measuring and quantifying
14869,latex labels
14870,names and years
14871,code structures and markup
14872,"Add, and"
14873,departing out of or from
14874,scientific concepts and relationships
14875,place names and proper nouns
14876,enforced against
14877,born
14878,ties that bind
14879,dysfunctional conditions and issues
14880,mathematical notation with indices
14881,forms of learn about something
14882,making decisions
14883,The followed by specific noun
14884,mathematical expressions and code syntax
14885,of different words
14886,"belonged, loaned, confiscated, owned items"
14887,improvement and change
14888,groups and their members
14889,code and technical terms
14890,UI panels and layout controls
14891,Properties and Lists
14892,html attributes
14893,this is a
14894,"adapters, APIs, implementations"
14895,repeated Float
14896,past tense actions
14897,organizational departments and divisions
14898,understanding of law and theory
14899,reporting findings
14900,career and time periods
14901,also and pronouns
14902,modal verbs followed by state/action
14903,fiscal pronouncements
14904,convergence and search algorithms
14905,list separators or element comparisons
14906,stimulation patternsrecorded stimuli
14907,when necessary or appropriate
14908,"heated rear, folding bench, front end, hosts not"
14909,extraordinary opinions
14910,with change or association
14911,conventional video
14912,events and their outcomes
14913,current and updated
14914,titles or names following specific words
14915,professionals and departments
14916,web development and tech
14917,dates and times
14918,official approval or permission
14919,word sequences after specific words
14920,conjunctions and transitions
14921,"unfavorable strain, such transition"
14922,technical or programming terms
14923,hiding and concealment
14924,"JSON serialization, data structures"
14925,ordinal followed by noun
14926,"""AS IS"" EXPRESS OR IMPLIED"
14927,"needed, assumed, or hypothesized"
14928,introduce something
14929,team roster and personnel
14930,classification parameters
14931,error handling and return values
14932,contain
14933,"trigger, activation, or spark"
14934,is followed by a descriptor
14935,states of being or approximations
14936,in the
14938,translation
14939,action or process followed by outcome
14940,onReceive
14941,what is going on
14942,rubbing and touching body parts
14943,legal citations with numbers
14944,two-letter abbreviations
14945,recommend
14946,and or connecting items
14947,programming and chemical contexts
14948,official followed by noun
14949,documentation links
14950,meeting requirements and needs
14951,familiar concepts and phrases
14952,damage and repair
14953,problems and needs
14954,percentages and scores
14955,labels and values
14956,items upgrade
14957,event introductions and speakers
14958,linking verb 'to be'
14959,"implementation plan, glossary, period"
14960,ensure correctness or adequacy
14961,connecting list items
14962,mutually intertwined or equivalent
14963,section numbers
14964,"pores, moisturizing, skincares"
14965,"overall, nonetheless, nevertheless"
14966,quantified recent time periods
14967,indoors and outdoors
14968,consequence or conclusion across languages
14969,financial calculation amounts
14970,verb actions after prepositions
14971,qualities and states
14972,expert in fields and topics
14973,college graduation prospects
14974,frequency of events
14975,disturbing and revealing adjectives
14976,section headers
14977,choosing or making a choice
14978,variables and indices
14979,maintain or preserve integrity
14980,URLs and references
14981,and/or conjunctions
14983,will followed by verb
14984,profession or role in arts/sports
14985,numbers and punctuation
14986,inflammation and inflammatory conditions
14987,"accelerated, response, high speed"
14988,two and categorized items
14989,class/component definitions
14990,javadoc param and return annotations
14991,actions ending in ing
14992,words with y
14993,family and friends
14994,countries and states
14995,academic subjects
14996,old things and age
14997,technical terms and descriptions
14998,future projections and estimates
14999,name lists and initials
15000,HTML list items and options
15001,bombing and targeting of military objectives
15002,mathematical or scientific notation
15003,cooling
15004,what is / what was / who said
15005,arctic expeditions
15006,with it
15007,conjunctions connecting clauses
15008,code structure and technical terms
15009,programming operations on data structures
15010,"warns against, says is, want to"
15011,"successful relationships, affected people, embedded electronics, political situation, English literature, preventive health care"
15012,last names
15013,similarity or likeness
15014,hex bit flags and network codes
15015,is status reports
15016,context of subject verb agreement
15017,/public
15018,collect terms in expressions
15019,conditional compilation directives
15020,"lists, ingredients, persons"
15021,definitions or descriptions
15022,"contrary to, in contrast to"
15023,speed and knots
15024,"refused, resisted, told, obstructed"
15025,materials and items made from them
15026,software libraries and projects
15027,code delimiters and assignments
15028,in a state or situation
15029,android development
15030,vice versa
15031,skilful assistance
15032,citation year
15033,these
15034,linking word continuations
15035,parameters and values
15036,"."" followed by citation abbreviations"
15037,mining and resource exploration
15038,etiquette and manners
15039,handling tasks and information
15040,it keyword
15041,contrast and concession
15042,seeking or returning comments
15043,sentence start after period
15044,reserve the
15045,mathematical symbols and code
15046,their/ours/his/hers/yours
15047,defense counsel
15048,villainous intent or schemes
15049,allergic responses and IgE antibody
15050,RNA in biological contexts
15051,section headers
15052,before an event
15053,free to do
15054,analysis and measures
15055,"without, merely, simply, single"
15056,"his, imagination, lust, trying, lows, imperfections, traveling, boarding"
15057,conjunctions and punctuation
15058,opening quote marks
15059,code parsing
15060,absence or prevention
15061,questions about math and dates
15062,mathematical questions
15063,service requests and payments
15064,"engine, assembly, execution, materials, insects"
15065,sequences in the world
15066,between two
15067,(ANI) marker
15068,numbers and lists
15069,"sections, tables, links"
15070,time and space
15071,"Russia, Vladimir, Russian, Honduras"
15072,commit a crime
15073,minimize error or score
15074,new JLabel
15075,create or form
15076,not followed by verb or adjective
15077,using or with a preceding noun
15078,printed Fit and Flare
15079,back of
15080,academic and technical references
15081,"unit, cast, type"
15082,events and awards
15083,forms of to be verb
15084,prepositions followed by nouns
15085,questions and answers
15086,accept or admit
15087,pattern
15088,lists with delimiters
15089,control of systems
15090,much/far followed by comparatives
15091,scientific measurements or units
15092,causing disruption or destruction
15093,"both, two"
15094,networking and systems interfaces
15095,subject is located
15096,energy gained or heated
15097,patients with conditions
15098,legal citations and numbers
15099,returning false
15100,words with oo
15101,required or necessary
15102,second edition or revised printing
15103,two-step estimation
15104,depends on whether
15105,"Ortega, Fed, Absor, mol, SC"
15106,accusations of crimes and illegal acts
15107,and followed by descriptive phrase
15108,don't followed by verbs
15109,"figure references, image tags"
15110,words starting with un
15111,replacing or to replace
15112,if we were to
15113,magic tricks
15114,command line flags and options
15115,"ignore, forget, or abandon"
15116,around the site
15117,mistakes and unintended consequences
15118,including
15119,"prevalence, deficiency, doses"
15120,data mining and analysis
15121,only served to worsen
15122,exclusively limited
15123,sequence ending with punctuation
15124,script code snippets
15125,"hyphens, quotation marks, and parentheses"
15126,fasten and attach
15127,items placed down or removed
15128,divine will and love
15129,watching TV or cinema
15130,boolean true false
15131,things depend on
15132,the reason why
15133,automatic
15134,insert or create operations
15135,good fortune or relief
15136,news agency abbreviations
15137,transmitting information
15138,for loops with indices
15139,movie plot and characters
15140,evidence suggesting inference
15141,requirement that fraud shall
15142,introducing explanations
15143,describing situations and their outcomes
15144,Israeli Palestinian conflict
15145,archaic 'ſ' spellings
15146,biofilm formation and alcohol consumption
15147,numbers and statistical values
15148,flawed hardware
15149,Parameter
15150,. followed by sentence starter
15151,acknowledgment or transition before a new thought
15152,reporting observed facts
15153,Personendaten and personal data
15154,code closing punctuation
15155,Roman Catholic
15156,perpendicular to direction or axis
15157,information about specific entities
15158,backend core systems projects
15159,"""All"" followed by noun phrases"
15160,programming setup and descriptive phrases
15161,shift from past to present
15162,code attributes and values
15163,"row, rows, argv, span, furan, uint, displacement"
15164,sports teams and players
15165,SchwabingDartmouthDorsetKolkataHuddersfield
15166,significance and comparisons
15167,numbers and units of measurement
15168,mathematical notation with Greek letters
15169,years and dates
15170,special characters and context
15171,possessive pronouns followed by nouns
15172,and accompanying text
15173,this followed by a noun
15174,"Pakistan, defining formal statements"
15175,but also
15176,Java and C# code structures
15177,software and version compatibility
15178,type-2 diabetes or supplemental oxygen
15179,main/primary distinction
15180,medical and scientific contexts
15181,it provides
15182,appliance company than
15183,"on his, under the"
15184,LaTeX math characters followed by numbers
15185,after punctuation
15186,money and profits
15187,numerical range
15188,abstract qualities or meaning
15189,try to + verb
15190,output a variable
15191,hand-to-hand combat
15192,concepts of complexity
15193,metabolism and biosynthesis processes
15194,for loop iteration
15195, remains
15196,company names followed by 'has'
15197,exception is Tesla
15198,based hydrocarbons or fuels
15199,after his death
15200,laying hens
15201,kako you confirm account
15202,political policy and governance
15203,academic departments and fields
15204,Soviet postwar history
15205,virtual abstract methods
15206,efficacy and clinical trials
15207,saidexplainedverified
15208,"purpose, self, myself"
15209,prepositions followed by terms of place/concern
15210,the only
15211,parentheses and numbers
15212,quoted phrases or terms
15213,individuals in distress or need
15214,HTML table attributes and structure
15215,foreign language words
15216,xml and doctype declarations
15217,"spam, free, uk download"
15218,successful outcomes
15219,numbers following punctuation
15220,figure references
15221,deserialization from json
15222,African and French names
15223,leaving or ending
15224,code syntax and programming constructs
15225,preposition followed by article
15226,subjective descriptions or outcomes
15227,as ... well
15228,assignment or status declaration
15229,mathematical notation with ellipsis
15230,Singapore and Malaysian places
15231,distance measurement and estimation
15232,numerical counts of entities
15233,"variety of, such as"
15234,Navarro v. Pfizer
15235,car features and technology
15236,onto surfaces/materials
15237,code syntax and values
15238,market downturns
15239,legal citations and numbers
15240,closing braces and symbols
15241,and followed by adverbs
15242,months following dated
15243,hex codes and STATs
15244,money owed
15245,code comments or code blocks
15246,ideas and experimentation
15247,code and data structures
15248,scientific terms and conjunctions
15249,within a group
15250,products and brand names
15251,cut and subsequent words
15252,system mechanism
15253,inquiry into validity
15254,it is/has/can/will
15255,referring to precedents
15256,legal acts and legislation
15257,description of return values
15258,educational events and information
15259,person born with a date
15260,identifying variable names
15261,graves and burial sites
15262,vector space concepts
15263,health rules and behaviors
15264,setting non-white characters
15265,movement towards or into places
15266,concessive conjunctions
15267,numbers and equations
15268,"history, inventors, and facts"
15269,byte and char types
15270,US politicians and parties
15271,am I missing something or doing wrong
15272,closing braces and punctuation
15273,"X_2,X_5,X_4,X_6,X_7,X_8,Y"
15274,to create or develop
15275,programming syntax and symbols
15276,in order to
15277,"do not, never do"
15278,financial valuation
15279,of which
15280,citations and references
15281,references to sections
15282,numeric sequences and units
15283,saying or assuming something
15284,"aforementioned, aforesaid, above, mentioned"
15285,giving to someone
15286,"times, anxiety, replications"
15287,"Spaniards, Malaysians, Europeans"
15288,"code constructs, definitions, or technical terms"
15289,examine and analyze information
15290,troubleshooting and technical procedures
15291,JavaScript code involving `Incoming`
15292,exception handling in code
15293,closure trick
15294,preprocessor directives and code comments
15295,HTML documents and structure
15296,making things work
15297,colleagues and previous associations
15298,tire components
15299,compound words or specific terms
15300,end of sentence punctuation
15301,as described or indicated
15302,custom element registry
15303,limitation or restriction
15304,is a
15305,redis commands and database contexts
15306,trusts him / them
15307,a followed by adjective or noun
15308,"boring, dull, or uninteresting"
15309,scoring achievements and familial relationships
15310,value and code expressions
15311,birth and death dates
15312,connecting to databases
15313,mathematical expressions with indices
15314,timing completion
15315,now or recently
15316,guests present at events
15317,words followed by punctuation
15318,scaling collapses
15319,evolution and adaptation
15320,find equations that require solving for a variable
15321,senior advisory leadership roles
15322,petition and advocacy
15323,legal and medical contexts
15324,dairy products and yogurt
15325,intersystem crossing and intervals
15326,legal and technical terms
15327,shooting percentages
15328,numbers and quantities
15329,simply actions
15330,data-label attribute
15331,numbers in citations
15332,begins editing
15333,positive evaluations of places and services
15334,programming tests and commands
15335,peak counts
15336,conjunctions and adverbs
15337,movement and direction
15338,past tense verbs followed by prepositions
15339,qualities of systems or concepts
15340,invention for a purpose
15341,increasing demand and states
15342,describes tactical advantage or change
15343,date occurrences
15344,"surface, countertops, flooring"
15345,marriage
15346,"conjunctions, connectives, or adverbs"
15347,absence or omission
15348,mkern followed by ern
15349,"programming constructs like `(`, `name`, `option`"
15350,#define constants
15351,negative connotation
15352,finding solutions and debugging
15353,followed by numbers and commas
15354,"command execution, operations"
15355,conditional statements
15356,"introducing or defining terms using ""call"" and ""denote"""
15357,wishing or desired outcome
15358,renovate and restore
15359,prepositions followed by articles or evidence
15360,ages in years
15361,consumer purchasing and media habits
15362,by [agent or means]
15363,list or collection
15364,demos and programming
15365,numbers followed by punctuation
15366,captions and descriptions
15367,"convo, code syntax"
15368,book series and trilogies
15369,delegation annexation committee discovery site
15370,combining things
15371,suggesting or proposing
15372,banning and prohibition
15373,measurements and units
15374,macro function call `X()`
15375,action or inaction
15376,scientific publications and relationships
15377,time stamps and common phrases
15378,indicating similarity or sameness
15379,lists and numbered items
15380,java imports and special characters
15381,formatting or identifiers
15382,legal citations and numbers
15383,superconducting effects and mechanisms
15384,end of sentence or list
15385,negative outcomes
15386,"occasional meal, disease launches"
15387,read failed
15388,education
15389,"Uchu Sentai Kyuranger, titles, foreign languages"
15390,numbers and symbols
15391,cell growth and biological factors
15392,ready or later
15393,structured delimiters
15394,meaningful lasting reform
15395,"professionalism, accountability associated with public figures"
15396,addressing issues and problems
15397,German tuning fraternity
15398,zero and none
15399,in the case of
15400,closing delimiters
15401,drug education and prevention
15402,I live
15403,lack of
15404,foreign words and punctuation
15405,"explain how, statute in, profit to"
15406,positive descriptive adjectives
15407,research
15408,mathematical expressions
15409,data types
15410,love and romance
15411,quantifying relationships
15412,found or discovered
15413,describing states or qualities
15414,until a condition is met
15415,pronouns followed by actions
15416,"possessive nouns or ""its,"" ""you,"" ""user"""
15417,lists within clauses
15418,social contexts and issues
15419,scientific and medical terms
15420,names and titles
15421,durability and lifespan
15422,review from
15424,Idaho court cases
15425,technical identifiers and sources
15426,"code syntax, chinese characters, punctuation"
15427,wireless identification technology
15428,sizing and fit
15429,processes and states
15430,additional data
15431,auction listings
15432,descriptive phrases about specific entities
15433,biographical information about people
15434,"spatio, phase, comparison"
15435,legal claims and disclosure requests
15436,code imports and declarations
15437,"public health, education, services"
15438,whose describing entities
15439,search queries
15440,code structures and assignments
15441,mathematical formulas and code
15442,international law and human rights violations
15443,configuration and object manipulation
15444,how to do something effectively
15445,html head meta tags
15446,prepositions
15447,compound nouns and phrases
15448,adverbs of possibility and auxiliary verbs
15449,"block heater, cheesesteak, fuel cell, thermal compression, nurse managers, Schleswig-Holstein, chemical formulas, United States inventions, rigid clusters"
15450,figures and medical citations
15451,is/was/are followed by descriptions
15452,mathematical expressions and code
15453,mutual agreement or joint action
15454,legal and financial terms
15455,before and after
15456,ultimate best
15457,history and records
15458,cumulative totals
15459,copyright notice or code comment
15460,homemade / made by hand
15461,"way to, place for, his citizenship"
15462,no competing interests
15463,origin and origins
15464,circular shapes and forms
15465,author's thoughts and opinions
15466,tourist visit
15467,long term
15468,state and condition expressed
15469,date and number
15470,software versions
15471,taxonomy of viruses and animal immunology
15472,introductions and descriptions
15473,adjective and adjective
15474,variable declarations
15475,corporate employee roles
15476,broadcast television and radio
15477,print and reference information
15478,computational expressions
15479,legal entities or transactional roles
15480,"variable declarations, code, and technical terms"
15481,places and locations
15482,"its, welches, яке, которое"
15483,any or exceptions
15484,"campy, silly, exaggerated"
15485,"dans, in, and en prepositions"
15486,positive sentiment intensification
15487,code syntax completion
15488,different reason
15489,"see, notice, find"
15490,"French ""de"" or ""du"""
15491,its own
15492,Brinkoetter and suffixes
15493,minimize at 0
15494,leaving or departure
15495,intervention clinics
15496,punctuation and special characters
15497,"bedroom house, upstairs"
15498,"religion, church, prayer"
15499,code keywords
15500,out of place
15501,whatever you do
15502,time durations and sequences
15503,König interaction-driven
15504,works fine
15505,"for Palmerston, weakness of, mixed and"
15506,and
15507,closing parenthesis
15508,data transformation and scaling
15509,foreign words and figures
15510,stating possibilities or clarity
15511,greater than or equal to
15512,"crypto, security, BIO functions"
15513,introducing new points or contrasts
15514,introduces reasons
15515,testified before
15516,to follow verbs
15517,list options
15518,out in / out of
15519,african and black discussions
15520,mathematical delta symbol
15521,return false
15522,units of time and duration
15523,code structure delimiters
15524,introducing a point
15525,code or technical terms
15526,responsibility and duty
15527,software views and venues
15528,xml and json structures
15529,"written, physical, or oral information formats"
15530,special characters and punctuation
15531,actions or evaluations
15532,direct or directly
15533,replaced or subsequent actions
15534,accepts individuals ofa
15535,code parsing and programming constructs
15536,titles and roles
15537,organization leaders
15538,macro calls with arguments
15539,creative works and titles
15540,losing scores
15541,legal rules and entities
15542,"from, by, to, in"
15543,supply and its distribution
15544,my resume
15545,similar or likewise statements
15546,dates and weekly occurrences
15547,legal citations and courts
15548,scientific citations
15549,".com, privacy, channel"
15550,"low, high, fixed, avoided, different"
15551,preparing instructions or orders
15552,ending punctuation or emoticons
15553,Hungarian or technical terms
15554,style attribute
15555,"resulting, consequently, subsequently"
15556,legal citation
15557,contractions ending in n't
15558,dividing into smaller parts
15559,introduces lists or categories
15560,URLs and technical terms
15561,news announcements
15562,a + descriptor
15563,HTML tags and input fields
15564,"k, ek, MK, hk, pk, FK, HK, Sk, Dok, cM, Ck, kinase"
15565,"parameters, configurations, or types"
15566,change and deviation
15567,toward the end
15568,hiring people
15569,"real, big, burden"
15570,closing punctuation and code blocks
15571,weeks and percentages
15572,dates with slashes or hyphens
15573,programming constructs and identifiers
15574,code constructors and literals
15575,specific domains and services
15576,contrasting or alternative options
15577,days of the week
15578,"Packers, Wine, LONDON, Palmer"
15579,code structure and names
15580,names and punctuation
15581,"over metamorphosis, {P}"
15582,"funeral, deceased, obituary"
15583,"Fatty Crab, Canisius College, David Duke, Visual Studio"
15584,lists of options or categories
15585,my name is
15586,explanation or discussion with reference
15587,"lists, includes, excludes"
15588,others
15589,"percentages, fractions, units"
15590,physical paths and connections
15591,names following the
15592,questions starting with why
15593,specific nouns and terms
15594,staff and members
15595,size and change
15596,operation failure
15597,reporting verbs followed by quotes
15598,in vitro laboratory studies
15599,roles followed by actions
15600,parenting and motherhood experiences
15601,"chemical compounds, oxide, sulfide, salts"
15602,google protocol buffer registry
15603,code and documentation snippets
15604,days of the week
15605,viruses and infections
15606,CPL_
15607,states and provinces
15608,legal contexts
15609,code comments and international characters
15610,do not worry
15611,import javax
15612,writer);
15613,Irish locations and organizations
15614,manipulate for convenience
15615,diverse identifiers and terms
15616,"directory, buffer, value"
15617,Filipino people and places
15618,of the a that
15619,proper nouns and abbreviations
15620,proportion or percentage
15621,laundry and clothes
15622,quantum science and innovation
15623,based on
15624,enlightening documentary
15625,"volume units (ml, l, L)"
15626,extending and generalizing
15627,website and site
15628,situation
15629,technical terms and lists
15630,hosting and organising events
15631,mathematical expressions with digits
15632,non-english words
15633,relative or apparent qualifiers
15634,unique or rare comparison
15635,initials and punctuation in citations
15636,performance evaluation and suitability
15637,"Several studies, factors, regions"
15638,months of the year
15639,specific prepositional phrases
15640,if statement condition
15641,allegedly claimed supposed
15642,"immediately, quickly, or urgently"
15643,outdoor living spaces
15644,specific cases
15645,technical jargon and compound nouns
15646,structure and arrangement
15647,system interfaces and network protocols
15648,numerical string parsing
15649,possessive pronouns and family
15650,position or relation
15651,observing or noting something
15652,Javier Hernández Carrera
15653,underline or foreign language texts
15654,actor tax problems and sports
15655,legal citations and references
15656,"medical, tech, legal"
15657,academic or institutional affiliation
15658,description of relationships
15659,town names ending in mena
15660,crafting themes
15661,similarity and imitation
15662,understanding societal context
15663,hiking trails and pathways
15664,enter a
15665,actions followed by them
15666,beginning of phrases
15667,range of data description
15668,shark sightings
15669,"nonetheless proved, I arrived, to generate, is preferred"
15670,code snippets or abbreviations
15671,gastrointestinal and intestinal
15672,conjunctions and discourse markers
15673,numbers and conjunctions
15674,uſed pleasure
15675,"toxicity, overdose, handling"
15676,mathematical notation with brackets
15677,children's life events
15678,on the other hand. inter alia. let alone. among others
15679,punctuation and conjunctions
15680,agricultural and farming activities
15681,code elements
15682,pro se and probability
15683,same [diverse noun]
15684,"advice, obligation, or recommendation"
15685,error codes and sysinfo
15686,numbers after quotes
15687,floating point and layout
15688,respiration chamber
15689,than those
15690,constructor calls (`this(...)`)
15691,programming languages and file extensions
15692,error and exceptions
15693,code structure delimiters
15694,names of people and publications reporting
15695,superlative comparisons
15696,used as or for
15697,forest park
15698,hexadecimal bitmasks
15699,male pronouns and possessives
15700,level or higher education
15701,in various forms
15702,generated code
15703,costs of prosecution/repairs
15704,military service and status
15705,:
15706,'s'
15707,co- followed by a word
15708,programming imports and includes
15709,eventually later
15710,"separators like comma, semicolon, or closing tags"
15711,pronouns followed by verbs
15712,conclusive statements
15713,complete or including
15714,medical and scientific terms
15715,"abbreviations, codes, and mathematical terms"
15716,how something acts
15717,attorney-client privilege
15718,specific tokens followed by common completions
15719,culture
15720,verbs ending in ing
15721,locations and lists
15722,request and thanks
15723,"factors, characteristics, and variables"
15724,first occurrence
15725,times and circumstances
15726,valid status check
15727,miniature armies and toy figures
15728,strong sentiment on stock
15729,sentence end punctuation
15730,catch blocks
15731,legal proceedings and trials
15732,initialisms and abbreviations
15733,links and alongside
15734,German words and punctuation
15735,have and conditions
15736,evidence or signs
15737,sigmoidal infectivity
15738,for its own sake
15739,U.S. citations
15740,Magento admin shopping product
15741,closing punctuation
15742,discrete choice planning optimization problems
15743,citations and numbers
15744,possessive pronoun followed by noun
15745,feelings and emotions
15746,any quantifier or choice
15747,Holstein from Austria
15748,special characters and foreign words
15749,closing punctuation)
15750,stream closing or reading
15751,mathematical notation/code
15752,biography journey advice explains dissected
15753,living people categories
15754,lack or absence
15755,stay or remain somewhere
15756,journal cites with volume numbers
15757,heat and temperature
15758,WEBSITE WRITE move lifecycle HOST ref
15759,points in time and states
15760,"explaining, stating, pointing out"
15761,counting values
15762,expressing urgent needs or requirements
15763,counts and statistics
15764,"thinking of, update's, side, locate, rule applies, user wants"
15765,Mathematical and symbolic expressions
15766,"non-, multi-, anti-, un- prefixes"
15767,"my, your, our possessive pronouns"
15768,URLs
15769,Vietnam and its species
15770,network port configuration
15771,merging and transferring
15772,"offers, answer, prospects, perspective"
15773,court or personal opinions
15774,previously or currently noted states
15775,spoken and written words
15776,initialisms and acronyms
15777,announcements and declarations
15778,street addresses and names
15779,"balance, collaboration, community"
15780,certain words or punctuation marks
15781,Appeals of Contract
15782,drug addiction and substance abuse
15783,commands and instructions
15784,citations and author names
15785,ability to perform an action
15786,setting forth explanations
15787,works for developers
15788,"misrepresent, lie, estimate wrong"
15789,bread and carbs
15790,pronoun subject followed by verb
15791,mathematical and typographical symbols
15792,hyphenated words or phrases
15793,not attended
15794,the + person or entity
15795,"odd, irregular numbers"
15796,not always have
15797,of the
15798,contribution
15799,years and citations
15800,whenever there’s
15801,executing or signing contracts
15802,linking verbs followed by adjectives
15803,development of
15804,traditional advertising and sales
15805,about something causing concern
15806,food and service
15807,"one, 1"
15808,control group percentages
15809,file format identifiers
15810,mathematical results and questions
15811,reducing greenhouse emissions
15812,place names or abbreviations
15813,foreign names and greetings
15814,and or alternatives
15815,entities that
15816,"word ""project"""
15817,e.g. and i.e
15818,this review of recent trends
15819,case foreign UNassim
15820,describes qualities or states
15821,wanted to design or create
15822,related subjects or topics
15823,verbs and nouns initiating descriptions
15824,JSON file parsing and conversion
15825,numbers to numbers or numbers
15826,demonstrate or illustrate findings
15827,suicide and suicidal ideation
15828,financial calculations
15829,questions and requests for information
15830,deviations from norm
15831,academic citations and abbreviations
15832,geographical place names
15833,technical references and multilingual terms
15834,accused of corruption
15835,the definition
15836,"""quote,"" name said"
15837,business sectors
15838,fiscal terms and amounts
15839,mathematical expressions involving greek letters
15840,poll include
15841,franchise continuations and events
15842,mouth and related oral health
15843,"health, insurance, and risk factors"
15844,"confront challenge, essential to"
15845,take to describe
15846,time duration length period
15847,"groups, accelerated, matter, location, List"
15848,same properties
15849,connection strings
15850,scientific journals and mathematics
15851,contract procurement bidding
15852,"connecting ""And"""
15853,people and their conditions
15854,occupations and specific items
15855,stream data loading
15856,caution or warning
15857,Shrine of
15858,game play
15859,source of
15860,mathematical expressions and code
15861,Instagram posts and pictures
15862,all of the
15863,explaining or discussing specific details
15864,"manner, ways, fashion, terms, levels"
15865,legal and technical contexts
15866,remote notification constraint Rad
15867,technical terms and names
15868,siblings and sisters
15870,punctuation followed by transitional words or code delimiters
15871,conveniently drop off
15872,"world, history, Finland, humankind, receiver, year"
15873,code structures and programming contexts
15874,int dummy
15875,possessive pronouns
15876,stating an argument
15877,group belonging
15878,commission history
15879,medical and research studies
15880,superscripts and mathematical notation
15881,expressing preference
15882,and or followed by another word
15883,actions taken upon requests
15884,patent numbers and citations
15885,"Russian, DDT, Grand Prix"
15886,hiring professionals
15887,post bail or cast votes
15888,concepts and issues
15889,"tendency, trend, pattern, characteristic"
15890,to achieve or help accomplish
15891,ever seen or heard
15892,both contrasting pairs
15893,is the state or nature of
15894,quantities of time
15895,after don
15896,sequentially or again
15897,codes and identifiers
15898,background art or introduction
15899,added or incorporated
15900,printing out information
15901,lists of descriptive words
15902,regions where
15903,I statements
15904,start/end of actions
15905,time spent managing tasks
15906,"distribution, stability, procedure, sources"
15907,subjects and obligations
15908,you see
15909,pronouns followed by verbs
15910,"temporary, transient, one-time"
15911,"county, state, town"
15912,switch case
15913,"child, parent relationships in code"
15914,tell or instruct
15915,private
15916,hearing information or sounds
15917,"site is, next consider"
15918,gap and mismatch
15919,subject of serious matters
15920,real estate listings and car features
15921,assertions and checks
15922,closing parentheses and semicolons
15923,new Runnable or Listener
15924,take followed by certain words
15925,citations referencing pone
15926,punctuation and symbols
15927,key-value pairs or assignments
15928,code snippets and data processing
15929,installation and related words
15930,play or playing
15931,high-tech age world
15932,"its, ownership"
15933,ships and vessels
15934,missed opportunities or items
15935,"hotels, cafes, restaurants"
15936,Cartan scheme indices
15937,travel and journeys
15938,items listed or described
15939,"leisure, rest, and exercise activities"
15940,scientific formulas math symbols
15941,historical events commemoration
15942,shell commands and system calls
15943,being unique or excluded
15944,"respectively, etc"
15945,defining abstract concepts
15946,legal citations with numbers
15947,waste and consumption
15948,LaTeX and JavaScript code snippets
15949,after punctuation
15950,official statements and news
15951,naming or designating something
15952,couple diagnoses
15953,scientific and economic data
15954,programming syntax elements
15955,leadership and management actions
15956,equinox in
15957,realization or awakening
15958,used to form past participles or passive voice
15959,get bill partial
15960,customer service and satisfaction
15961,"Bell, TIME, pageant, blog, Receipt"
15962,strong emotional evaluations
15963,introducing a condition or time
15964,mathematical equations and code
15965,official accreditation and certification
15966,"depends upon, measured by, hinges on"
15967,web page element access
15968,the whole business
15969,electrical conductivity and resistance
15970,books or texts
15971,numbers followed by asterisks
15972,now followed by a new idea
15973,indicates or suggests proof or testament
15974,yii framework dependencies
15975,events occurring or concluding
15976,"trousers, pants, jeans, legs"
15977,both... and
15978,Serving professional services
15979,"citations, lists, or specific formats"
15980,code blocks `{}`
15981,West and directional terms
15982,reproductive and gynecological health
15983,citations and definitions
15984,i= or j=
15985,code tokens and symbols
15986,to [verb]
15987,source code comments
15988,"acronyms, names, or code snippets"
15989,"as Election, as well, as it, then machine"
15990,numbers with seven
15991,"processing, associated, or affection"
15992,code and math contexts
15993,urinary continence and elimination
15994,JavaScript ending punctuation
15995,South Atlantic region
15996,few and rarely
15997,latest news and information
15998,array alignment specifiers
15999,bullet points and lists
16000,will be
16001,.prototype or of
16002,our collective voice
16003,technical specific nouns
16004,we followed by verbs
16005,small-caps formatting for names
16006,describes a state
16007,clothing features and fit
16008,months followed by numbers
16009,programming constructs and technical terms
16010,image links from markdown
16011,external links
16012,"i, my, myself"
16013,is involved
16014,greatest common divisor
16015,only Republican
16016,"health, science, and technical procedures"
16017,sponsored and supported by
16018,introducing statements with This
16019,funded by
16020,your / yourself / yourselves
16021,statistical significance or comparison
16022,coping with adversity and problems
16023,"consumers, customers, fans, voters"
16024,recipes and adapted examples
16025,numeric sequences and scientific terms
16026,code or programming contexts
16027,verbs for creation or modification
16028,legal and technical terms
16029,emotions and circumstances
16030,language: spanish or portuguese
16031,a followed by a descriptor
16032,names and places
16033,award wins
16034,awarded or featured in media
16035,declaring variables and data structures
16036,nine
16037,company expansion and headquarters
16038,reporting study findings
16039,lines and layers
16040,"repairing damage, wounds, and defects"
16041,acronyms followed by related nouns
16042,concentration of
16043,measures of sufficiency
16044,graph nodes like (Y3)
16046,events and programmes organised
16047,"pronoun ""it"" or ""its"""
16048,code assertions
16049,academic and formal vocabulary
16050,comparing to previous or baseline
16051,looking back or past events
16052,technical and contextual words
16053,future children
16054,drawbacks and requirements
16055,setting its variables
16056,"Of course, naturally, consequently"
16057,past passive voice
16058,"finding information, developing relationships, experiencing issues"
16059,Norge and Norwegian places
16060,duration or length
16061,"second one, six, adjusted"
16062,how much/long/many
16063,destroyed or destruction
16064,first-person statements
16065,mathematical operations or code
16066,laboratory methods and assays
16067,phone numbers and contact info
16068,comparisons and aspects
16069,prepositions followed by pronouns or articles
16070,Verſ Monfieur unſ myſelf
16071,academic paper section headers
16072,every item
16073,code snippets or technical terms
16074,associations between
16075,"pre-emptive war, administration, applied"
16076,phrases followed by explanations
16077,function definitions and code blocks
16078,sealed packaging
16079,government agency or organizational entity
16080,made it
16081,husband and wife
16082,glad when/that
16083,fishing where the fish are
16084,mathematical notation and code elements
16085,Phaser graphics
16086,free pc games
16087,millions and billions
16088,defeated by someone
16089,variable declaration
16090,support and stability
16092,closing code blocks and concepts
16093,"numbers, punctuation, and letters"
16094,acknowledging and thanking
16095,java packages and class names
16096,citations with numbers and punctuation
16097,code structure and technical terms
16098,indicates failure
16099,start of quotes
16100,correlation kernel
16101,ISRAEL exists as a COUNTRY
16102,public static C# code
16103,of the
16104,questions about what to do
16105,mathematical calculations and division
16106,alone
16107,introducing additional information
16108,bake or dessert preparation
16109,"extra, unusual, or deviating from normal"
16110,non-english words
16111,long integers and related types
16112,conjunctions followed by nouns or verbs
16113,"of promoting, only guilty"
16114,disadvantages and limitations
16115,team sports
16116,mathematical explanation or fact
16117,pronouns followed by actions
16118,special characters or symbols
16119,scientific publications and data
16120,"command operations like delete, create, list"
16121,economic stimulus and taxes
16122,discussing morals and intent
16123,contractions
16124,"much of, much less, much like"
16125,Australia and NSW contexts
16126,location names
16127,"two, three, four"
16128,specific places or venues
16129,template type declarations or spacing
16130,spelled that right
16131,consuming food or other things
16132,mathematical and programming expressions
16133,mkern sequences
16134,ending punctuation followed by sentence starters
16135,picking letters from sets
16136,abstract nouns followed by 'of'
16137,"medical/biological terms, citations"
16138,"quantifiers: all, any, each, forall, different"
16139,numbers and punctuation
16140,mental and psychological concepts
16141,care for older individuals
16142,temporal inquiries and deadlines
16143,figure and table references
16144,"temporal markers like next, late, end"
16145,objective and objectively
16146,programming identifiers
16147,legal citations
16148,damages or other liability
16149,paper citation markers
16150,"programming keywords like Apex, uint, float"
16151,message content and context
16152,visitor pattern code
16153,numbers and quantities
16154,neighbor or counterpart
16155,field-defining terms
16156,string splitting and matching
16157,injury to body part
16158,hypothesized or observed change
16159,express code and legal forms
16160,creating new lists or collections
16161,alone/seuls/seules and technical terms
16163,act as or act like
16164,emojis and animals
16165,rural farm words
16166,identifying specific types
16167,biological and chemical processes
16168,account management actions
16169,names and scientific terms
16170,special symbols and numbers
16171,sentence ending punctuation
16172,download or loading files
16173,scientific and historical terms
16174,number of countable items
16175,possessive s followed by word
16176,code method calls or assertions
16177,names and numbers
16178,names followed by verbs
16179,machines and devices
16180,fund and finance
16181,obligations and tasks
16182,code completion and nil values
16183,including geographical locations
16184,calculating differences in weights
16185,model .h class IICBase bus addr string name
16186,attracting customers and business growth
16187,Cli and following statements
16188,seasonally variable
16189,numbers and identifiers
16190,citations and technical terms
16191,noun phrases and descriptors
16192,programming code endings
16193,descriptive words followed by nouns
16194,order and sorting
16195,plants with medicinal properties
16196,introducing another item
16197,class inheritance definitions
16198,name identifying labels
16199,sweets and desserts
16200,named vehicles
16201,pronoun followed by verb
16202,variable type assignments
16203,phone numbers and dna sequences
16204,"family, or refer"
16205,"transition words, introductory phrases"
16206,Azerbaijan or Baku
16208,local file paths and code
16209,serve as
16210,differentiable function
16211,code or programming constructs
16212,options and selections
16213,automatic processes
16214,variable assignment or declaration
16215,"people, places, or categories"
16216,photographs and photography
16217,air conditioning fluids and lubricants
16218,automatic positioning
16219,**72**
16220,"new song, novel, musical"
16221,of followed by noun
16222,code delimiters and keywords
16223,inflexible strict
16224,"vocoder, voice and encoder explanation"
16225,"names, reputations, facts"
16226,not satisfy
16227,mathematical sequences or formulas
16228,zero or empty
16229,announcements and news
16230,method or way to achieve
16231,environmental descriptors
16232,actions taken to ensure outcomes
16233,"promotion, updates, new, accessories, collection"
16234,medical treatment
16235,corruption and influence
16237,programming contexts with pronouns
16238,presence of not
16239,lists of numbered items
16240,error handling and control flow
16241,percentages and proportions
16242,"residential apartments, housing units"
16243,mathematical formulas with numbers
16244,"cookie, session, storage"
16245,"third, thirty, 3"
16246,Change PA delimit
16247,criticism or criticized
16248,German compound nouns
16249,hexadecimal numbers and codes
16250,javascript build scripts
16251,distinct data items
16252,actions completed or stopped
16253,places in A to Z
16254,"techniques, formation, example, Kitan"
16255,he ... will/would/has
16256,points in time
16257,introducing a statement
16258,in a case or situations
16259,public class/function declarations
16260,numbers and units like mm
16261,foreign language or code snippets
16262,proper smooth morphism
16263,simulation results show performance
16264,get or show information
16265,"mods, plugins, custom scripts"
16266,countries and wars
16267,numbers three or 3
16268,supported and available
16269,to more or larger
16270,code syntax contexts
16271,time after an event
16272,responded or retorted
16273,of followed by punctuation or article
16274,the followed by noun
16275,splitting into
16276,US places and entities
16277,z sequences
16278,finding thus therefore
16279,unlock
16280,proofs and theorems
16281,scoring action or result
16282,introducing contrast or exception
16283,"informing, telling, persuading, or leading people"
16284,for details or summaries
16285,React component JobCard
16286,code structure
16287,"you, who questions"
16288,a champion
16289,after followed by events or years
16290,"functionality, process, or solution"
16291,Appearance and style
16292,"lambda, feature, condition, u, ingredients"
16293,legal requirements and regulations
16294,physics and spacetime
16295,enjoyment
16296,technology brands and names
16297,dance training and choreography
16298,maven code and build
16299,On December or on the
16300,abbreviations and codes
16301,understanding and comprehension
16302,assumption / assumptions
16303,lack of desired outcome
16304,days of week and dates
16305,initials with followed by numbers or names
16306,noun followed by state verb
16307,titles and names
16308,"carcinoma, thickness, contact, LEWIS"
16309,analysis structure
16310,mathematical symbols and code
16311,code field names and properties
16313,types of components and devices
16314,both
16315,first pro defeat
16316,currency symbols and codes
16317,number or code identifiers
16318,business clients and projects
16319,code elements and specific phrases
16320,social status and sophistication
16321,package declarations
16322,graphical model components
16323,static method declarations
16324,Id. citations
16325,conduct himself / do all / lots of
16326,"numbers, assignments, and specific terms"
16327,hindrances and obstacles
16328,describing states or ongoing actions
16329,simplest way
16330,specific editions and versions
16331,sales counts and rates
16332,website addresses and links
16333,comma then we
16334,visual descriptions and movement
16335,structured data keys
16336,questions and answers
16337,keys and values
16338,getting info and variables
16339,calibration and requirements
16340,is followed by a definition
16341,"if, health, problem, right"
16343,symbols and code
16344,yes
16345,energy and fuel consumption
16346,no doubt
16347,approaching an outcome
16348,* genes and symbols
16350,just or simply followed by a verb
16351,split aligned equations
16352,methods and techniques
16353,code structure and keywords
16354,if/when followed by that
16355,child or children
16356,programming terms and actions
16357,penetration into subsurface and internal structures
16358,foreign language words
16359,neighbors and onlookers
16360,interface and surface
16361,"ERROR, BUILD, FIELDS context"
16362,congratulations and code snippets
16363,enabling/allowing users
16364,updating something
16365,subjects of reports and books
16366,code following definitions
16367,restriction and precision
16368,descriptive adjectives usually ending in ous
16369,physical or biological entities
16370,possessive or relative pronouns
16371,savvy advice
16372,a followed by specific nouns
16373,confirmation
16374,welcoming words
16375,"cell differentiation, plasticity, and types"
16376,listing items with and
16377,sizeof ( structure size )
16378,precaution and uncertainty
16379,is not / was not
16380,based on
16381,to which
16382,code structures and data
16383,names followed by contextual words
